date	close
1988-01-04	11.835149
1988-01-05	11.962275
1988-01-06	11.974294
1988-01-07	12.075070
1988-01-08	11.258694
1988-01-11	11.449151
1988-01-12	11.353460
1988-01-13	11.372876
1988-01-14	11.376111
1988-01-15	11.662721
1988-01-18	11.654863
1988-01-19	11.536983
1988-01-20	11.227259
1988-01-21	11.250835
1988-01-22	11.406621
1988-01-25	11.672891
1988-01-26	11.554549
1988-01-27	11.545766
1988-01-28	11.726515
1988-01-29	11.902180
1988-02-01	11.811574
1988-02-02	11.841159
1988-02-03	11.685835
1988-02-04	11.694156
1988-02-05	11.645617
1988-02-08	11.561484
1988-02-09	11.684911
1988-02-10	11.915586
1988-02-11	11.883226
1988-02-12	11.966898
1988-02-16	12.071835
1988-02-17	12.044098
1988-02-18	11.983540
1988-02-19	12.155968
1988-02-22	12.346425
1988-02-23	12.318689
1988-02-24	12.294650
1988-02-25	12.162440
1988-02-26	12.203582
1988-02-29	12.457372
1988-03-01	12.455522
1988-03-02	12.469853
1988-03-03	12.465230
1988-03-04	12.439805
1988-03-07	12.445352
1988-03-08	12.543354
1988-03-09	12.529024
1988-03-10	12.286330
1988-03-11	12.338104
1988-03-14	12.405596
1988-03-15	12.394964
1988-03-16	12.521627
1988-03-17	12.632573
1988-03-18	12.628412
1988-03-21	12.517930
1988-03-22	12.523014
1988-03-23	12.526713
1988-03-24	12.267839
1988-03-25	12.052419
1988-03-28	12.032079
1988-03-29	12.126844
1988-03-30	12.033928
1988-03-31	12.072296
1988-04-04	11.945634
1988-04-05	12.060278
1988-04-06	12.386181
1988-04-07	12.417153
1988-04-08	12.570167
1988-04-11	12.605299
1988-04-12	12.661696
1988-04-13	12.671404
1988-04-14	12.121297
1988-04-15	12.122223
1988-04-18	12.096797
1988-04-19	12.037164
1988-04-20	11.953491
1988-04-21	11.967361
1988-04-22	12.141176
1988-04-25	12.252122
1988-04-26	12.324698
1988-04-27	12.320537
1988-04-28	12.265065
1988-04-29	12.205894
1988-05-02	12.219299
1988-05-03	12.291415
1988-05-04	12.168450
1988-05-05	12.104193
1988-05-06	12.046409
1988-05-09	12.013588
1988-05-10	12.065825
1988-05-11	11.864273
1988-05-12	11.890160
1988-05-13	12.028381
1988-05-16	12.124996
1988-05-17	11.975218
1988-05-18	11.788923
1988-05-19	11.848093
1988-05-20	11.869359
1988-05-23	11.768582
1988-05-24	11.895707
1988-05-25	11.910039
1988-05-26	11.951181
1988-05-27	11.898943
1988-05-31	12.311293
1988-06-01	12.525326
1988-06-02	12.461993
1988-06-03	12.515617
1988-06-06	12.546590
1988-06-07	12.461069
1988-06-08	12.759698
1988-06-09	12.702377
1988-06-10	12.752764
1988-06-13	12.762010
1988-06-14	12.897919
1988-06-15	12.905316
1988-06-16	12.685735
1988-06-17	12.729188
1988-06-20	12.648753
1988-06-21	12.777265
1988-06-22	12.964948
1988-06-23	12.925655
1988-06-24	12.885437
1988-06-27	12.664932
1988-06-28	12.819795
1988-06-29	12.757387
1988-06-30	12.876192
1988-07-01	12.798529
1988-07-05	12.992222
1988-07-06	12.813785
1988-07-07	12.802691
1988-07-08	12.719943
1988-07-11	12.746293
1988-07-12	12.619168
1988-07-13	12.688509
1988-07-14	12.734274
1988-07-15	12.818408
1988-07-18	12.746755
1988-07-19	12.651526
1988-07-20	12.723179
1988-07-21	12.566005
1988-07-22	12.417153
1988-07-25	12.476325
1988-07-26	12.502212
1988-07-27	12.377860
1988-07-28	12.543817
1988-07-29	12.827653
1988-08-01	12.840135
1988-08-02	12.837823
1988-08-03	12.882663
1988-08-04	12.842446
1988-08-05	12.808238
1988-08-08	12.756925
1988-08-09	12.600214
1988-08-10	12.383870
1988-08-11	12.425936
1988-08-12	12.416691
1988-08-15	12.239639
1988-08-16	12.330246
1988-08-17	12.340416
1988-08-18	12.353821
1988-08-19	12.317303
1988-08-22	12.166138
1988-08-23	12.171685
1988-08-24	12.363067
1988-08-25	12.271536
1988-08-26	12.298349
1988-08-29	12.428710
1988-08-30	12.438880
1988-08-31	12.392191
1988-09-01	12.243338
1988-09-02	12.536420
1988-09-06	12.590968
1988-09-07	12.604375
1988-09-08	12.605761
1988-09-09	12.656149
1988-09-12	12.639045
1988-09-13	12.685735
1988-09-14	12.775415
1988-09-15	12.719943
1988-09-16	12.840135
1988-09-19	12.753690
1988-09-20	12.801765
1988-09-21	12.824879
1988-09-22	12.778190
1988-09-23	12.805926
1988-09-26	12.773567
1988-09-27	12.744906
1988-09-28	12.784199
1988-09-29	12.952004
1988-09-30	12.920107
1988-10-03	12.901617
1988-10-04	12.867409
1988-10-05	12.926117
1988-10-06	12.951543
1988-10-07	13.222898
1988-10-10	13.230756
1988-10-11	13.216426
1988-10-12	13.028742
1988-10-13	13.087913
1988-10-14	13.102706
1988-10-17	13.146623
1988-10-18	13.288540
1988-10-19	13.173897
1988-10-20	13.454959
1988-10-21	13.492403
1988-10-24	13.428609
1988-10-25	13.434619
1988-10-26	13.390241
1988-10-27	13.195161
1988-10-28	13.255719
1988-10-31	13.279757
1988-11-01	13.290852
1988-11-02	13.290852
1988-11-03	13.300097
1988-11-04	13.173434
1988-11-07	13.066186
1988-11-08	13.127207
1988-11-09	13.043073
1988-11-10	13.063413
1988-11-11	12.787898
1988-11-14	12.784199
1988-11-15	12.814709
1988-11-16	12.601601
1988-11-17	12.639508
1988-11-18	12.732424
1988-11-21	12.721330
1988-11-22	12.768481
1988-11-23	12.855389
1988-11-25	12.775415
1988-11-28	12.846145
1988-11-29	12.957090
1988-11-30	13.090687
1988-12-01	13.033828
1988-12-02	13.004242
1988-12-05	13.156330
1988-12-06	13.285305
1988-12-07	13.311654
1988-12-08	13.237228
1988-12-09	13.264040
1988-12-12	13.240926
1988-12-13	13.232143
1988-12-14	13.184991
1988-12-15	13.135990
1988-12-16	13.233068
1988-12-19	13.358807
1988-12-20	13.290390
1988-12-21	13.286229
1988-12-22	13.262192
1988-12-23	13.321363
1988-12-27	13.271899
1988-12-28	13.284380
1988-12-29	13.397175
1988-12-30	13.319050
1989-01-03	13.204869
1989-01-04	13.405496
1989-01-05	13.434156
1989-01-06	13.465592
1989-01-09	13.482233
1989-01-10	13.453573
1989-01-11	13.532160
1989-01-12	13.587632
1989-01-13	13.624152
1989-01-16	13.637096
1989-01-17	13.608897
1989-01-18	13.751740
1989-01-19	13.769768
1989-01-20	13.757287
1989-01-23	13.657436
1989-01-24	13.851592
1989-01-25	13.884413
1989-01-26	14.007839
1989-01-27	14.110464
1989-01-30	14.169174
1989-01-31	14.293987
1989-02-01	14.277807
1989-02-02	14.273186
1989-02-03	14.280119
1989-02-06	14.245449
1989-02-07	14.419726
1989-02-08	14.373037
1989-02-09	14.251920
1989-02-10	14.061926
1989-02-13	14.093823
1989-02-14	14.062389
1989-02-15	14.180731
1989-02-16	14.208466
1989-02-17	14.306931
1989-02-21	14.269949
1989-02-22	14.026331
1989-02-23	14.085040
1989-02-24	13.847893
1989-02-27	13.885799
1989-02-28	13.938037
1989-03-01	13.857600
1989-03-02	13.996282
1989-03-03	14.055916
1989-03-06	14.234816
1989-03-07	14.190901
1989-03-08	14.201532
1989-03-09	14.200145
1989-03-10	14.150220
1989-03-13	14.269487
1989-03-14	14.261629
1989-03-15	14.336517
1989-03-16	14.470576
1989-03-17	14.145135
1989-03-20	14.011538
1989-03-21	14.079954
1989-03-22	14.039275
1989-03-23	13.966235
1989-03-27	14.052218
1989-03-28	14.102143
1989-03-29	14.139125
1989-03-30	14.149295
1989-03-31	14.263015
1989-04-03	14.340215
1989-04-04	14.294450
1989-04-05	14.339753
1989-04-06	14.293987
1989-04-07	14.384131
1989-04-10	14.383668
1989-04-11	14.450699
1989-04-12	14.475199
1989-04-13	14.350847
1989-04-14	14.591231
1989-04-17	14.609721
1989-04-18	14.819132
1989-04-19	14.874142
1989-04-20	14.827915
1989-04-21	14.993409
1989-04-24	14.951804
1989-04-25	14.860273
1989-04-26	14.871830
1989-04-27	15.000342
1989-04-28	15.003579
1989-05-01	14.982776
1989-05-02	14.937936
1989-05-03	14.942558
1989-05-04	14.932388
1989-05-05	14.929153
1989-05-08	14.857500
1989-05-09	14.826989
1989-05-10	14.857500
1989-05-11	14.914360
1989-05-12	15.249972
1989-05-15	15.368775
1989-05-16	15.335030
1989-05-17	15.442277
1989-05-18	15.467703
1989-05-19	15.627186
1989-05-22	15.667405
1989-05-23	15.489429
1989-05-24	15.531497
1989-05-25	15.536581
1989-05-26	15.659083
1989-05-30	15.538893
1989-05-31	15.610545
1989-06-01	15.682660
1989-06-02	15.856013
1989-06-05	15.688670
1989-06-06	15.800539
1989-06-07	15.932750
1989-06-08	15.923043
1989-06-09	15.925817
1989-06-12	15.905476
1989-06-13	15.792681
1989-06-14	15.789445
1989-06-15	15.606846
1989-06-16	15.668792
1989-06-19	15.697453
1989-06-20	15.667405
1989-06-21	15.629960
1989-06-22	15.768642
1989-06-23	15.996545
1989-06-26	15.937835
1989-06-27	16.027979
1989-06-28	15.901777
1989-06-29	15.602686
1989-06-30	15.522251
1989-07-03	15.587431
1989-07-05	15.658159
1989-07-06	15.704850
1989-07-07	15.868956
1989-07-10	15.976204
1989-07-11	16.059876
1989-07-12	16.110726
1989-07-13	16.117198
1989-07-14	16.211502
1989-07-17	16.242474
1989-07-18	16.190238
1989-07-19	16.404270
1989-07-20	16.295636
1989-07-21	16.412592
1989-07-24	16.306730
1989-07-25	16.318287
1989-07-26	16.523537
1989-07-27	16.719080
1989-07-28	16.727400
1989-07-31	16.923867
1989-08-01	16.816156
1989-08-02	16.847592
1989-08-03	16.874403
1989-08-04	16.836496
1989-08-07	17.108777
1989-08-08	17.112474
1989-08-09	16.997368
1989-08-10	17.063473
1989-08-11	16.895206
1989-08-14	16.818930
1989-08-15	16.900753
1989-08-16	16.950217
1989-08-17	16.891970
1989-08-18	16.969632
1989-08-21	16.709834
1989-08-22	16.737570
1989-08-23	16.909537
1989-08-24	17.244223
1989-08-25	17.197533
1989-08-28	17.282130
1989-08-29	17.174882
1989-08-30	17.215099
1989-08-31	17.254393
1989-09-01	17.371348
1989-09-05	17.315875
1989-09-06	17.153617
1989-09-07	17.110626
1989-09-08	17.130965
1989-09-11	17.083351
1989-09-12	17.136051
1989-09-13	16.977028
1989-09-14	16.865157
1989-09-15	16.958999
1989-09-18	17.041746
1989-09-19	17.040360
1989-09-20	17.036662
1989-09-21	17.001529
1989-09-22	17.068096
1989-09-25	16.936811
1989-09-26	16.942358
1989-09-27	16.980726
1989-09-28	17.155928
1989-09-29	17.184589
1989-10-02	17.270110
1989-10-03	17.466114
1989-10-04	17.578448
1989-10-05	17.580296
1989-10-06	17.670440
1989-10-09	17.720828
1989-10-10	17.688007
1989-10-11	17.583069
1989-10-12	17.504021
1989-10-13	16.433393
1989-10-16	16.889658
1989-10-17	16.807373
1989-10-18	16.836959
1989-10-19	17.101843
1989-10-20	17.103691
1989-10-23	16.990896
1989-10-24	16.935424
1989-10-25	16.878564
1989-10-26	16.656672
1989-10-27	16.515217
1989-10-30	16.518451
1989-10-31	16.785646
1989-11-01	16.827252
1989-11-02	16.702437
1989-11-03	16.660833
1989-11-06	16.419525
1989-11-07	16.535094
1989-11-08	16.701050
1989-11-09	16.628012
1989-11-10	16.757448
1989-11-13	16.786109
1989-11-14	16.711220
1989-11-15	16.838346
1989-11-16	16.843430
1989-11-17	16.896130
1989-11-20	16.786571
1989-11-21	16.798591
1989-11-22	16.913234
1989-11-24	17.017246
1989-11-27	17.106003
1989-11-28	17.116635
1989-11-29	17.009388
1989-11-30	17.127730
1989-12-01	17.359329
1989-12-04	17.405556
1989-12-05	17.317724
1989-12-06	17.266874
1989-12-07	17.220646
1989-12-08	17.275196
1989-12-11	17.276120
1989-12-12	17.434680
1989-12-13	17.485530
1989-12-14	17.395386
1989-12-15	17.352858
1989-12-18	17.038049
1989-12-19	16.977952
1989-12-20	16.997368
1989-12-21	17.093984
1989-12-22	17.234053
1989-12-26	17.207241
1989-12-27	17.306630
1989-12-28	17.399085
1989-12-29	17.539154
1990-01-02	17.851189
1990-01-03	17.805425
1990-01-04	17.659807
1990-01-05	17.487841
1990-01-08	17.568278
1990-01-09	17.361178
1990-01-10	17.246996
1990-01-11	17.307554
1990-01-12	16.883187
1990-01-15	16.738032
1990-01-16	16.924791
1990-01-17	16.759297
1990-01-18	16.798128
1990-01-19	16.846667
1990-01-22	16.412592
1990-01-23	16.473611
1990-01-24	16.107490
1990-01-25	16.203643
1990-01-26	16.191162
1990-01-29	16.164350
1990-01-30	16.058489
1990-01-31	16.361741
1990-02-01	16.349722
1990-02-02	16.458356
1990-02-05	16.516141
1990-02-06	16.413053
1990-02-07	16.620152
1990-02-08	16.581784
1990-02-09	16.622463
1990-02-12	16.451885
1990-02-13	16.503660
1990-02-14	16.554047
1990-02-15	16.698740
1990-02-16	16.595189
1990-02-20	16.360354
1990-02-21	16.344637
1990-02-22	16.248022
1990-02-23	16.174982
1990-02-26	16.405195
1990-02-27	16.487480
1990-02-28	16.572538
1990-03-01	16.616916
1990-03-02	16.756985
1990-03-05	16.673314
1990-03-06	16.884111
1990-03-07	16.835572
1990-03-08	17.001991
1990-03-09	16.892433
1990-03-12	16.930338
1990-03-13	16.797666
1990-03-14	16.841582
1990-03-15	16.902140
1990-03-16	17.094446
1990-03-19	17.176268
1990-03-20	17.079653
1990-03-21	16.988122
1990-03-22	16.785646
1990-03-23	16.862384
1990-03-26	16.893357
1990-03-27	17.087513
1990-03-28	17.112937
1990-03-29	17.052379
1990-03-30	17.011699
1990-04-02	16.952528
1990-04-03	17.202618
1990-04-04	17.082427
1990-04-05	17.064860
1990-04-06	17.033889
1990-04-09	17.099069
1990-04-10	17.134201
1990-04-11	17.126805
1990-04-12	17.249309
1990-04-16	17.271034
1990-04-17	17.268261
1990-04-18	17.070870
1990-04-19	16.939121
1990-04-20	16.790732
1990-04-23	16.588718
1990-04-24	16.555434
1990-04-25	16.640955
1990-04-26	16.688107
1990-04-27	16.497650
1990-04-30	16.587331
1990-05-01	16.664069
1990-05-02	16.776864
1990-05-03	16.836496
1990-05-04	16.986736
1990-05-07	17.099531
1990-05-08	17.179967
1990-05-09	17.226195
1990-05-10	17.277044
1990-05-11	17.692167
1990-05-14	17.838708
1990-05-15	17.816056
1990-05-16	17.805886
1990-05-17	17.830386
1990-05-18	17.839170
1990-05-21	18.012061
1990-05-22	18.043957
1990-05-23	18.087874
1990-05-24	18.045806
1990-05-25	17.861359
1990-05-29	18.171082
1990-05-30	18.182178
1990-05-31	18.204366
1990-06-01	18.303294
1990-06-04	18.520563
1990-06-05	18.484504
1990-06-06	18.400833
1990-06-07	18.310228
1990-06-08	18.086950
1990-06-11	18.241810
1990-06-12	18.475723
1990-06-13	18.408229
1990-06-14	18.307917
1990-06-15	18.308841
1990-06-18	18.005589
1990-06-19	18.087411
1990-06-20	18.119308
1990-06-21	18.188649
1990-06-22	17.934398
1990-06-25	17.787395
1990-06-26	17.775376
1990-06-27	17.931163
1990-06-28	18.058289
1990-06-29	18.081403
1990-07-02	18.158602
1990-07-03	18.197895
1990-07-05	17.974155
1990-07-06	18.112837
1990-07-09	18.169696
1990-07-10	18.017146
1990-07-11	18.256604
1990-07-12	18.469250
1990-07-13	18.564016
1990-07-16	18.650924
1990-07-17	18.578809
1990-07-18	18.412852
1990-07-19	18.468787
1990-07-20	18.281104
1990-07-23	17.964446
1990-07-24	17.988948
1990-07-25	18.055977
1990-07-26	17.997730
1990-07-27	17.876153
1990-07-30	17.987098
1990-07-31	18.023618
1990-08-01	17.992645
1990-08-02	17.791093
1990-08-03	17.458719
1990-08-06	16.942820
1990-08-07	16.970556
1990-08-08	17.149457
1990-08-09	17.234053
1990-08-10	17.014935
1990-08-13	17.188749
1990-08-14	17.219260
1990-08-15	17.254393
1990-08-16	16.868856
1990-08-17	16.637256
1990-08-20	16.675163
1990-08-21	16.339551
1990-08-22	16.070509
1990-08-23	15.588818
1990-08-24	15.814870
1990-08-27	16.325221
1990-08-28	16.326146
1990-08-29	16.472224
1990-08-30	16.193935
1990-08-31	16.394562
1990-09-04	16.425535
1990-09-05	16.491640
1990-09-06	16.292863
1990-09-07	16.442639
1990-09-10	16.360354
1990-09-11	16.333080
1990-09-12	16.409355
1990-09-13	16.211502
1990-09-14	16.119510
1990-09-17	16.168511
1990-09-18	16.219823
1990-09-19	16.118123
1990-09-20	15.861097
1990-09-21	15.852777
1990-09-24	15.517166
1990-09-25	15.705774
1990-09-26	15.543053
1990-09-27	15.337804
1990-09-28	15.596677
1990-10-01	16.054790
1990-10-02	16.068659
1990-10-03	15.884674
1990-10-04	15.950778
1990-10-05	15.890683
1990-10-08	15.991459
1990-10-09	15.565242
1990-10-10	15.325321
1990-10-11	15.073844
1990-10-12	15.306831
1990-10-15	15.473712
1990-10-16	15.254132
1990-10-17	15.246735
1990-10-18	15.603149
1990-10-19	15.947544
1990-10-22	16.065886
1990-10-23	15.943845
1990-10-24	15.956327
1990-10-25	15.833362
1990-10-26	15.558771
1990-10-29	15.417315
1990-10-30	15.532883
1990-10-31	15.530110
1990-11-01	15.687283
1990-11-02	15.935987
1990-11-05	16.096396
1990-11-06	15.948468
1990-11-07	15.662320
1990-11-08	15.752464
1990-11-09	16.073744
1990-11-12	16.367751
1990-11-13	16.277144
1990-11-14	16.419988
1990-11-15	16.247559
1990-11-16	16.257729
1990-11-19	16.371911
1990-11-20	16.165737
1990-11-21	16.203643
1990-11-23	16.156491
1990-11-26	16.234153
1990-11-27	16.321985
1990-11-28	16.314590
1990-11-29	16.236465
1990-11-30	16.534170
1990-12-03	16.641879
1990-12-04	16.760684
1990-12-05	16.944207
1990-12-06	16.901677
1990-12-07	16.834648
1990-12-10	16.896130
1990-12-11	16.776864
1990-12-12	16.969632
1990-12-13	16.927103
1990-12-14	16.797666
1990-12-17	16.757448
1990-12-18	16.965471
1990-12-19	16.974255
1990-12-20	16.970094
1990-12-21	17.053766
1990-12-24	16.971481
1990-12-26	17.021406
1990-12-27	16.890120
1990-12-28	16.917394
1990-12-31	16.994595
1991-01-02	16.800902
1991-01-03	16.567915
1991-01-04	16.526773
1991-01-07	16.243862
1991-01-08	16.216125
1991-01-09	16.041847
1991-01-10	16.198096
1991-01-11	16.234616
1991-01-14	16.097320
1991-01-15	16.161575
1991-01-16	16.288240
1991-01-17	16.896130
1991-01-18	17.117097
1991-01-21	17.057002
1991-01-22	16.915546
1991-01-23	17.014010
1991-01-24	17.252543
1991-01-25	17.319574
1991-01-28	17.320961
1991-01-29	17.315875
1991-01-30	17.578909
1991-01-31	17.734697
1991-02-01	17.690317
1991-02-04	17.976003
1991-02-05	18.136412
1991-02-06	18.488666
1991-02-07	18.414239
1991-02-08	18.563092
1991-02-11	19.048480
1991-02-12	18.892231
1991-02-13	19.078066
1991-02-14	18.830749
1991-02-15	19.084537
1991-02-19	19.103028
1991-02-20	18.883910
1991-02-21	18.875127
1991-02-22	18.915345
1991-02-25	19.005026
1991-02-26	18.778049
1991-02-27	19.034149
1991-02-28	19.003176
1991-03-01	19.180691
1991-03-04	19.127991
1991-03-05	19.512604
1991-03-06	19.484867
1991-03-07	19.473310
1991-03-08	19.426620
1991-03-11	19.329081
1991-03-12	19.178379
1991-03-13	19.414602
1991-03-14	19.359591
1991-03-15	19.364214
1991-03-18	19.287938
1991-03-19	19.003176
1991-03-20	19.072518
1991-03-21	19.003176
1991-03-22	19.058650
1991-03-25	19.183002
1991-03-26	19.518614
1991-03-27	19.469613
1991-03-28	19.463140
1991-04-01	19.264824
1991-04-02	19.691504
1991-04-03	19.664230
1991-04-04	19.716004
1991-04-05	19.487178
1991-04-08	19.659144
1991-04-09	19.395648
1991-04-10	19.374383
1991-04-11	19.607369
1991-04-12	19.751138
1991-04-15	19.795978
1991-04-16	20.130202
1991-04-17	20.277667
1991-04-18	20.174581
1991-04-19	19.954075
1991-04-22	19.786732
1991-04-23	19.828799
1991-04-24	19.881961
1991-04-25	19.700750
1991-04-26	19.690580
1991-04-29	19.415989
1991-04-30	19.509367
1991-05-01	19.766392
1991-05-02	19.778873
1991-05-03	19.795978
1991-05-06	19.771478
1991-05-07	19.637880
1991-05-08	19.699824
1991-05-09	19.955925
1991-05-10	19.568076
1991-05-13	19.626786
1991-05-14	19.360978
1991-05-15	19.204266
1991-05-16	19.396572
1991-05-17	19.416913
1991-05-20	19.415526
1991-05-21	19.577785
1991-05-22	19.622163
1991-05-23	19.558831
1991-05-24	19.695664
1991-05-28	19.934198
1991-05-29	19.979038
1991-05-30	20.197695
1991-05-31	20.351169
1991-06-03	20.265186
1991-06-04	20.250856
1991-06-05	20.112635
1991-06-06	20.037747
1991-06-07	19.818629
1991-06-10	19.780261
1991-06-11	19.913858
1991-06-12	19.683644
1991-06-13	19.736807
1991-06-14	19.980425
1991-06-17	19.868093
1991-06-18	19.789043
1991-06-19	19.606445
1991-06-20	19.624012
1991-06-21	19.745590
1991-06-24	19.400271
1991-06-25	19.385940
1991-06-26	19.435866
1991-06-27	19.582869
1991-06-28	19.418762
1991-07-01	19.772864
1991-07-02	19.749288
1991-07-03	19.540802
1991-07-05	19.583332
1991-07-08	19.785808
1991-07-09	19.691966
1991-07-10	19.672550
1991-07-11	19.736807
1991-07-12	19.908773
1991-07-15	20.024342
1991-07-16	19.980425
1991-07-17	19.962396
1991-07-18	20.181976
1991-07-19	20.121881
1991-07-22	20.053464
1991-07-23	19.872253
1991-07-24	19.832036
1991-07-25	19.954538
1991-07-26	19.954075
1991-07-29	20.074267
1991-07-30	20.264724
1991-07-31	20.323895
1991-08-01	20.288763
1991-08-02	20.294771
1991-08-05	20.191685
1991-08-06	20.493087
1991-08-07	20.498173
1991-08-08	20.436227
1991-08-09	20.327131
1991-08-12	20.380292
1991-08-13	20.465351
1991-08-14	20.482917
1991-08-15	20.454257
1991-08-16	20.260563
1991-08-19	19.785808
1991-08-20	19.942057
1991-08-21	20.528682
1991-08-22	20.568438
1991-08-23	20.717754
1991-08-26	20.708045
1991-08-27	20.671063
1991-08-28	20.862444
1991-08-29	20.854124
1991-08-30	20.805123
1991-09-03	20.635469
1991-09-04	20.522211
1991-09-05	20.479220
1991-09-06	20.477370
1991-09-09	20.457030
1991-09-10	20.252704
1991-09-11	20.280904
1991-09-12	20.399708
1991-09-13	20.202779
1991-09-16	20.326668
1991-09-17	20.313725
1991-09-18	20.389538
1991-09-19	20.422359
1991-09-20	20.445010
1991-09-23	20.340075
1991-09-24	20.442237
1991-09-25	20.399708
1991-09-26	20.379368
1991-09-27	20.348395
1991-09-30	20.457030
1991-10-01	20.528682
1991-10-02	20.479220
1991-10-03	20.279517
1991-10-04	20.119108
1991-10-07	20.028963
1991-10-08	20.091834
1991-10-09	19.887970
1991-10-10	20.085824
1991-10-11	20.136674
1991-10-14	20.401557
1991-10-15	20.642403
1991-10-16	20.737168
1991-10-17	20.691404
1991-10-18	20.721914
1991-10-21	20.592015
1991-10-22	20.476908
1991-10-23	20.482455
1991-10-24	20.330829
1991-10-25	20.286451
1991-10-28	20.571675
1991-10-29	20.680308
1991-10-30	20.758432
1991-10-31	20.732084
1991-11-01	20.672913
1991-11-04	20.635006
1991-11-05	20.562891
1991-11-06	20.634543
1991-11-07	20.836096
1991-11-08	20.802349
1991-11-11	20.814369
1991-11-12	21.007599
1991-11-13	21.045043
1991-11-14	21.033486
1991-11-15	20.264261
1991-11-18	20.409879
1991-11-19	20.102465
1991-11-20	20.056238
1991-11-21	20.137598
1991-11-22	19.935585
1991-11-25	19.898603
1991-11-26	20.037285
1991-11-27	19.965632
1991-11-29	19.896754
1991-12-02	20.232365
1991-12-03	20.213873
1991-12-04	20.168109
1991-12-05	20.026653
1991-12-06	20.117721
1991-12-09	20.076578
1991-12-10	20.064097
1991-12-11	20.053927
1991-12-12	20.258714
1991-12-13	20.414039
1991-12-16	20.414500
1991-12-17	20.325744
1991-12-18	20.365038
1991-12-19	20.314187
1991-12-20	20.555032
1991-12-23	21.074629
1991-12-24	21.221170
1991-12-26	21.515177
1991-12-27	21.607169
1991-12-30	22.068519
1991-12-31	22.172068
1992-01-02	22.181776
1992-01-03	22.292721
1992-01-06	22.228466
1992-01-07	22.199805
1992-01-08	22.236787
1992-01-09	22.212286
1992-01-10	22.078688
1992-01-13	22.038933
1992-01-14	22.363912
1992-01-15	22.383328
1992-01-16	22.247881
1992-01-17	22.283938
1992-01-20	22.150804
1992-01-21	21.953412
1992-01-22	22.245570
1992-01-23	22.077301
1992-01-24	22.105038
1992-01-27	22.082850
1992-01-28	22.084237
1992-01-29	21.840156
1992-01-30	21.909034
1992-01-31	21.759258
1992-02-03	21.804560
1992-02-04	22.043093
1992-02-05	22.051414
1992-02-06	22.056037
1992-02-07	21.915044
1992-02-10	22.068981
1992-02-11	22.070830
1992-02-12	22.251580
1992-02-13	22.069443
1992-02-14	22.012583
1992-02-18	21.741691
1992-02-19	21.789305
1992-02-20	22.091633
1992-02-21	21.961733
1992-02-24	22.010272
1992-02-25	21.919204
1992-02-26	22.180852
1992-02-27	22.102265
1992-02-28	22.040783
1992-03-02	22.034773
1992-03-03	22.063434
1992-03-04	21.876674
1992-03-05	21.727361
1992-03-06	21.621037
1992-03-09	21.666803
1992-03-10	21.759719
1992-03-11	21.607169
1992-03-12	21.599772
1992-03-13	21.704708
1992-03-16	21.735219
1992-03-17	21.908110
1992-03-18	21.884996
1992-03-19	21.920128
1992-03-20	22.000565
1992-03-23	21.926601
1992-03-24	21.871590
1992-03-25	21.810107
1992-03-26	21.829060
1992-03-27	21.596075
1992-03-30	21.574348
1992-03-31	21.612253
1992-04-01	21.641840
1992-04-02	21.443061
1992-04-03	21.500845
1992-04-06	21.726435
1992-04-07	21.324257
1992-04-08	21.133338
1992-04-09	21.464326
1992-04-10	21.661717
1992-04-13	21.758332
1992-04-14	22.096255
1992-04-15	22.304741
1992-04-16	22.293184
1992-04-20	21.979762
1992-04-21	21.985772
1992-04-22	21.961733
1992-04-23	22.057887
1992-04-24	21.921054
1992-04-27	21.894241
1992-04-28	21.933535
1992-04-29	22.089321
1992-04-30	22.246957
1992-05-01	22.117520
1992-05-04	22.363449
1992-05-05	22.362988
1992-05-06	22.362525
1992-05-07	22.330166
1992-05-08	22.341722
1992-05-11	22.482717
1992-05-12	22.366223
1992-05-13	22.376393
1992-05-14	22.200267
1992-05-15	22.047717
1992-05-18	22.202579
1992-05-19	22.394885
1992-05-20	22.343572
1992-05-21	22.193795
1992-05-22	22.275155
1992-05-26	22.140634
1992-05-27	22.182239
1992-05-28	22.430017
1992-05-29	22.355591
1992-06-01	22.468387
1992-06-02	22.270994
1992-06-03	22.330628
1992-06-04	22.261750
1992-06-05	22.273768
1992-06-08	22.269608
1992-06-09	22.101341
1992-06-10	21.950176
1992-06-11	22.047254
1992-06-12	22.086547
1992-06-15	22.115671
1992-06-16	22.011659
1992-06-17	21.684831
1992-06-18	21.615490
1992-06-19	21.762031
1992-06-22	21.747701
1992-06-23	21.782371
1992-06-24	21.782833
1992-06-25	21.744927
1992-06-26	21.768502
1992-06-29	22.066207
1992-06-30	22.023216
1992-07-01	22.279316
1992-07-02	22.219683
1992-07-06	22.342648
1992-07-07	22.090708
1992-07-08	22.151266
1992-07-09	22.366223
1992-07-10	22.387489
1992-07-13	22.401356
1992-07-14	22.553445
1992-07-15	22.522472
1992-07-16	22.547898
1992-07-17	22.444810
1992-07-20	22.345884
1992-07-21	22.346808
1992-07-22	22.193795
1992-07-23	22.256203
1992-07-24	22.230315
1992-07-27	22.231702
1992-07-28	22.558068
1992-07-29	22.814167
1992-07-30	22.906160
1992-07-31	22.922802
1992-08-03	22.977350
1992-08-04	22.946841
1992-08-05	22.829884
1992-08-06	22.751298
1992-08-07	22.668551
1992-08-10	22.707844
1992-08-11	22.680570
1992-08-12	22.621399
1992-08-13	22.620012
1992-08-14	22.742052
1992-08-17	22.791053
1992-08-18	22.828497
1992-08-19	22.657919
1992-08-20	22.663466
1992-08-21	22.479018
1992-08-24	22.258051
1992-08-25	22.309825
1992-08-26	22.417536
1992-08-27	22.419386
1992-08-28	22.490575
1992-08-31	22.453593
1992-09-01	22.569625
1992-09-02	22.675023
1992-09-03	22.676410
1992-09-04	22.629720
1992-09-08	22.487801
1992-09-09	22.601059
1992-09-10	22.796602
1992-09-11	22.776723
1992-09-14	23.095692
1992-09-15	22.799837
1992-09-16	22.807696
1992-09-17	22.809083
1992-09-18	22.971803
1992-09-21	22.933434
1992-09-22	22.662541
1992-09-23	22.679184
1992-09-24	22.745751
1992-09-25	22.522935
1992-09-28	22.650523
1992-09-29	22.662080
1992-09-30	22.717552
1992-10-01	22.635730
1992-10-02	22.319534
1992-10-05	22.172992
1992-10-06	22.152652
1992-10-07	21.993168
1992-10-08	22.185475
1992-10-09	21.909034
1992-10-12	22.169295
1992-10-13	22.270533
1992-10-14	22.274693
1992-10-15	22.289024
1992-10-16	22.405055
1992-10-19	22.583955
1992-10-20	22.612153
1992-10-21	22.622786
1992-10-22	22.580719
1992-10-23	22.553908
1992-10-26	22.762855
1992-10-27	22.785045
1992-10-28	22.874725
1992-10-29	22.914481
1992-10-30	22.796139
1992-11-02	23.024964
1992-11-03	22.877500
1992-11-04	22.730034
1992-11-05	22.812780
1992-11-06	22.781346
1992-11-09	22.838667
1992-11-10	22.841904
1992-11-11	23.036984
1992-11-12	23.075353
1992-11-13	23.053163
1992-11-16	22.963945
1992-11-17	22.891830
1992-11-18	23.087834
1992-11-19	23.130825
1992-11-20	23.298631
1992-11-23	23.218196
1992-11-24	23.361038
1992-11-25	23.449333
1992-11-27	23.502957
1992-11-30	23.572298
1992-12-01	23.549184
1992-12-02	23.503881
1992-12-03	23.506192
1992-12-04	23.625459
1992-12-07	23.806207
1992-12-08	23.899125
1992-12-09	23.833946
1992-12-10	23.778935
1992-12-11	23.729934
1992-12-14	23.682781
1992-12-15	23.669839
1992-12-16	23.612516
1992-12-17	23.827936
1992-12-18	24.148292
1992-12-21	24.116857
1992-12-22	24.095592
1992-12-23	24.026250
1992-12-24	24.079413
1992-12-28	24.047053
1992-12-29	23.984185
1992-12-30	24.030875
1992-12-31	23.861681
1993-01-04	23.853360
1993-01-05	23.800660
1993-01-06	23.810832
1993-01-07	23.602807
1993-01-08	23.511739
1993-01-11	23.617600
1993-01-12	23.622686
1993-01-13	23.733630
1993-01-14	23.893115
1993-01-15	23.961994
1993-01-18	23.944890
1993-01-19	23.851972
1993-01-20	23.755358
1993-01-21	23.871852
1993-01-22	23.905598
1993-01-25	24.124715
1993-01-26	24.124252
1993-01-27	24.023477
1993-01-28	24.053526
1993-01-29	24.053526
1993-02-01	24.224609
1993-02-02	24.275927
1993-02-03	24.532551
1993-02-04	24.635195
1993-02-05	24.618090
1993-02-08	24.618090
1993-02-09	24.447006
1993-02-10	24.481228
1993-02-11	24.600981
1993-02-12	24.412794
1993-02-16	23.796919
1993-02-17	23.779814
1993-02-18	23.762705
1993-02-19	23.848244
1993-02-22	23.933784
1993-02-23	23.916662
1993-02-24	24.224609
1993-02-25	24.275927
1993-02-26	24.310156
1993-03-01	24.241714
1993-03-02	24.600981
1993-03-03	24.703621
1993-03-04	24.566751
1993-03-05	24.498333
1993-03-08	25.045778
1993-03-09	24.960239
1993-03-10	25.011564
1993-03-11	24.943134
1993-03-12	24.686514
1993-03-15	24.806271
1993-03-16	24.806271
1993-03-17	24.652313
1993-03-18	24.806271
1993-03-19	24.768738
1993-03-22	24.631216
1993-03-23	24.682785
1993-03-24	24.682785
1993-03-25	24.837486
1993-03-26	24.699970
1993-03-29	24.803108
1993-03-30	24.871861
1993-03-31	24.854671
1993-04-01	24.768738
1993-04-02	24.253075
1993-04-05	24.373398
1993-04-06	24.304642
1993-04-07	24.390577
1993-04-08	24.356203
1993-04-12	24.699970
1993-04-13	24.751543
1993-04-14	24.717161
1993-04-15	24.717161
1993-04-16	24.717161
1993-04-19	24.614040
1993-04-20	24.493710
1993-04-21	24.476528
1993-04-22	24.167135
1993-04-23	24.064007
1993-04-26	23.874914
1993-04-27	24.132769
1993-04-28	24.081188
1993-04-29	24.184320
1993-04-30	24.218695
1993-05-03	24.373398
1993-05-04	24.459347
1993-05-05	24.528088
1993-05-06	24.442150
1993-05-07	24.390577
1993-05-10	24.442150
1993-05-11	24.545282
1993-05-12	24.510899
1993-05-13	24.218695
1993-05-14	24.201511
1993-05-17	24.287445
1993-05-18	24.270262
1993-05-19	24.768738
1993-05-20	24.837486
1993-05-21	24.614040
1993-05-24	24.717161
1993-05-25	24.768738
1993-05-26	25.078112
1993-05-27	24.992191
1993-05-28	24.871861
1993-06-01	25.112513
1993-06-02	25.078112
1993-06-03	24.992191
1993-06-04	24.906244
1993-06-07	24.820288
1993-06-08	24.596842
1993-06-09	24.682785
1993-06-10	24.699970
1993-06-11	24.803108
1993-06-14	24.768738
1993-06-15	24.717161
1993-06-16	24.768738
1993-06-17	24.854671
1993-06-18	24.649996
1993-06-21	24.701941
1993-06-22	24.719244
1993-06-23	24.494205
1993-06-24	24.823090
1993-06-25	24.805798
1993-06-28	25.082764
1993-06-29	24.961575
1993-06-30	24.961575
1993-07-01	24.892347
1993-07-02	24.753855
1993-07-06	24.494205
1993-07-07	24.563435
1993-07-08	24.840405
1993-07-09	24.909658
1993-07-12	24.892347
1993-07-13	24.875044
1993-07-14	24.961575
1993-07-15	24.857712
1993-07-16	24.788481
1993-07-19	24.771168
1993-07-20	24.840405
1993-07-21	24.823090
1993-07-22	24.649996
1993-07-23	24.771168
1993-07-26	24.909658
1993-07-27	24.892347
1993-07-28	24.840405
1993-07-29	24.978899
1993-07-30	24.840405
1993-08-02	24.909658
1993-08-03	24.926958
1993-08-04	24.926958
1993-08-05	24.875044
1993-08-06	24.909658
1993-08-09	25.048126
1993-08-10	25.030828
1993-08-11	25.030828
1993-08-12	24.961575
1993-08-13	24.996204
1993-08-16	25.134689
1993-08-17	25.221239
1993-08-18	25.359735
1993-08-19	25.359735
1993-08-20	25.377033
1993-08-23	25.325113
1993-08-24	25.602064
1993-08-25	25.619377
1993-08-26	25.636696
1993-08-27	25.619377
1993-08-30	25.723246
1993-08-31	25.792469
1993-09-01	25.757866
1993-09-02	25.671299
1993-09-03	25.688629
1993-09-07	25.515511
1993-09-08	25.428967
1993-09-09	25.480883
1993-09-10	25.705942
1993-09-13	25.723246
1993-09-14	25.619377
1993-09-15	25.688629
1993-09-16	25.584755
1993-09-17	25.535152
1993-09-20	25.326136
1993-09-21	25.239044
1993-09-22	25.448069
1993-09-23	25.587410
1993-09-24	25.517744
1993-09-27	25.796429
1993-09-28	25.744165
1993-09-29	25.657078
1993-09-30	25.604818
1993-10-01	25.726746
1993-10-04	25.761585
1993-10-05	25.726746
1993-10-06	25.709333
1993-10-07	25.639647
1993-10-08	25.674490
1993-10-11	25.726746
1993-10-12	25.761585
1993-10-13	25.761585
1993-10-14	26.092533
1993-10-15	26.231884
1993-10-18	26.162210
1993-10-19	25.970612
1993-10-20	26.005447
1993-10-21	25.970612
1993-10-22	25.848690
1993-10-25	25.918358
1993-10-26	25.900938
1993-10-27	25.918358
1993-10-28	26.109953
1993-10-29	26.109953
1993-11-01	26.179630
1993-11-02	26.162210
1993-11-03	25.831251
1993-11-04	25.552568
1993-11-05	25.674490
1993-11-08	25.709333
1993-11-09	25.726746
1993-11-10	25.918358
1993-11-11	25.848690
1993-11-12	25.970612
1993-11-15	25.953173
1993-11-16	26.075123
1993-11-17	25.935781
1993-11-18	25.866108
1993-11-19	25.813848
1993-11-22	25.657078
1993-11-23	25.796429
1993-11-24	25.900938
1993-11-26	25.918358
1993-11-29	25.813848
1993-11-30	25.831251
1993-12-01	25.866108
1993-12-02	25.935781
1993-12-03	26.040272
1993-12-06	26.127373
1993-12-07	26.109953
1993-12-08	26.109953
1993-12-09	26.022869
1993-12-10	25.970612
1993-12-13	26.127373
1993-12-14	25.935781
1993-12-15	25.900938
1993-12-16	25.988035
1993-12-17	26.130850
1993-12-20	26.165926
1993-12-21	26.078245
1993-12-22	26.253601
1993-12-23	26.236074
1993-12-27	26.376377
1993-12-28	26.428989
1993-12-29	26.393906
1993-12-30	26.288696
1993-12-31	26.148394
1994-01-03	26.078245
1994-01-04	26.183460
1994-01-05	26.236074
1994-01-06	26.236074
1994-01-07	26.393906
1994-01-10	26.709597
1994-01-11	26.656981
1994-01-12	26.569283
1994-01-13	26.499138
1994-01-14	26.604370
1994-01-17	26.604370
1994-01-18	26.639441
1994-01-19	26.569283
1994-01-20	26.639441
1994-01-21	26.586828
1994-01-24	26.481602
1994-01-25	26.481602
1994-01-26	26.551743
1994-01-27	26.797264
1994-01-28	26.867422
1994-01-31	27.060349
1994-02-01	26.920029
1994-02-02	27.095421
1994-02-03	26.972645
1994-02-04	26.358841
1994-02-07	26.481602
1994-02-08	26.499138
1994-02-09	26.604370
1994-02-10	26.376377
1994-02-11	26.464058
1994-02-14	26.499138
1994-02-15	26.639441
1994-02-16	26.621912
1994-02-17	26.464058
1994-02-18	26.306234
1994-02-22	26.569283
1994-02-23	26.499138
1994-02-24	26.148394
1994-02-25	26.271147
1994-02-28	26.271147
1994-03-01	26.165926
1994-03-02	26.201002
1994-03-03	26.130850
1994-03-04	26.201002
1994-03-07	26.341297
1994-03-08	26.236074
1994-03-09	26.358841
1994-03-10	26.148394
1994-03-11	26.288696
1994-03-14	26.323767
1994-03-15	26.306234
1994-03-16	26.516668
1994-03-17	26.516668
1994-03-18	26.510891
1994-03-21	26.440336
1994-03-22	26.510891
1994-03-23	26.493238
1994-03-24	26.175766
1994-03-25	25.928802
1994-03-28	25.964088
1994-03-29	25.452566
1994-03-30	25.099808
1994-03-31	25.170349
1994-04-04	24.782305
1994-04-05	25.293816
1994-04-06	25.293816
1994-04-07	25.417303
1994-04-08	25.223276
1994-04-11	25.329102
1994-04-12	25.293816
1994-04-13	25.161531
1994-04-14	25.170349
1994-04-15	25.170349
1994-04-18	25.002787
1994-04-19	25.038059
1994-04-20	25.011600
1994-04-21	25.346735
1994-04-22	25.320303
1994-04-25	25.584846
1994-04-26	25.558399
1994-04-28	25.373201
1994-04-29	25.452566
1994-05-02	25.611328
1994-05-03	25.584846
1994-05-04	25.540771
1994-05-05	25.505480
1994-05-06	25.258551
1994-05-09	25.038059
1994-05-10	25.232090
1994-05-11	25.002787
1994-05-12	25.126259
1994-05-13	25.126259
1994-05-16	25.135071
1994-05-17	25.505480
1994-05-18	25.690685
1994-05-19	25.814171
1994-05-20	25.717152
1994-05-23	25.673052
1994-05-24	25.778900
1994-05-25	25.849447
1994-05-26	25.867085
1994-05-27	25.893541
1994-05-31	25.858265
1994-06-01	25.972919
1994-06-02	25.946445
1994-06-03	26.096378
1994-06-06	26.087566
1994-06-07	26.052288
1994-06-08	25.840626
1994-06-09	25.981737
1994-06-10	26.025831
1994-06-13	26.061087
1994-06-14	26.263954
1994-06-15	26.158123
1994-06-16	26.211031
1994-06-17	26.064737
1994-06-20	25.842779
1994-06-21	25.620846
1994-06-22	25.718500
1994-06-23	25.567562
1994-06-24	25.034933
1994-06-27	25.469934
1994-06-28	25.345633
1994-06-29	25.425550
1994-06-30	25.265741
1994-07-01	25.319000
1994-07-05	25.452173
1994-07-06	25.416662
1994-07-07	25.523209
1994-07-08	25.514317
1994-07-11	25.425550
1994-07-12	25.461048
1994-07-13	25.505434
1994-07-14	25.780655
1994-07-15	25.789522
1994-07-18	25.833921
1994-07-19	25.780655
1994-07-20	25.665241
1994-07-21	25.718500
1994-07-22	25.762888
1994-07-25	25.798399
1994-07-26	25.771761
1994-07-27	25.771761
1994-07-28	25.825031
1994-07-29	26.082491
1994-08-01	26.206766
1994-08-02	26.242292
1994-08-03	26.251179
1994-08-04	26.100231
1994-08-05	26.011461
1994-08-08	26.073608
1994-08-09	26.117989
1994-08-10	26.215647
1994-08-11	26.117989
1994-08-12	26.322180
1994-08-15	26.313307
1994-08-16	26.499733
1994-08-17	26.481968
1994-08-18	26.393204
1994-08-19	26.375448
1994-08-22	26.348814
1994-08-23	26.499733
1994-08-24	26.783804
1994-08-25	26.712795
1994-08-26	27.094522
1994-08-29	27.076769
1994-08-30	27.147800
1994-08-31	27.076769
1994-09-01	26.987999
1994-09-02	26.872595
1994-09-06	26.881466
1994-09-07	26.854839
1994-09-08	26.987999
1994-09-09	26.703920
1994-09-12	26.624029
1994-09-13	26.703920
1994-09-14	26.730549
1994-09-15	27.067905
1994-09-16	26.875265
1994-09-19	26.902069
1994-09-20	26.392952
1994-09-21	26.392952
1994-09-22	26.330425
1994-09-23	26.241133
1994-09-26	26.375095
1994-09-27	26.357231
1994-09-28	26.562670
1994-09-29	26.428684
1994-09-30	26.392952
1994-10-03	26.330425
1994-10-04	25.937439
1994-10-05	25.946381
1994-10-06	25.865995
1994-10-07	25.982098
1994-10-10	26.258984
1994-10-11	26.651968
1994-10-12	26.687704
1994-10-13	26.777016
1994-10-14	26.893131
1994-10-17	26.839550
1994-10-18	26.777016
1994-10-19	26.902069
1994-10-20	26.723431
1994-10-21	26.616247
1994-10-24	26.392952
1994-10-25	26.419762
1994-10-26	26.517996
1994-10-27	26.678766
1994-10-28	27.241455
1994-10-31	27.143211
1994-11-01	26.839550
1994-11-02	26.687704
1994-11-03	26.830603
1994-11-04	26.482273
1994-11-07	26.562670
1994-11-08	26.768093
1994-11-09	26.812748
1994-11-10	26.625175
1994-11-11	26.526937
1994-11-14	26.777016
1994-11-15	26.687704
1994-11-16	26.777016
1994-11-17	26.598383
1994-11-18	26.562670
1994-11-21	26.294706
1994-11-22	25.723080
1994-11-23	25.865995
1994-11-25	25.991045
1994-11-28	26.107153
1994-11-29	26.098219
1994-11-30	26.062490
1994-12-01	25.803474
1994-12-02	26.044626
1994-12-05	26.071421
1994-12-06	26.089281
1994-12-07	25.901712
1994-12-08	25.651625
1994-12-09	25.749878
1994-12-12	25.919588
1994-12-13	26.017826
1994-12-14	26.151812
1994-12-15	26.232180
1994-12-16	26.360321
1994-12-19	26.396318
1994-12-20	26.315296
1994-12-21	26.594393
1994-12-22	26.513359
1994-12-23	26.540367
1994-12-27	26.684423
1994-12-28	26.549370
1994-12-29	26.567364
1994-12-30	26.252274
1995-01-03	26.378332
1995-01-04	26.504379
1995-01-05	26.504379
1995-01-06	26.531378
1995-01-09	26.558384
1995-01-10	26.585384
1995-01-11	26.603401
1995-01-12	26.612406
1995-01-13	26.927498
1995-01-16	27.089544
1995-01-17	27.098560
1995-01-18	27.071537
1995-01-19	26.918484
1995-01-20	26.819462
1995-01-23	26.900499
1995-01-24	26.936510
1995-01-25	27.008514
1995-01-26	27.035524
1995-01-27	27.143559
1995-01-30	27.026527
1995-01-31	27.134560
1995-02-01	27.125559
1995-02-02	27.287596
1995-02-03	27.674730
1995-02-06	27.791769
1995-02-07	27.827791
1995-02-08	27.827791
1995-02-09	27.827791
1995-02-10	27.863792
1995-02-13	27.872791
1995-02-14	27.908796
1995-02-15	28.061848
1995-02-16	28.025826
1995-02-17	27.917818
1995-02-21	27.908796
1995-02-22	28.115875
1995-02-23	28.160877
1995-02-24	28.232912
1995-02-27	28.007824
1995-02-28	28.241899
1995-03-01	28.061848
1995-03-02	28.097872
1995-03-03	28.106873
1995-03-06	28.124880
1995-03-07	27.908796
1995-03-08	27.980835
1995-03-09	27.971828
1995-03-10	28.385963
1995-03-13	28.358934
1995-03-14	28.566017
1995-03-15	28.511999
1995-03-16	28.683052
1995-03-17	28.711584
1995-03-20	28.711584
1995-03-21	28.639170
1995-03-22	28.666325
1995-03-23	28.684431
1995-03-24	29.091749
1995-03-27	29.209412
1995-03-28	29.209412
1995-03-29	29.200378
1995-03-30	29.146063
1995-03-31	29.028374
1995-04-03	29.100807
1995-04-04	29.290890
1995-04-05	29.290890
1995-04-06	29.399504
1995-04-07	29.372341
1995-04-10	29.426659
1995-04-11	29.327080
1995-04-12	29.426659
1995-04-13	29.589590
1995-04-17	29.417599
1995-04-18	29.318022
1995-04-19	29.290890
1995-04-20	29.336130
1995-04-21	29.480963
1995-04-24	29.824932
1995-04-25	29.743469
1995-04-26	29.770636
1995-04-27	29.843029
1995-04-28	29.888273
1995-05-01	29.806824
1995-05-02	29.870195
1995-05-03	30.286554
1995-05-04	30.268442
1995-05-05	30.232239
1995-05-08	30.449471
1995-05-09	30.422310
1995-05-10	30.458529
1995-05-11	30.540020
1995-05-12	30.558104
1995-05-15	30.702929
1995-05-16	30.721022
1995-05-17	30.603359
1995-05-18	30.159836
1995-05-19	30.177916
1995-05-22	30.512856
1995-05-23	30.793442
1995-05-24	30.775330
1995-05-25	30.802486
1995-05-26	30.449471
1995-05-30	30.440430
1995-05-31	31.074039
1995-06-01	30.992592
1995-06-02	31.019730
1995-06-05	31.209816
1995-06-06	31.155510
1995-06-07	30.992592
1995-06-08	30.920174
1995-06-09	30.739128
1995-06-12	30.911095
1995-06-13	31.246027
1995-06-14	31.218866
1995-06-15	31.354635
1995-06-16	31.447733
1995-06-19	31.802805
1995-06-20	31.720867
1995-06-21	31.702652
1995-06-22	32.121475
1995-06-23	32.057739
1995-06-26	31.675337
1995-06-27	31.611614
1995-06-28	31.775509
1995-06-29	31.720867
1995-06-30	31.702652
1995-07-03	31.821014
1995-07-05	31.939369
1995-07-06	32.349098
1995-07-07	32.494778
1995-07-10	32.512974
1995-07-11	32.358196
1995-07-12	32.758812
1995-07-13	32.685966
1995-07-14	32.658661
1995-07-17	32.840736
1995-07-18	32.558502
1995-07-19	32.203423
1995-07-20	32.321774
1995-07-21	32.285374
1995-07-24	32.522083
1995-07-25	32.767914
1995-07-26	32.740597
1995-07-27	33.013729
1995-07-28	32.804321
1995-07-31	32.722389
1995-08-01	32.667770
1995-08-02	32.594929
1995-08-03	32.585804
1995-08-04	32.622231
1995-08-07	32.695076
1995-08-08	32.695076
1995-08-09	32.685966
1995-08-10	32.613125
1995-08-11	32.431042
1995-08-14	32.722389
1995-08-15	32.658661
1995-08-16	32.749691
1995-08-17	32.695076
1995-08-18	32.731487
1995-08-21	32.640438
1995-08-22	32.704174
1995-08-23	32.585804
1995-08-24	32.622231
1995-08-25	32.804321
1995-08-28	32.685966
1995-08-29	32.767914
1995-08-30	32.840736
1995-08-31	32.868069
1995-09-01	33.013729
1995-09-05	33.323288
1995-09-06	33.387028
1995-09-07	33.405239
1995-09-08	33.532719
1995-09-11	33.623760
1995-09-12	33.778534
1995-09-13	33.933311
1995-09-14	34.242874
1995-09-15	34.233433
1995-09-18	34.105293
1995-09-19	34.270035
1995-09-20	34.434788
1995-09-21	34.151028
1995-09-22	34.160213
1995-09-25	34.105293
1995-09-26	34.096134
1995-09-27	34.068665
1995-09-28	34.324970
1995-09-29	34.260895
1995-10-02	34.086975
1995-10-03	34.123577
1995-10-04	34.086975
1995-10-05	34.187656
1995-10-06	34.215126
1995-10-09	33.931351
1995-10-10	33.913063
1995-10-11	34.022884
1995-10-12	34.233433
1995-10-13	34.343277
1995-10-16	34.178513
1995-10-17	34.407349
1995-10-18	34.508026
1995-10-19	34.672798
1995-10-20	34.462257
1995-10-23	34.389038
1995-10-24	34.425659
1995-10-25	34.141884
1995-10-26	33.830681
1995-10-27	34.086975
1995-10-30	34.306667
1995-10-31	34.160213
1995-11-01	34.434788
1995-11-02	34.654480
1995-11-03	34.700256
1995-11-06	34.581268
1995-11-07	34.453106
1995-11-08	34.764339
1995-11-09	34.892467
1995-11-10	34.874184
1995-11-13	34.837551
1995-11-14	34.608707
1995-11-15	34.956551
1995-11-16	35.148766
1995-11-17	35.258614
1995-11-20	35.075527
1995-11-21	35.359295
1995-11-22	35.249447
1995-11-24	35.340992
1995-11-27	35.350132
1995-11-28	35.725422
1995-11-29	35.762035
1995-11-30	35.679653
1995-12-01	35.725422
1995-12-04	36.164768
1995-12-05	36.402756
1995-12-06	36.485142
1995-12-07	36.292927
1995-12-08	36.411900
1995-12-11	36.567520
1995-12-12	36.457680
1995-12-13	36.686527
1995-12-14	36.421078
1995-12-15	36.434410
1995-12-18	35.734455
1995-12-19	36.112064
1995-12-20	35.762093
1995-12-21	35.946278
1995-12-22	36.075233
1995-12-26	36.250217
1995-12-27	36.231789
1995-12-28	36.194958
1995-12-29	36.240993
1996-01-02	36.627831
1996-01-03	36.729141
1996-01-04	36.379166
1996-01-05	36.305485
1996-01-08	36.443630
1996-01-09	35.817348
1996-01-10	35.347637
1996-01-11	35.559498
1996-01-12	35.504200
1996-01-15	35.430527
1996-01-16	35.863407
1996-01-17	35.752876
1996-01-18	35.872597
1996-01-19	36.112064
1996-01-22	36.121273
1996-01-23	36.204166
1996-01-24	36.498890
1996-01-25	36.369949
1996-01-26	36.683071
1996-01-29	36.830448
1996-01-30	37.143570
1996-01-31	37.530380
1996-02-01	37.668533
1996-02-02	37.511971
1996-02-05	37.815910
1996-02-06	38.175095
1996-02-07	38.396130
1996-02-08	38.810551
1996-02-09	38.801365
1996-02-12	39.096081
1996-02-13	39.013184
1996-02-14	38.672394
1996-02-15	38.432961
1996-02-16	38.276394
1996-02-20	37.898788
1996-02-21	38.368492
1996-02-22	38.976341
1996-02-23	38.865826
1996-02-26	38.313221
1996-02-27	38.193501
1996-02-28	38.018509
1996-02-29	37.650124
1996-03-01	38.248772
1996-03-04	38.469803
1996-03-05	38.828995
1996-03-06	38.488228
1996-03-07	38.681610
1996-03-08	37.429054
1996-03-11	37.861954
1996-03-12	37.567226
1996-03-13	37.825111
1996-03-14	37.990883
1996-03-15	37.965370
1996-03-18	38.696159
1996-03-19	38.612923
1996-03-20	38.566662
1996-03-21	38.474133
1996-03-22	38.575905
1996-03-25	38.501919
1996-03-26	38.686924
1996-03-27	38.335365
1996-03-28	38.483387
1996-03-29	38.298389
1996-04-01	38.742413
1996-04-02	38.816429
1996-04-03	38.816429
1996-04-04	38.788677
1996-04-08	38.122616
1996-04-09	37.974602
1996-04-10	37.299301
1996-04-11	37.253052
1996-04-12	37.724834
1996-04-15	38.039352
1996-04-16	38.150364
1996-04-17	38.057865
1996-04-18	38.113358
1996-04-19	38.205879
1996-04-22	38.501919
1996-04-23	38.622173
1996-04-24	38.483387
1996-04-25	38.659172
1996-04-26	38.742413
1996-04-29	38.742413
1996-04-30	38.714680
1996-05-01	38.797935
1996-05-02	38.131870
1996-05-03	38.076355
1996-05-06	38.039352
1996-05-07	37.882114
1996-05-08	38.353897
1996-05-09	38.326122
1996-05-10	38.705418
1996-05-13	39.288235
1996-05-14	39.528744
1996-05-15	39.482491
1996-05-16	39.565746
1996-05-17	39.778519
1996-05-20	40.046787
1996-05-21	39.991295
1996-05-22	40.370586
1996-05-23	40.204063
1996-05-24	40.361320
1996-05-28	39.954262
1996-05-29	39.685997
1996-05-30	39.889519
1996-05-31	39.593506
1996-06-03	39.704514
1996-06-04	39.982044
1996-06-05	40.333576
1996-06-06	40.037514
1996-06-07	40.037514
1996-06-10	39.908009
1996-06-11	39.871021
1996-06-12	39.797024
1996-06-13	39.797024
1996-06-14	39.630512
1996-06-17	39.602745
1996-06-18	39.278988
1996-06-19	39.454754
1996-06-20	39.426983
1996-06-21	39.766109
1996-06-24	39.840504
1996-06-25	39.793983
1996-06-26	39.524319
1996-06-27	39.803291
1996-06-28	39.942783
1996-07-01	40.286884
1996-07-02	40.138081
1996-07-03	40.054382
1996-07-05	39.031406
1996-07-08	38.873318
1996-07-09	39.031406
1996-07-10	39.189484
1996-07-11	38.399014
1996-07-12	38.426907
1996-07-15	37.292320
1996-07-16	37.385342
1996-07-17	37.831726
1996-07-18	38.352512
1996-07-19	38.073532
1996-07-22	37.794506
1996-07-23	37.310947
1996-07-24	37.385342
1996-07-25	37.720139
1996-07-26	37.924725
1996-07-29	37.506229
1996-07-30	37.868923
1996-07-31	38.147930
1996-08-01	38.780315
1996-08-02	39.617294
1996-08-05	39.384781
1996-08-06	39.505695
1996-08-07	39.608006
1996-08-08	39.542896
1996-08-09	39.412701
1996-08-12	39.701008
1996-08-13	39.384781
1996-08-14	39.524319
1996-08-15	39.449898
1996-08-16	39.784698
1996-08-19	39.803291
1996-08-20	39.775391
1996-08-21	39.635895
1996-08-22	40.007896
1996-08-23	39.793983
1996-08-26	39.598679
1996-08-27	39.747478
1996-08-28	39.682392
1996-08-29	39.291817
1996-08-30	38.882610
1996-09-03	39.133705
1996-09-04	39.170910
1996-09-05	38.696629
1996-09-06	39.245300
1996-09-09	39.710293
1996-09-10	39.691696
1996-09-11	39.914906
1996-09-12	40.193893
1996-09-13	40.807678
1996-09-16	40.956455
1996-09-17	40.863461
1996-09-18	40.761162
1996-09-19	40.919277
1996-09-20	41.064438
1996-09-23	41.055084
1996-09-24	41.045731
1996-09-25	41.073761
1996-09-26	41.055084
1996-09-27	41.092472
1996-09-30	41.055084
1996-10-01	41.279419
1996-10-02	41.559849
1996-10-03	41.522476
1996-10-04	42.083324
1996-10-07	42.130074
1996-10-08	41.961807
1996-10-09	41.634644
1996-10-10	41.550503
1996-10-11	42.064617
1996-10-14	42.120728
1996-10-15	42.064617
1996-10-16	42.270264
1996-10-17	42.382435
1996-10-18	42.606785
1996-10-21	42.550705
1996-10-22	42.251583
1996-10-23	42.391800
1996-10-24	42.027222
1996-10-25	42.064617
1996-10-28	41.784203
1996-10-29	42.120728
1996-10-30	41.980499
1996-10-31	42.382435
1996-11-01	42.232899
1996-11-04	42.513313
1996-11-05	42.756371
1996-11-06	43.578960
1996-11-07	43.681759
1996-11-08	43.924801
1996-11-11	43.878071
1996-11-12	43.747223
1996-11-13	43.943508
1996-11-14	44.233292
1996-11-15	44.289364
1996-11-18	44.298733
1996-11-19	44.616550
1996-11-20	44.691311
1996-11-21	44.625889
1996-11-22	44.971764
1996-11-25	45.541946
1996-11-26	45.392395
1996-11-27	45.308266
1996-11-29	45.476547
1996-12-02	45.495224
1996-12-03	44.719383
1996-12-04	44.840874
1996-12-05	44.719383
1996-12-06	44.457630
1996-12-09	45.111973
1996-12-10	44.896965
1996-12-11	44.485687
1996-12-12	43.747223
1996-12-13	43.859371
1996-12-16	43.298508
1996-12-17	43.644386
1996-12-18	43.990234
1996-12-19	44.896965
1996-12-20	44.995499
1996-12-23	44.882759
1996-12-24	45.211563
1996-12-26	45.559113
1996-12-27	45.615498
1996-12-30	45.220959
1996-12-31	44.394318
1997-01-02	44.507027
1997-01-03	45.145790
1997-01-06	44.751263
1997-01-07	45.296082
1997-01-08	44.901554
1997-01-09	45.277306
1997-01-10	45.765755
1997-01-13	45.700008
1997-01-14	46.273045
1997-01-15	46.160320
1997-01-16	46.348194
1997-01-17	46.629990
1997-01-20	46.686363
1997-01-21	47.062096
1997-01-22	47.400261
1997-01-23	46.742699
1997-01-24	46.141521
1997-01-27	46.009998
1997-01-28	46.141521
1997-01-29	46.592430
1997-01-30	47.193615
1997-01-31	47.137249
1997-02-03	47.278145
1997-02-04	47.569344
1997-02-05	46.676975
1997-02-06	46.986954
1997-02-07	47.625740
1997-02-10	47.174816
1997-02-11	47.719658
1997-02-12	48.395988
1997-02-13	48.922043
1997-02-14	48.809315
1997-02-18	49.222618
1997-02-19	48.893867
1997-02-20	48.302040
1997-02-21	48.320850
1997-02-24	48.893867
1997-02-25	48.931438
1997-02-26	48.452358
1997-02-27	47.729042
1997-02-28	47.588135
1997-03-03	47.907520
1997-03-04	47.644524
1997-03-05	48.452358
1997-03-06	48.170547
1997-03-07	48.602642
1997-03-10	49.109905
1997-03-11	48.846878
1997-03-12	48.414764
1997-03-13	47.663284
1997-03-14	47.907520
1997-03-17	48.039043
1997-03-18	47.522366
1997-03-19	47.362690
1997-03-20	47.118465
1997-03-21	47.336620
1997-03-24	47.996677
1997-03-25	47.525208
1997-03-26	47.732670
1997-03-27	46.469093
1997-03-31	45.488419
1997-04-01	45.780712
1997-04-02	44.960365
1997-04-03	45.205513
1997-04-04	45.771317
1997-04-07	45.950478
1997-04-08	46.280499
1997-04-09	45.903328
1997-04-10	45.733597
1997-04-11	44.281441
1997-04-14	44.875511
1997-04-15	45.639286
1997-04-16	46.167339
1997-04-17	45.978764
1997-04-18	46.205040
1997-04-21	45.903328
1997-04-22	46.912292
1997-04-23	46.959469
1997-04-24	46.723721
1997-04-25	46.186207
1997-04-28	46.638840
1997-04-29	48.109833
1997-04-30	48.336140
1997-05-01	48.279572
1997-05-02	49.147091
1997-05-05	50.316395
1997-05-06	50.278671
1997-05-07	49.184834
1997-05-08	49.524261
1997-05-09	49.863754
1997-05-12	50.693554
1997-05-13	50.486107
1997-05-14	50.580406
1997-05-15	50.919880
1997-05-16	50.222076
1997-05-19	50.372955
1997-05-20	50.976444
1997-05-21	50.863308
1997-05-22	50.693554
1997-05-23	51.165016
1997-05-27	51.372501
1997-05-28	51.363091
1997-05-29	51.061317
1997-05-30	51.391338
1997-06-02	51.165016
1997-06-03	50.995285
1997-06-04	50.938740
1997-06-05	51.127319
1997-06-06	52.126850
1997-06-09	52.390869
1997-06-10	52.551201
1997-06-11	52.673752
1997-06-12	53.692154
1997-06-13	54.144817
1997-06-16	54.163666
1997-06-17	54.088226
1997-06-18	53.899628
1997-06-19	54.455997
1997-06-20	54.270416
1997-06-23	52.954605
1997-06-24	54.298820
1997-06-25	53.920181
1997-06-26	53.655128
1997-06-27	53.863384
1997-06-30	53.503651
1997-07-01	54.128456
1997-07-02	55.018299
1997-07-03	55.775597
1997-07-07	55.207596
1997-07-08	55.785019
1997-07-09	55.169743
1997-07-10	55.415817
1997-07-11	55.605179
1997-07-14	55.775597
1997-07-15	56.059586
1997-07-16	56.797955
1997-07-17	56.513969
1997-07-18	55.311729
1997-07-21	55.321205
1997-07-22	56.788441
1997-07-23	56.741135
1997-07-24	57.006222
1997-07-25	56.968327
1997-07-28	56.930473
1997-07-29	57.119801
1997-07-30	57.801380
1997-07-31	57.744583
1997-08-01	57.517387
1997-08-04	57.668835
1997-08-05	57.706699
1997-08-06	58.180027
1997-08-07	57.744583
1997-08-08	56.570778
1997-08-11	56.987274
1997-08-12	56.078522
1997-08-13	55.908108
1997-08-14	56.116379
1997-08-15	54.393513
1997-08-18	55.605179
1997-08-19	56.248882
1997-08-20	57.100883
1997-08-21	56.097420
1997-08-22	56.078522
1997-08-25	55.870235
1997-08-26	55.046677
1997-08-27	55.378017
1997-08-28	54.535511
1997-08-29	54.753223
1997-09-02	56.532875
1997-09-03	56.229935
1997-09-04	56.589703
1997-09-05	56.428753
1997-09-08	56.674892
1997-09-09	56.703255
1997-09-10	55.529469
1997-09-11	55.245480
1997-09-12	56.135307
1997-09-15	56.040646
1997-09-16	57.441658
1997-09-17	57.441658
1997-09-18	57.687759
1997-09-19	57.785347
1997-09-22	58.108414
1997-09-23	57.842381
1997-09-24	57.367306
1997-09-25	56.968277
1997-09-26	57.443348
1997-09-29	57.994373
1997-09-30	57.386345
1997-10-01	58.146416
1997-10-02	58.469463
1997-10-03	58.763977
1997-10-06	59.153515
1997-10-07	59.704563
1997-10-08	59.286530
1997-10-09	59.077518
1997-10-10	58.906502
1997-10-13	58.963497
1997-10-14	58.982483
1997-10-15	58.849491
1997-10-16	57.918362
1997-10-17	57.329334
1997-10-20	58.146416
1997-10-21	59.277004
1997-10-22	58.887501
1997-10-23	57.728352
1997-10-24	57.158302
1997-10-27	53.015846
1997-10-28	56.075191
1997-10-29	55.923191
1997-10-30	54.688034
1997-10-31	55.980156
1997-11-03	57.158302
1997-11-04	57.158302
1997-11-05	57.348335
1997-11-06	57.129810
1997-11-07	56.512249
1997-11-10	56.170204
1997-11-11	56.189186
1997-11-12	55.030045
1997-11-13	55.828129
1997-11-14	56.588249
1997-11-17	57.633320
1997-11-18	57.272289
1997-11-19	57.557346
1997-11-20	58.431427
1997-11-21	58.830460
1997-11-24	57.766373
1997-11-25	57.918362
1997-11-26	58.089386
1997-11-28	58.146416
1997-12-01	59.647564
1997-12-02	59.286530
1997-12-03	59.457535
1997-12-04	59.400558
1997-12-05	60.160599
1997-12-08	59.989628
1997-12-09	59.628536
1997-12-10	59.115517
1997-12-11	58.108414
1997-12-12	58.222408
1997-12-15	58.811474
1997-12-16	59.172546
1997-12-17	58.868507
1997-12-18	58.298447
1997-12-19	57.862667
1997-12-22	58.234734
1997-12-23	57.194965
1997-12-24	57.023281
1997-12-26	57.252201
1997-12-29	58.377789
1997-12-30	59.293537
1997-12-31	59.255360
1998-01-02	59.560627
1998-01-05	59.694141
1998-01-06	58.740265
1998-01-07	58.892899
1998-01-08	58.377789
1998-01-09	56.355549
1998-01-12	57.385746
1998-01-13	58.187016
1998-01-14	58.454094
1998-01-15	57.967606
1998-01-16	58.797489
1998-01-20	59.751377
1998-01-21	59.179054
1998-01-22	58.654408
1998-01-23	58.568535
1998-01-26	58.530426
1998-01-27	59.121826
1998-01-28	59.656010
1998-01-29	59.980309
1998-01-30	60.018486
1998-02-02	61.010509
1998-02-03	61.468376
1998-02-04	61.392071
1998-02-05	61.353893
1998-02-06	62.040714
1998-02-09	61.830856
1998-02-10	62.422245
1998-02-11	62.365005
1998-02-12	62.632118
1998-02-13	62.269630
1998-02-17	62.574856
1998-02-18	63.147255
1998-02-19	62.813358
1998-02-20	63.280754
1998-02-23	63.528774
1998-02-24	63.032707
1998-02-25	63.814964
1998-02-26	64.177406
1998-02-27	64.177406
1998-03-02	64.043869
1998-03-03	64.406349
1998-03-04	63.986633
1998-03-05	63.395222
1998-03-06	64.673401
1998-03-09	64.444496
1998-03-10	65.054947
1998-03-11	65.360222
1998-03-12	65.627335
1998-03-13	65.379318
1998-03-16	66.085167
1998-03-17	66.275948
1998-03-18	66.523979
1998-03-19	66.695686
1998-03-20	67.269958
1998-03-23	67.116905
1998-03-24	67.690887
1998-03-25	67.442162
1998-03-26	67.403893
1998-03-27	67.116905
1998-03-30	67.078613
1998-03-31	67.308235
1998-04-01	67.853523
1998-04-02	68.590096
1998-04-03	68.934494
1998-04-06	68.379631
1998-04-07	67.920456
1998-04-08	67.537781
1998-04-09	68.073532
1998-04-13	67.882225
1998-04-14	68.456139
1998-04-15	68.647484
1998-04-16	67.843933
1998-04-17	68.743126
1998-04-20	68.724022
1998-04-21	69.049316
1998-04-22	69.240570
1998-04-23	68.570984
1998-04-24	67.843933
1998-04-27	66.562042
1998-04-28	66.466385
1998-04-29	66.925568
1998-04-30	68.169197
1998-05-01	68.934494
1998-05-04	68.762299
1998-05-05	68.283981
1998-05-06	67.480431
1998-05-07	66.944702
1998-05-08	68.035240
1998-05-11	67.805687
1998-05-12	68.532684
1998-05-13	68.704887
1998-05-14	68.360512
1998-05-15	67.977852
1998-05-18	67.709991
1998-05-19	68.169197
1998-05-20	68.819702
1998-05-21	68.379631
1998-05-22	68.111794
1998-05-26	67.021225
1998-05-27	67.116905
1998-05-28	67.423004
1998-05-29	66.753395
1998-06-01	67.059509
1998-06-02	67.116905
1998-06-03	66.045464
1998-06-04	67.269958
1998-06-05	68.570984
1998-06-08	68.494431
1998-06-09	68.704887
1998-06-10	68.264862
1998-06-11	66.982941
1998-06-12	67.614365
1998-06-15	65.835030
1998-06-16	66.849052
1998-06-17	68.245720
1998-06-18	67.939568
1998-06-19	67.599174
1998-06-22	67.925468
1998-06-23	68.731567
1998-06-24	69.652893
1998-06-25	69.537720
1998-06-26	69.825630
1998-06-29	70.075142
1998-06-30	69.595284
1998-07-01	70.401413
1998-07-02	70.535767
1998-07-06	71.245934
1998-07-07	71.111542
1998-07-08	71.629791
1998-07-09	71.149979
1998-07-10	71.533844
1998-07-13	71.553024
1998-07-14	72.359116
1998-07-15	72.224785
1998-07-16	72.723808
1998-07-17	72.819778
1998-07-20	72.819778
1998-07-21	71.553024
1998-07-22	71.553024
1998-07-23	70.132713
1998-07-24	70.075142
1998-07-27	70.574142
1998-07-28	69.384148
1998-07-29	69.115456
1998-07-30	70.151878
1998-07-31	68.654793
1998-08-03	68.366898
1998-08-04	65.718224
1998-08-05	66.620331
1998-08-06	66.908241
1998-08-07	67.023369
1998-08-10	66.639488
1998-08-11	65.641441
1998-08-12	66.754662
1998-08-13	65.948540
1998-08-14	65.180847
1998-08-17	66.562721
1998-08-18	67.791092
1998-08-19	67.618355
1998-08-20	67.215286
1998-08-21	66.677887
1998-08-24	67.100159
1998-08-25	67.253693
1998-08-26	66.869812
1998-08-27	63.722080
1998-08-28	63.491810
1998-08-31	58.962158
1998-09-01	61.457298
1998-09-02	61.015858
1998-09-03	60.536045
1998-09-04	60.036983
1998-09-08	63.261505
1998-09-09	61.725994
1998-09-10	60.497608
1998-09-11	62.455379
1998-09-14	63.530193
1998-09-15	63.914036
1998-09-16	64.489838
1998-09-17	62.647289
1998-09-18	62.926373
1998-09-21	62.887798
1998-09-22	63.407860
1998-09-23	65.950325
1998-09-24	64.332413
1998-09-25	64.255341
1998-09-28	64.833160
1998-09-29	64.679062
1998-09-30	62.714462
1998-10-01	60.903919
1998-10-02	62.078835
1998-10-05	60.826870
1998-10-06	60.769089
1998-10-07	59.863811
1998-10-08	59.536358
1998-10-09	60.730568
1998-10-12	61.616577
1998-10-13	61.404690
1998-10-14	61.982513
1998-10-15	65.314735
1998-10-16	65.334007
1998-10-19	65.565094
1998-10-20	65.950325
1998-10-21	65.719215
1998-10-22	66.701546
1998-10-23	65.854027
1998-10-26	66.335609
1998-10-27	65.950325
1998-10-28	65.834755
1998-10-29	67.433456
1998-10-30	67.799408
1998-11-02	68.955063
1998-11-03	68.454292
1998-11-04	69.186234
1998-11-05	70.130005
1998-11-06	70.341858
1998-11-09	69.841110
1998-11-10	69.648491
1998-11-11	69.186234
1998-11-12	69.109184
1998-11-13	69.783333
1998-11-16	70.303391
1998-11-17	70.303391
1998-11-18	70.727104
1998-11-19	71.343483
1998-11-20	71.882759
1998-11-23	73.577782
1998-11-24	73.115494
1998-11-25	73.115494
1998-11-27	73.654800
1998-11-30	71.574638
1998-12-01	72.499146
1998-12-02	72.287277
1998-12-03	71.093056
1998-12-04	72.961472
1998-12-07	73.308083
1998-12-08	72.980667
1998-12-09	73.115494
1998-12-10	72.046486
1998-12-11	72.190956
1998-12-14	70.110764
1998-12-15	71.921318
1998-12-16	71.825035
1998-12-17	72.971085
1998-12-18	73.281090
1998-12-21	74.305351
1998-12-22	74.633835
1998-12-23	76.199181
1998-12-24	75.870644
1998-12-28	75.677406
1998-12-29	76.875587
1998-12-30	76.257179
1998-12-31	76.257179
1999-01-04	76.083260
1999-01-05	76.952866
1999-01-06	78.808121
1999-01-07	78.421585
1999-01-08	79.001343
1999-01-11	78.247643
1999-01-12	76.836922
1999-01-13	76.295822
1999-01-14	74.962425
1999-01-15	76.914253
1999-01-19	77.416695
1999-01-20	78.035088
1999-01-21	75.967323
1999-01-22	75.793396
1999-01-25	76.566391
1999-01-26	77.957817
1999-01-27	77.049538
1999-01-28	78.344315
1999-01-29	78.943375
1999-02-01	78.479561
1999-02-02	77.996460
1999-02-03	78.788765
1999-02-04	77.609947
1999-02-05	76.721008
1999-02-08	76.875587
1999-02-09	75.155640
1999-02-10	75.638741
1999-02-11	77.378044
1999-02-12	76.450439
1999-02-16	75.986626
1999-02-17	75.909355
1999-02-18	76.508408
1999-02-19	76.836922
1999-02-22	78.885406
1999-02-23	78.846741
1999-02-24	77.455330
1999-02-25	76.721008
1999-02-26	76.411812
1999-03-01	76.624336
1999-03-02	75.947960
1999-03-03	76.353828
1999-03-04	77.320107
1999-03-05	78.875725
1999-03-08	79.387840
1999-03-09	79.194611
1999-03-10	79.890320
1999-03-11	80.779266
1999-03-12	80.006233
1999-03-15	81.146454
1999-03-16	80.837250
1999-03-17	80.489426
1999-03-18	81.784195
1999-03-19	80.394051
1999-03-22	80.549004
1999-03-23	78.224388
1999-03-24	78.669930
1999-03-25	80.277832
1999-03-26	79.696640
1999-03-29	81.304550
1999-03-30	80.878349
1999-03-31	79.580406
1999-04-01	80.180969
1999-04-05	82.079391
1999-04-06	81.885704
1999-04-07	82.544327
1999-04-08	83.590424
1999-04-09	83.609772
1999-04-12	84.500900
1999-04-13	83.958488
1999-04-14	82.544327
1999-04-15	82.234375
1999-04-16	81.537018
1999-04-19	80.277832
1999-04-20	81.285164
1999-04-21	83.609772
1999-04-22	84.404037
1999-04-23	84.190987
1999-04-26	84.675255
1999-04-27	85.082100
1999-04-28	83.919800
1999-04-29	83.280487
1999-04-30	82.602470
1999-05-03	84.113480
1999-05-04	82.912445
1999-05-05	83.571060
1999-05-06	83.057648
1999-05-07	83.687286
1999-05-10	83.270767
1999-05-11	84.113480
1999-05-12	84.772148
1999-05-13	85.140221
1999-05-14	82.931778
1999-05-17	83.183640
1999-05-18	83.028671
1999-05-19	83.629189
1999-05-20	83.125534
1999-05-21	82.660576
1999-05-24	81.285164
1999-05-25	79.967873
1999-05-26	80.858948
1999-05-27	79.696640
1999-05-28	80.713699
1999-06-01	80.432770
1999-06-02	80.510307
1999-06-03	80.955872
1999-06-04	82.583069
1999-06-07	82.796158
1999-06-08	81.982544
1999-06-09	81.905060
1999-06-10	81.149544
1999-06-11	80.471497
1999-06-14	80.549004
1999-06-15	81.091415
1999-06-16	82.641182
1999-06-17	83.416069
1999-06-18	83.512466
1999-06-21	83.706764
1999-06-22	83.123856
1999-06-23	82.715820
1999-06-24	82.094063
1999-06-25	81.889999
1999-06-28	82.890671
1999-06-29	83.667908
1999-06-30	85.183472
1999-07-01	85.824699
1999-07-02	86.679626
1999-07-06	86.660210
1999-07-07	86.776794
1999-07-08	86.844780
1999-07-09	87.359703
1999-07-12	86.971077
1999-07-13	86.660210
1999-07-14	87.145973
1999-07-15	87.699760
1999-07-16	88.175789
1999-07-19	87.592865
1999-07-20	85.795555
1999-07-21	85.698372
1999-07-22	84.571442
1999-07-23	84.406281
1999-07-26	83.784500
1999-07-27	84.484009
1999-07-28	84.755989
1999-07-29	83.570770
1999-07-30	82.540962
1999-08-02	82.735237
1999-08-03	82.346596
1999-08-04	81.219666
1999-08-05	81.958046
1999-08-06	81.064178
1999-08-09	80.889351
1999-08-10	79.995514
1999-08-11	80.967049
1999-08-12	80.918488
1999-08-13	82.793518
1999-08-16	83.162743
1999-08-17	83.706764
1999-08-18	83.104393
1999-08-19	82.424355
1999-08-20	83.259872
1999-08-23	84.853157
1999-08-24	85.164062
1999-08-25	86.038437
1999-08-26	85.008583
1999-08-27	83.978790
1999-08-30	82.424355
1999-08-31	82.113457
1999-09-01	83.123856
1999-09-02	82.142624
1999-09-03	84.542313
1999-09-07	84.231438
1999-09-08	83.823341
1999-09-09	83.784500
1999-09-10	84.484009
1999-09-13	83.910736
1999-09-14	83.357033
1999-09-15	82.035751
1999-09-16	82.356354
1999-09-17	83.396965
1999-09-20	83.279999
1999-09-21	81.526352
1999-09-22	81.438644
1999-09-23	79.733681
1999-09-24	79.655785
1999-09-27	80.181801
1999-09-28	80.026016
1999-09-29	79.071198
1999-09-30	80.279297
1999-10-01	80.103935
1999-10-04	81.526352
1999-10-05	81.448418
1999-10-06	82.695465
1999-10-07	82.227829
1999-10-08	83.474861
1999-10-11	83.338455
1999-10-12	82.052460
1999-10-13	79.928581
1999-10-14	79.909081
1999-10-15	77.863098
1999-10-18	78.428177
1999-10-19	79.188126
1999-10-20	79.967545
1999-10-21	80.435196
1999-10-22	81.117134
1999-10-25	80.707977
1999-10-26	79.694733
1999-10-27	81.136620
1999-10-28	83.903511
1999-10-29	85.423416
1999-11-01	84.527054
1999-11-02	83.923012
1999-11-03	84.488106
1999-11-04	85.131126
1999-11-05	85.968956
1999-11-08	86.046951
1999-11-09	85.238289
1999-11-10	85.871544
1999-11-11	86.358734
1999-11-12	87.138100
1999-11-15	87.342667
1999-11-16	88.073387
1999-11-17	88.307220
1999-11-18	88.930756
1999-11-19	88.852829
1999-11-22	88.833336
1999-11-23	88.053917
1999-11-24	88.521553
1999-11-26	88.190315
1999-11-29	87.878517
1999-11-30	86.845840
1999-12-01	87.547295
1999-12-02	88.073387
1999-12-03	89.690659
1999-12-06	89.028183
1999-12-07	88.307220
1999-12-08	87.742134
1999-12-09	88.170784
1999-12-10	88.463127
1999-12-13	88.618965
1999-12-14	87.761642
1999-12-15	88.229263
1999-12-16	88.618965
1999-12-17	89.188080
1999-12-20	88.543533
1999-12-21	89.891304
1999-12-22	90.125694
1999-12-23	91.561340
1999-12-27	91.434425
1999-12-28	91.375809
1999-12-29	91.766464
1999-12-30	91.659012
1999-12-31	91.805542
2000-01-03	90.907021
2000-01-04	87.351997
2000-01-05	87.508255
2000-01-06	86.101860
2000-01-07	91.102325
2000-01-10	91.414833
2000-01-11	90.321053
2000-01-12	89.422508
2000-01-13	90.633545
2000-01-14	91.864098
2000-01-18	91.141418
2000-01-19	91.883644
2000-01-20	90.477310
2000-01-21	90.281982
2000-01-24	87.723145
2000-01-25	88.719299
2000-01-26	88.016151
2000-01-27	87.664497
2000-01-28	84.929901
2000-01-31	87.234787
2000-02-01	88.094246
2000-02-02	88.172379
2000-02-03	89.500626
2000-02-04	89.129501
2000-02-07	88.992744
2000-02-08	90.203819
2000-02-09	88.309143
2000-02-10	88.484894
2000-02-11	86.687851
2000-02-14	87.195717
2000-02-15	88.182167
2000-02-16	86.883217
2000-02-17	86.433914
2000-02-18	84.578300
2000-02-22	84.363434
2000-02-23	85.359604
2000-02-24	83.640686
2000-02-25	83.337929
2000-02-28	85.086121
2000-02-29	85.906525
2000-03-01	86.531593
2000-03-02	86.590195
2000-03-03	88.211479
2000-03-06	87.351997
2000-03-07	85.662376
2000-03-08	85.554947
2000-03-09	88.055191
2000-03-10	87.586372
2000-03-13	86.629257
2000-03-14	85.398666
2000-03-15	87.391052
2000-03-16	91.473495
2000-03-17	92.078011
2000-03-20	91.608032
2000-03-21	93.487991
2000-03-22	94.055855
2000-03-23	95.661659
2000-03-24	96.229568
2000-03-27	95.211266
2000-03-28	94.662926
2000-03-29	94.760887
2000-03-30	93.174667
2000-03-31	94.232140
2000-04-03	94.780449
2000-04-04	94.075470
2000-04-05	93.487991
2000-04-06	94.300674
2000-04-07	94.897926
2000-04-10	94.525887
2000-04-11	94.251671
2000-04-12	91.666824
2000-04-13	90.393951
2000-04-14	85.224083
2000-04-17	88.200653
2000-04-18	90.530975
2000-04-19	89.688957
2000-04-20	90.119759
2000-04-24	89.140656
2000-04-25	92.841774
2000-04-26	91.794060
2000-04-27	91.490540
2000-04-28	90.922615
2000-05-01	92.156342
2000-05-02	90.315567
2000-05-03	88.200653
2000-05-04	88.866447
2000-05-05	89.943535
2000-05-08	89.267906
2000-05-09	88.553123
2000-05-10	86.555702
2000-05-11	88.533592
2000-05-12	89.493134
2000-05-15	91.040138
2000-05-16	91.921371
2000-05-17	90.961800
2000-05-18	89.845596
2000-05-19	88.435669
2000-05-22	87.769836
2000-05-23	86.477386
2000-05-24	87.887314
2000-05-25	86.379433
2000-05-26	86.477386
2000-05-30	89.297318
2000-05-31	89.493134
2000-06-01	91.059738
2000-06-02	92.645920
2000-06-05	92.195518
2000-06-06	91.784286
2000-06-07	92.420731
2000-06-08	92.058449
2000-06-09	91.862610
2000-06-12	90.785576
2000-06-13	92.489296
2000-06-14	92.645920
2000-06-15	92.841774
2000-06-16	92.078888
2000-06-19	93.256638
2000-06-20	92.922928
2000-06-21	92.883698
2000-06-22	91.470413
2000-06-23	90.685280
2000-06-26	91.853172
2000-06-27	91.175972
2000-06-28	91.431160
2000-06-29	90.567513
2000-06-30	91.254494
2000-07-03	92.510735
2000-07-05	90.842247
2000-07-06	91.548912
2000-07-07	93.021072
2000-07-10	92.864075
2000-07-11	93.060349
2000-07-12	93.668785
2000-07-13	94.081047
2000-07-14	95.003624
2000-07-17	94.846596
2000-07-18	94.071251
2000-07-19	93.315468
2000-07-20	94.611038
2000-07-21	92.765923
2000-07-24	92.235931
2000-07-25	92.530357
2000-07-26	91.627441
2000-07-27	91.313393
2000-07-28	89.252357
2000-07-31	89.821571
2000-08-01	90.371185
2000-08-02	90.822670
2000-08-03	91.450798
2000-08-04	91.941505
2000-08-07	93.040703
2000-08-08	93.394058
2000-08-09	92.608849
2000-08-10	92.157417
2000-08-11	92.589272
2000-08-14	93.766975
2000-08-15	93.688416
2000-08-16	93.354782
2000-08-17	94.336189
2000-08-18	94.022179
2000-08-21	94.532494
2000-08-22	94.375427
2000-08-23	94.748398
2000-08-24	95.042885
2000-08-25	95.003624
2000-08-28	95.327499
2000-08-29	95.347137
2000-08-30	94.434334
2000-08-31	95.690575
2000-09-01	95.788727
2000-09-05	95.023178
2000-09-06	93.943672
2000-09-07	94.748398
2000-09-08	94.100662
2000-09-11	93.963310
2000-09-12	93.276276
2000-09-13	93.521614
2000-09-14	93.992676
2000-09-15	91.936378
2000-09-18	91.090157
2000-09-19	91.916634
2000-09-20	91.237755
2000-09-21	89.850464
2000-09-22	91.483742
2000-09-25	90.834396
2000-09-26	89.673355
2000-09-27	90.145630
2000-09-28	91.306648
2000-09-29	90.440811
2000-10-02	90.578568
2000-10-03	89.732437
2000-10-04	90.480133
2000-10-05	90.795036
2000-10-06	88.827187
2000-10-09	88.158134
2000-10-10	86.701981
2000-10-11	85.973831
2000-10-12	83.828957
2000-10-13	86.623245
2000-10-16	87.016800
2000-10-17	84.852219
2000-10-18	84.537308
2000-10-19	87.725197
2000-10-20	88.099121
2000-10-23	88.492661
2000-10-24	87.902306
2000-10-25	85.836121
2000-10-26	86.072266
2000-10-27	87.705559
2000-10-30	88.492661
2000-10-31	90.017754
2000-11-01	89.712715
2000-11-02	89.860283
2000-11-03	89.909492
2000-11-06	90.539223
2000-11-07	90.519539
2000-11-08	88.512375
2000-11-09	88.177826
2000-11-10	86.032883
2000-11-13	85.363777
2000-11-14	87.607155
2000-11-15	87.882645
2000-11-16	86.505196
2000-11-17	86.042732
2000-11-20	84.812874
2000-11-21	85.245789
2000-11-22	83.209068
2000-11-24	84.911201
2000-11-27	85.659012
2000-11-28	84.183159
2000-11-29	84.025703
2000-11-30	83.297623
2000-12-01	83.258263
2000-12-04	83.966682
2000-12-05	86.721611
2000-12-06	85.334328
2000-12-07	84.163422
2000-12-08	84.360252
2000-12-11	87.292320
2000-12-12	86.918434
2000-12-13	85.727882
2000-12-14	84.635757
2000-12-15	82.724083
2000-12-18	83.829453
2000-12-19	82.122086
2000-12-20	79.743614
2000-12-21	80.296318
2000-12-22	82.704369
2000-12-26	83.592606
2000-12-27	84.204536
2000-12-28	84.461105
2000-12-29	82.862328
2001-01-02	81.362167
2001-01-03	85.270370
2001-01-04	84.352554
2001-01-05	81.598991
2001-01-08	82.230659
2001-01-09	82.013512
2001-01-10	83.454414
2001-01-11	83.533379
2001-01-12	83.375488
2001-01-16	83.908417
2001-01-17	84.293335
2001-01-18	85.132256
2001-01-19	84.648628
2001-01-22	85.211182
2001-01-23	85.882286
2001-01-24	86.138847
2001-01-25	85.921753
2001-01-26	85.823082
2001-01-29	86.280991
2001-01-30	87.038933
2001-01-31	86.546280
2001-02-01	87.121056
2001-02-02	85.144043
2001-02-05	85.769402
2001-02-06	85.516739
2001-02-07	85.074554
2001-02-08	84.082886
2001-02-09	83.274452
2001-02-12	84.228195
2001-02-13	83.539703
2001-02-14	83.413361
2001-02-15	84.221901
2001-02-16	82.364883
2001-02-20	81.095284
2001-02-21	79.345634
2001-02-22	79.465652
2001-02-23	78.928802
2001-02-26	80.608971
2001-02-27	79.863617
2001-02-28	78.290855
2001-03-01	78.701431
2001-03-02	78.076096
2001-03-05	78.789848
2001-03-06	79.636223
2001-03-07	80.204742
2001-03-08	80.293121
2001-03-09	77.918167
2001-03-12	74.583191
2001-03-13	75.808517
2001-03-14	74.311577
2001-03-15	74.330505
2001-03-16	72.839645
2001-03-19	74.321648
2001-03-20	72.326622
2001-03-21	71.097992
2001-03-22	70.375992
2001-03-23	72.503998
2001-03-26	73.428665
2001-03-27	74.929626
2001-03-28	72.858650
2001-03-29	73.137321
2001-03-30	73.903633
2001-04-02	72.326622
2001-04-03	69.913620
2001-04-04	70.204994
2001-04-05	72.864983
2001-04-06	71.756638
2001-04-09	72.554626
2001-04-10	73.878296
2001-04-11	73.929001
2001-04-12	75.271675
2001-04-16	74.479988
2001-04-17	75.531296
2001-04-18	78.533287
2001-04-19	79.578270
2001-04-20	78.849983
2001-04-23	77.418617
2001-04-24	77.000664
2001-04-25	78.007645
2001-04-26	78.355972
2001-04-27	79.660645
2001-04-30	80.217972
2001-05-01	80.464958
2001-05-02	80.319305
2001-05-03	79.299644
2001-05-04	80.648628
2001-05-07	79.951958
2001-05-08	79.913971
2001-05-09	79.578270
2001-05-10	79.812645
2001-05-11	79.261642
2001-05-14	79.420006
2001-05-15	79.787346
2001-05-16	81.668312
2001-05-17	81.794960
2001-05-18	82.168655
2001-05-21	83.378265
2001-05-22	83.270607
2001-05-23	81.858269
2001-05-24	82.098984
2001-05-25	81.129967
2001-05-29	80.483994
2001-05-30	79.356636
2001-05-31	79.768311
2001-06-01	80.262321
2001-06-04	80.648628
2001-06-05	81.573288
2001-06-06	80.895653
2001-06-07	81.186981
2001-06-08	80.433281
2001-06-11	79.863312
2001-06-12	79.723953
2001-06-13	79.039978
2001-06-14	77.266640
2001-06-15	77.391144
2001-06-18	77.016388
2001-06-19	77.353027
2001-06-20	77.759499
2001-06-21	78.642334
2001-06-22	78.026291
2001-06-25	77.308556
2001-06-26	77.200592
2001-06-27	77.156136
2001-06-28	77.581665
2001-06-29	77.867477
2001-07-02	78.839218
2001-07-03	78.820183
2001-07-05	77.283165
2001-07-06	75.612740
2001-07-09	76.025543
2001-07-10	75.111038
2001-07-11	75.187210
2001-07-12	76.971931
2001-07-13	77.638794
2001-07-16	76.667068
2001-07-17	77.384781
2001-07-18	76.857605
2001-07-19	77.530838
2001-07-20	77.067207
2001-07-23	75.549210
2001-07-24	74.818825
2001-07-25	75.644524
2001-07-26	76.438423
2001-07-27	76.730560
2001-07-30	76.756027
2001-07-31	77.073593
2001-08-01	77.556236
2001-08-02	77.873810
2001-08-03	77.448280
2001-08-06	76.406662
2001-08-07	76.705170
2001-08-08	75.282509
2001-08-09	75.504753
2001-08-10	75.765205
2001-08-13	75.784233
2001-08-14	75.752487
2001-08-15	75.098282
2001-08-16	75.358704
2001-08-17	74.151924
2001-08-20	74.837883
2001-08-21	73.561279
2001-08-22	74.323410
2001-08-23	74.056679
2001-08-24	75.593704
2001-08-27	75.142723
2001-08-28	74.043953
2001-08-29	73.383415
2001-08-30	71.973427
2001-08-31	72.500626
2001-09-04	72.036949
2001-09-05	72.214806
2001-09-06	70.353836
2001-09-07	69.051811
2001-09-10	69.896553
2001-09-17	66.244514
2001-09-18	66.085709
2001-09-19	64.751923
2001-09-20	62.694122
2001-09-21	62.017715
2001-09-24	64.198013
2001-09-25	64.867409
2001-09-26	64.637901
2001-09-27	65.198914
2001-09-28	66.582344
2001-10-01	66.473953
2001-10-02	67.309128
2001-10-03	68.437523
2001-10-04	68.494888
2001-10-05	68.361008
2001-10-08	67.914757
2001-10-09	67.551346
2001-10-10	69.055916
2001-10-11	70.126930
2001-10-12	69.808197
2001-10-15	69.680656
2001-10-16	70.120567
2001-10-17	68.628761
2001-10-18	68.482124
2001-10-19	68.437523
2001-10-22	69.789055
2001-10-23	69.432037
2001-10-24	69.247177
2001-10-25	70.490334
2001-10-26	70.330948
2001-10-29	68.501259
2001-10-30	67.678879
2001-10-31	67.449371
2001-11-01	69.177055
2001-11-02	69.648788
2001-11-05	70.560486
2001-11-06	71.656952
2001-11-07	71.561371
2001-11-08	71.784485
2001-11-09	71.860962
2001-11-12	71.421112
2001-11-13	73.027626
2001-11-14	73.097778
2001-11-15	73.231636
2001-11-16	72.906509
2001-11-19	73.805397
2001-11-20	73.187057
2001-11-21	72.702507
2001-11-23	73.748047
2001-11-26	73.907433
2001-11-27	73.588638
2001-11-28	72.256233
2001-11-29	73.231636
2001-11-30	72.708885
2001-12-03	72.275368
2001-12-04	73.499413
2001-12-05	74.844589
2001-12-06	74.806290
2001-12-07	74.309036
2001-12-10	72.919228
2001-12-11	72.772659
2001-12-12	72.855499
2001-12-13	71.440193
2001-12-14	72.122353
2001-12-17	72.868240
2001-12-18	73.301788
2001-12-19	73.818199
2001-12-20	73.091385
2001-12-21	73.534698
2001-12-24	73.393974
2001-12-26	73.797005
2001-12-27	74.244812
2001-12-28	74.206406
2001-12-31	73.118881
2002-01-02	73.905769
2002-01-03	74.743752
2002-01-04	75.242706
2002-01-07	74.711792
2002-01-08	74.539040
2002-01-09	73.931343
2002-01-10	74.257591
2002-01-11	73.528305
2002-01-14	73.067734
2002-01-15	73.662651
2002-01-16	72.172127
2002-01-17	72.715889
2002-01-18	72.383194
2002-01-22	71.884277
2002-01-23	72.434433
2002-01-24	72.658340
2002-01-25	72.639099
2002-01-28	72.837433
2002-01-29	70.547249
2002-01-30	71.564377
2002-01-31	72.402443
2002-02-01	72.063347
2002-02-04	70.272232
2002-02-05	69.837166
2002-02-06	69.536507
2002-02-07	69.101524
2002-02-08	70.425713
2002-02-11	71.289322
2002-02-12	71.065422
2002-02-13	71.820282
2002-02-14	71.685936
2002-02-15	70.937500
2002-02-19	69.574913
2002-02-20	70.745567
2002-02-21	69.280624
2002-02-22	70.137863
2002-02-25	71.295700
2002-02-26	71.148590
2002-02-27	71.423668
2002-02-28	71.103806
2002-03-01	72.760628
2002-03-04	74.046516
2002-03-05	73.809784
2002-03-06	74.686226
2002-03-07	74.526268
2002-03-08	74.839729
2002-03-11	74.999603
2002-03-12	74.954895
2002-03-13	74.231979
2002-03-14	74.129631
2002-03-15	74.835983
2002-03-18	74.848824
2002-03-19	75.349190
2002-03-20	73.931427
2002-03-21	73.963486
2002-03-22	73.803070
2002-03-25	72.885666
2002-03-26	73.309097
2002-03-27	73.501541
2002-03-28	73.469475
2002-04-01	73.501541
2002-04-02	73.097420
2002-04-03	72.584145
2002-04-04	72.282600
2002-04-05	72.295479
2002-04-08	72.449448
2002-04-09	71.942627
2002-04-10	72.757355
2002-04-11	70.948219
2002-04-12	71.480705
2002-04-15	70.935425
2002-04-16	72.622673
2002-04-17	72.468704
2002-04-18	72.154320
2002-04-19	72.417328
2002-04-22	71.211212
2002-04-23	70.903313
2002-04-24	70.191200
2002-04-25	70.229698
2002-04-26	68.895279
2002-04-29	68.555252
2002-04-30	69.196838
2002-05-01	70.043648
2002-05-02	69.774200
2002-05-03	69.017204
2002-05-06	67.663544
2002-05-07	67.426140
2002-05-08	69.934586
2002-05-09	69.126236
2002-05-10	67.823929
2002-05-13	69.203255
2002-05-14	70.710869
2002-05-15	70.434982
2002-05-16	70.800659
2002-05-17	71.147110
2002-05-20	70.377281
2002-05-21	69.735703
2002-05-22	69.889687
2002-05-23	70.633888
2002-05-24	69.729294
2002-05-28	69.350761
2002-05-29	68.837524
2002-05-30	68.645073
2002-05-31	68.786201
2002-06-03	66.957832
2002-06-04	67.124611
2002-06-05	67.753357
2002-06-06	66.374016
2002-06-07	66.297028
2002-06-10	66.553665
2002-06-11	65.411682
2002-06-12	65.809464
2002-06-13	65.148682
2002-06-14	65.052452
2002-06-17	66.797432
2002-06-18	67.342758
2002-06-19	65.770981
2002-06-20	64.930595
2002-06-21	63.915257
2002-06-24	64.250076
2002-06-25	62.807968
2002-06-26	62.911003
2002-06-27	64.011864
2002-06-28	63.709309
2002-07-01	62.466789
2002-07-02	61.140587
2002-07-03	61.488201
2002-07-05	63.934612
2002-07-08	63.136311
2002-07-09	61.546154
2002-07-10	59.305771
2002-07-11	59.788631
2002-07-12	59.131985
2002-07-15	59.447407
2002-07-16	58.301472
2002-07-17	58.417347
2002-07-18	56.524624
2002-07-19	54.535320
2002-07-22	52.919418
2002-07-23	51.470863
2002-07-24	54.541737
2002-07-25	54.078213
2002-07-26	55.108261
2002-07-29	57.792877
2002-07-30	58.546085
2002-07-31	58.687752
2002-08-01	57.155537
2002-08-02	55.874382
2002-08-05	53.930130
2002-08-06	55.745621
2002-08-07	56.717731
2002-08-08	58.552536
2002-08-09	58.771427
2002-08-12	58.340107
2002-08-13	57.277855
2002-08-14	59.370152
2002-08-15	60.194191
2002-08-16	60.013950
2002-08-19	61.417381
2002-08-20	60.767159
2002-08-21	61.642708
2002-08-22	62.241493
2002-08-23	60.902351
2002-08-26	61.327259
2002-08-27	60.619133
2002-08-28	59.292915
2002-08-29	59.318645
2002-08-30	59.086895
2002-09-03	56.833630
2002-09-04	57.644806
2002-09-05	57.155537
2002-09-06	57.940948
2002-09-09	58.365841
2002-09-10	59.035370
2002-09-11	58.668434
2002-09-12	57.586861
2002-09-13	57.728485
2002-09-16	57.870148
2002-09-17	56.543888
2002-09-18	55.977402
2002-09-19	54.528866
2002-09-20	54.546974
2002-09-23	54.100761
2002-09-24	53.227749
2002-09-25	54.546974
2002-09-26	55.439381
2002-09-27	53.512280
2002-09-30	52.891476
2002-10-01	55.432919
2002-10-02	53.770962
2002-10-03	53.227749
2002-10-04	52.251286
2002-10-07	51.171352
2002-10-08	51.973209
2002-10-09	50.505245
2002-10-10	52.141335
2002-10-11	54.424114
2002-10-14	54.728016
2002-10-15	57.360016
2002-10-16	55.969662
2002-10-17	57.081974
2002-10-18	57.321232
2002-10-21	58.310593
2002-10-22	57.890297
2002-10-23	58.330044
2002-10-24	57.140171
2002-10-25	58.330044
2002-10-28	57.948494
2002-10-29	57.275932
2002-10-30	57.832092
2002-10-31	57.243610
2002-11-01	58.375278
2002-11-04	58.931400
2002-11-05	59.397053
2002-11-06	60.166553
2002-11-07	58.692169
2002-11-08	57.974350
2002-11-11	57.075478
2002-11-12	57.528164
2002-11-13	57.586342
2002-11-14	58.672783
2002-11-15	59.106064
2002-11-18	58.511066
2002-11-19	58.433514
2002-11-20	59.733330
2002-11-21	60.845573
2002-11-22	60.412289
2002-11-25	60.451122
2002-11-26	59.300049
2002-11-27	60.968433
2002-11-29	60.774479
2002-12-02	60.871464
2002-12-03	60.056625
2002-12-04	59.785038
2002-12-05	59.125412
2002-12-06	59.513451
2002-12-09	57.877335
2002-12-10	58.653351
2002-12-11	58.705063
2002-12-12	58.698639
2002-12-13	57.773891
2002-12-16	59.267651
2002-12-17	58.750362
2002-12-18	58.071358
2002-12-19	57.657459
2002-12-20	58.480213
2002-12-23	58.499676
2002-12-24	58.064304
2002-12-26	58.090282
2002-12-27	56.784100
2002-12-30	57.258495
2002-12-31	57.336449
2003-01-02	59.182022
2003-01-03	59.363960
2003-01-06	60.410240
2003-01-07	60.260807
2003-01-08	59.389973
2003-01-09	60.312782
2003-01-10	60.475273
2003-01-13	60.455750
2003-01-14	60.650700
2003-01-15	60.046333
2003-01-16	59.799404
2003-01-17	58.915573
2003-01-21	57.999321
2003-01-22	57.297459
2003-01-23	57.648384
2003-01-24	56.134193
2003-01-27	55.367382
2003-01-28	55.776779
2003-01-29	56.199215
2003-01-30	54.867012
2003-01-31	55.926273
2003-02-03	56.036747
2003-02-04	55.484379
2003-02-05	55.139946
2003-02-06	54.879986
2003-02-07	54.210697
2003-02-10	54.594070
2003-02-11	54.217171
2003-02-12	53.352852
2003-02-13	53.515308
2003-02-14	54.685078
2003-02-18	55.646835
2003-02-19	55.354393
2003-02-20	54.802029
2003-02-21	55.354393
2003-02-24	54.457611
2003-02-25	54.893002
2003-02-26	54.093674
2003-02-27	54.808517
2003-02-28	55.172470
2003-03-03	54.646027
2003-03-04	53.775257
2003-03-05	54.230145
2003-03-06	53.775257
2003-03-07	54.145660
2003-03-10	52.845982
2003-03-11	52.326077
2003-03-12	52.677025
2003-03-13	54.496597
2003-03-14	54.672047
2003-03-17	56.394146
2003-03-18	56.725605
2003-03-19	57.160999
2003-03-20	57.284477
2003-03-21	58.507195
2003-03-24	56.562843
2003-03-25	57.104404
2003-03-26	56.817284
2003-03-27	56.862968
2003-03-28	56.575867
2003-03-31	55.290504
2003-04-01	56.138718
2003-04-02	57.495872
2003-04-03	57.221813
2003-04-04	57.561115
2003-04-07	57.450191
2003-04-08	57.541546
2003-04-09	56.784637
2003-04-10	57.097870
2003-04-11	56.862968
2003-04-14	58.037399
2003-04-15	58.578964
2003-04-16	57.580673
2003-04-17	58.435429
2003-04-21	58.494148
2003-04-22	59.596840
2003-04-23	60.144886
2003-04-24	59.609901
2003-04-25	58.872559
2003-04-28	59.890419
2003-04-29	60.099228
2003-04-30	59.968742
2003-05-01	59.962234
2003-05-02	60.816944
2003-05-05	60.699524
2003-05-06	61.273689
2003-05-07	60.934364
2003-05-08	60.321068
2003-05-09	61.156208
2003-05-12	61.906551
2003-05-13	61.795673
2003-05-14	61.665176
2003-05-15	62.056660
2003-05-16	61.900017
2003-05-19	60.451576
2003-05-20	60.327602
2003-05-21	60.451576
2003-05-22	61.051849
2003-05-23	61.175804
2003-05-27	62.245869
2003-05-28	62.422020
2003-05-29	62.258900
2003-05-30	63.257183
2003-06-02	63.518181
2003-06-03	63.779182
2003-06-04	64.699150
2003-06-05	65.018883
2003-06-06	64.764412
2003-06-09	64.105392
2003-06-10	64.757874
2003-06-11	65.442978
2003-06-12	65.645233
2003-06-13	64.960175
2003-06-16	66.330368
2003-06-17	66.330368
2003-06-18	66.271606
2003-06-19	65.260292
2003-06-20	65.116241
2003-06-23	64.448296
2003-06-24	64.513771
2003-06-25	63.865475
2003-06-26	64.697113
2003-06-27	63.950638
2003-06-30	63.930981
2003-07-01	64.520325
2003-07-02	65.332336
2003-07-03	64.657883
2003-07-07	65.941315
2003-07-08	66.236023
2003-07-09	65.862701
2003-07-10	65.024551
2003-07-11	65.640114
2003-07-14	65.960953
2003-07-15	65.816895
2003-07-16	65.430580
2003-07-17	64.500641
2003-07-18	65.162064
2003-07-21	64.356575
2003-07-22	64.939407
2003-07-23	64.985229
2003-07-24	64.494141
2003-07-25	65.633507
2003-07-28	65.391273
2003-07-29	65.090004
2003-07-30	64.932877
2003-07-31	65.083496
2003-08-01	64.507240
2003-08-04	64.507240
2003-08-05	63.138634
2003-08-06	63.505356
2003-08-07	64.173286
2003-08-08	64.356575
2003-08-11	64.598923
2003-08-12	65.188232
2003-08-13	64.854294
2003-08-14	65.031067
2003-08-15	65.234123
2003-08-18	65.797264
2003-08-19	66.046097
2003-08-20	65.777588
2003-08-21	65.987167
2003-08-22	65.332336
2003-08-25	65.437073
2003-08-26	65.554970
2003-08-27	65.574570
2003-08-28	65.980598
2003-08-29	66.425888
2003-09-02	67.316452
2003-09-03	67.683159
2003-09-04	67.715874
2003-09-05	67.336082
2003-09-08	67.892708
2003-09-09	67.447388
2003-09-10	66.766373
2003-09-11	66.962860
2003-09-12	67.087242
2003-09-15	66.851509
2003-09-16	67.827209
2003-09-17	67.696274
2003-09-18	68.495125
2003-09-19	68.146759
2003-09-22	67.410538
2003-09-23	67.666924
2003-09-24	66.463959
2003-09-25	65.918343
2003-09-26	65.701416
2003-09-29	66.345642
2003-09-30	65.701416
2003-10-01	67.101608
2003-10-02	67.344765
2003-10-03	67.962708
2003-10-06	68.271652
2003-10-07	68.534592
2003-10-08	68.363655
2003-10-09	68.547752
2003-10-10	68.738358
2003-10-13	68.955261
2003-10-14	69.198494
2003-10-15	69.014450
2003-10-16	69.290520
2003-10-17	68.534592
2003-10-20	69.047295
2003-10-21	68.928993
2003-10-22	68.061287
2003-10-23	67.936386
2003-10-24	68.087601
2003-10-27	68.120445
2003-10-28	69.047295
2003-10-29	69.139359
2003-10-30	69.283981
2003-10-31	69.218246
2003-11-03	69.671776
2003-11-04	69.520584
2003-11-05	69.573219
2003-11-06	69.941315
2003-11-07	69.421974
2003-11-10	69.139359
2003-11-11	69.119637
2003-11-12	69.895264
2003-11-13	69.915001
2003-11-14	69.323395
2003-11-17	68.975006
2003-11-18	68.258484
2003-11-19	68.836960
2003-11-20	68.219109
2003-11-21	68.501701
2003-11-24	69.408890
2003-11-25	69.671776
2003-11-26	69.921593
2003-11-28	69.974159
2003-12-01	70.730110
2003-12-02	70.552666
2003-12-03	70.440865
2003-12-04	70.730110
2003-12-05	70.237083
2003-12-08	70.710350
2003-12-09	70.164795
2003-12-10	70.158234
2003-12-11	70.947052
2003-12-12	71.085091
2003-12-15	70.730110
2003-12-16	71.098244
2003-12-17	71.321709
2003-12-18	72.123672
2003-12-19	71.922859
2003-12-22	72.424820
2003-12-23	72.471046
2003-12-24	72.398422
2003-12-26	72.451271
2003-12-29	73.415550
2003-12-30	73.428696
2003-12-31	73.494766
2004-01-02	73.461761
2004-01-05	74.260895
2004-01-06	74.333549
2004-01-07	74.584518
2004-01-08	74.881721
2004-01-09	74.227859
2004-01-12	74.776031
2004-01-13	74.340118
2004-01-14	74.960976
2004-01-15	75.145889
2004-01-16	75.443100
2004-01-20	75.423264
2004-01-21	76.017662
2004-01-22	75.819519
2004-01-23	75.575180
2004-01-26	76.526253
2004-01-27	75.740295
2004-01-28	74.875099
2004-01-29	74.947716
2004-01-30	74.947716
2004-02-02	75.271362
2004-02-03	75.145889
2004-02-04	74.531670
2004-02-05	74.749634
2004-02-06	75.588394
2004-02-09	75.608208
2004-02-10	75.852585
2004-02-11	76.658340
2004-02-12	76.380928
2004-02-13	76.037483
2004-02-17	76.724365
2004-02-18	76.387520
2004-02-19	76.103508
2004-02-20	75.872375
2004-02-23	75.680832
2004-02-24	75.548737
2004-02-25	75.865768
2004-02-26	75.912025
2004-02-27	75.964836
2004-03-01	76.717751
2004-03-02	76.268669
2004-03-03	76.407318
2004-03-04	76.605499
2004-03-05	76.863045
2004-03-08	75.925224
2004-03-09	75.621407
2004-03-10	74.353317
2004-03-11	73.389107
2004-03-12	74.353317
2004-03-15	73.441963
2004-03-16	73.831581
2004-03-17	74.657173
2004-03-18	74.676956
2004-03-19	73.606613
2004-03-22	72.672127
2004-03-23	72.546173
2004-03-24	72.605858
2004-03-25	73.566841
2004-03-26	73.586731
2004-03-29	74.620628
2004-03-30	74.872482
2004-03-31	74.958641
2004-04-01	75.409325
2004-04-02	75.979332
2004-04-05	76.396835
2004-04-06	76.151611
2004-04-07	75.972672
2004-04-08	75.800377
2004-04-12	76.098595
2004-04-13	75.031563
2004-04-14	75.150826
2004-04-15	74.865852
2004-04-16	75.442513
2004-04-19	75.442513
2004-04-20	74.176552
2004-04-21	74.673668
2004-04-22	75.720818
2004-04-23	75.793762
2004-04-26	75.687691
2004-04-27	75.753990
2004-04-28	74.773079
2004-04-29	74.116936
2004-04-30	73.540352
2004-05-03	74.329041
2004-05-04	74.269379
2004-05-05	74.746574
2004-05-06	74.103676
2004-05-07	72.877579
2004-05-10	72.128654
2004-05-11	72.738403
2004-05-12	73.202347
2004-05-13	72.897469
2004-05-14	72.930588
2004-05-17	72.307579
2004-05-18	72.672127
2004-05-19	72.420250
2004-05-20	72.652206
2004-05-21	72.778183
2004-05-24	73.083015
2004-05-25	74.130249
2004-05-26	74.388641
2004-05-27	74.806244
2004-05-28	74.799568
2004-06-01	74.700180
2004-06-02	74.978546
2004-06-03	74.289253
2004-06-04	74.879105
2004-06-07	76.019081
2004-06-08	76.125145
2004-06-09	75.415932
2004-06-10	75.787125
2004-06-14	75.038162
2004-06-15	75.568436
2004-06-16	75.555138
2004-06-17	75.442513
2004-06-18	75.584839
2004-06-21	75.298790
2004-06-22	75.677933
2004-06-23	76.329811
2004-06-24	76.090378
2004-06-25	75.724480
2004-06-28	75.465073
2004-06-29	75.777733
2004-06-30	76.183510
2004-07-01	75.125824
2004-07-02	75.085953
2004-07-06	74.427383
2004-07-07	74.646873
2004-07-08	74.128059
2004-07-09	74.320976
2004-07-12	74.354240
2004-07-13	74.407433
2004-07-14	74.181290
2004-07-15	73.702354
2004-07-16	73.642502
2004-07-19	73.329826
2004-07-20	74.261108
2004-07-21	72.890831
2004-07-22	73.090408
2004-07-23	72.478416
2004-07-26	72.338715
2004-07-27	73.017204
2004-07-28	73.236740
2004-07-29	73.549347
2004-07-30	73.728958
2004-08-02	73.881973
2004-08-03	73.309875
2004-08-04	73.303253
2004-08-05	72.105904
2004-08-06	71.074867
2004-08-09	71.174675
2004-08-10	72.092598
2004-08-11	71.946274
2004-08-12	71.161331
2004-08-13	71.301048
2004-08-16	72.039398
2004-08-17	72.445160
2004-08-18	73.190178
2004-08-19	72.977272
2004-08-20	73.489494
2004-08-23	73.303253
2004-08-24	73.403008
2004-08-25	73.901886
2004-08-26	73.901886
2004-08-27	74.134735
2004-08-30	73.522720
2004-08-31	73.908577
2004-09-01	74.048241
2004-09-02	74.886353
2004-09-03	74.580376
2004-09-07	75.072624
2004-09-08	74.886353
2004-09-09	74.819862
2004-09-10	75.205635
2004-09-13	75.451775
2004-09-14	75.604782
2004-09-15	75.032722
2004-09-16	75.258881
2004-09-17	75.578789
2004-09-20	75.124619
2004-09-21	75.451881
2004-09-22	74.510094
2004-09-23	74.109314
2004-09-24	74.449989
2004-09-27	73.975739
2004-09-28	74.329727
2004-09-29	74.703835
2004-09-30	74.650375
2004-10-01	75.912827
2004-10-04	76.039726
2004-10-05	76.079803
2004-10-06	76.600800
2004-10-07	75.779175
2004-10-08	75.151321
2004-10-11	75.458588
2004-10-12	75.164703
2004-10-13	74.503387
2004-10-14	73.902245
2004-10-15	74.316391
2004-10-18	74.596939
2004-10-19	73.969086
2004-10-20	73.822151
2004-10-21	74.303001
2004-10-22	73.468094
2004-10-25	73.381264
2004-10-26	74.503387
2004-10-27	75.398476
2004-10-28	75.625565
2004-10-29	75.612236
2004-11-01	75.819267
2004-11-02	75.846008
2004-11-03	76.801193
2004-11-04	77.849869
2004-11-05	78.337486
2004-11-08	78.223915
2004-11-09	78.070290
2004-11-10	78.130371
2004-11-11	78.724892
2004-11-12	79.346123
2004-11-15	79.540985
2004-11-16	78.971565
2004-11-17	79.440544
2004-11-18	79.547745
2004-11-19	78.663445
2004-11-22	79.038620
2004-11-23	79.159180
2004-11-24	79.346733
2004-11-26	79.286476
2004-11-29	78.924660
2004-11-30	78.978302
2004-12-01	79.875961
2004-12-02	79.943001
2004-12-03	79.889389
2004-12-06	79.862610
2004-12-07	79.118965
2004-12-08	79.581245
2004-12-09	79.862610
2004-12-10	79.943001
2004-12-13	80.639717
2004-12-14	80.921097
2004-12-15	80.981384
2004-12-16	80.934464
2004-12-17	80.394684
2004-12-20	80.414841
2004-12-21	81.034081
2004-12-22	81.229263
2004-12-23	81.289886
2004-12-27	81.121597
2004-12-28	81.565842
2004-12-29	81.686989
2004-12-30	81.532196
2004-12-31	81.357224
2005-01-03	80.973518
2005-01-04	79.984085
2005-01-05	79.432152
2005-01-06	79.836006
2005-01-07	79.721573
2005-01-10	80.098495
2005-01-11	79.546562
2005-01-12	79.809074
2005-01-13	79.169640
2005-01-14	79.586960
2005-01-18	80.414841
2005-01-19	79.573486
2005-01-20	79.088867
2005-01-21	78.604263
2005-01-24	78.449440
2005-01-25	78.671524
2005-01-26	78.907143
2005-01-27	79.041740
2005-01-28	79.041740
2005-01-31	79.533081
2005-02-01	80.037941
2005-02-02	80.280243
2005-02-03	80.071571
2005-02-04	80.926407
2005-02-07	80.818733
2005-02-08	80.912949
2005-02-09	80.307144
2005-02-10	80.596596
2005-02-11	81.289886
2005-02-14	81.229263
2005-02-15	81.532196
2005-02-16	81.586060
2005-02-17	80.926407
2005-02-18	81.034081
2005-02-22	79.829247
2005-02-23	80.401428
2005-02-24	80.933136
2005-02-25	81.734161
2005-02-28	81.195671
2005-03-01	81.599525
2005-03-02	81.559120
2005-03-03	81.592804
2005-03-04	82.609169
2005-03-07	82.649529
2005-03-08	82.339890
2005-03-09	81.424492
2005-03-10	81.606239
2005-03-11	81.034081
2005-03-14	81.538948
2005-03-15	80.865837
2005-03-16	80.179283
2005-03-17	80.340813
2005-03-18	80.102264
2005-03-21	79.804970
2005-03-22	78.994072
2005-03-23	79.061638
2005-03-24	79.156242
2005-03-28	79.271126
2005-03-29	78.744064
2005-03-30	79.859016
2005-03-31	79.710365
2005-04-01	79.352219
2005-04-04	79.487366
2005-04-05	79.865738
2005-04-06	80.142838
2005-04-07	80.575287
2005-04-08	79.737389
2005-04-11	79.798210
2005-04-12	80.210403
2005-04-13	79.264351
2005-04-14	78.230461
2005-04-15	77.135757
2005-04-18	77.372292
2005-04-19	77.987206
2005-04-20	76.899284
2005-04-21	78.392654
2005-04-22	78.095337
2005-04-25	78.608887
2005-04-26	77.845314
2005-04-27	78.149361
2005-04-28	77.169571
2005-04-29	78.216972
2005-05-02	78.656197
2005-05-03	78.791336
2005-05-04	79.399506
2005-05-05	79.372490
2005-05-06	79.122475
2005-05-09	79.615746
2005-05-10	78.791336
2005-05-11	79.223816
2005-05-12	78.352119
2005-05-13	78.196701
2005-05-16	78.926491
2005-05-17	79.453552
2005-05-18	80.271233
2005-05-19	80.609108
2005-05-20	80.494232
2005-05-23	80.940216
2005-05-24	80.750969
2005-05-25	80.690170
2005-05-26	81.122658
2005-05-27	81.257797
2005-05-31	80.737503
2005-06-01	81.426743
2005-06-02	81.602409
2005-06-03	81.190239
2005-06-06	81.115875
2005-06-07	81.176720
2005-06-08	81.028076
2005-06-09	81.413216
2005-06-10	81.224014
2005-06-13	81.480789
2005-06-14	81.669983
2005-06-15	81.825417
2005-06-16	82.034897
2005-06-17	82.338844
2005-06-20	82.365997
2005-06-21	82.413437
2005-06-22	82.481339
2005-06-23	81.321175
2005-06-24	80.724113
2005-06-27	80.839462
2005-06-28	81.517929
2005-06-29	81.300804
2005-06-30	80.859802
2005-07-01	81.097267
2005-07-05	81.748581
2005-07-06	81.063362
2005-07-07	81.382202
2005-07-08	82.311684
2005-07-11	82.732346
2005-07-12	82.949493
2005-07-13	83.064804
2005-07-14	83.390495
2005-07-15	83.342987
2005-07-18	83.010521
2005-07-19	83.465118
2005-07-20	83.750114
2005-07-21	83.261551
2005-07-22	83.817924
2005-07-25	83.580444
2005-07-26	83.682228
2005-07-27	83.987549
2005-07-28	84.516739
2005-07-29	83.953590
2005-08-01	83.892555
2005-08-02	84.394630
2005-08-03	84.618507
2005-08-04	83.940048
2005-08-05	83.370087
2005-08-08	83.214081
2005-08-09	83.716156
2005-08-10	83.675446
2005-08-11	84.007866
2005-08-12	83.492218
2005-08-15	84.007866
2005-08-16	82.915550
2005-08-17	82.908752
2005-08-18	82.901993
2005-08-19	83.091934
2005-08-22	83.091934
2005-08-23	82.935890
2005-08-24	82.196342
2005-08-25	82.494911
2005-08-26	81.931786
2005-08-29	82.562744
2005-08-30	82.128555
2005-08-31	83.166588
2005-09-01	83.105530
2005-09-02	82.956276
2005-09-06	83.926453
2005-09-07	84.068939
2005-09-08	83.790802
2005-09-09	84.537064
2005-09-12	84.367447
2005-09-13	83.899345
2005-09-14	83.594017
2005-09-15	83.553307
2005-09-16	84.147461
2005-09-19	83.868118
2005-09-20	83.159500
2005-09-21	82.382751
2005-09-22	82.675751
2005-09-23	82.743866
2005-09-26	82.839241
2005-09-27	82.818794
2005-09-28	82.900566
2005-09-29	83.575150
2005-09-30	83.834023
2005-10-03	83.534218
2005-10-04	82.594017
2005-10-05	81.510582
2005-10-06	81.217621
2005-10-07	81.496979
2005-10-10	80.808792
2005-10-11	80.692986
2005-10-12	80.059311
2005-10-13	80.011627
2005-10-14	80.856544
2005-10-17	81.156281
2005-10-18	80.277351
2005-10-19	81.612823
2005-10-20	80.175171
2005-10-21	80.488548
2005-10-24	81.735458
2005-10-25	81.571930
2005-10-26	81.333466
2005-10-27	80.468147
2005-10-28	81.626434
2005-10-31	81.851288
2005-11-01	82.096588
2005-11-02	82.955086
2005-11-03	83.309402
2005-11-04	83.200378
2005-11-07	83.282135
2005-11-08	83.282135
2005-11-09	83.391144
2005-11-10	84.038414
2005-11-11	84.324593
2005-11-14	84.276894
2005-11-15	83.970276
2005-11-16	84.140663
2005-11-17	84.924202
2005-11-18	85.258080
2005-11-21	85.687332
2005-11-22	86.055229
2005-11-23	86.552643
2005-11-25	86.620758
2005-11-28	86.007568
2005-11-29	85.912148
2005-11-30	85.448860
2005-12-01	86.320976
2005-12-02	86.430000
2005-12-05	86.246063
2005-12-06	86.409569
2005-12-07	85.905334
2005-12-08	85.850861
2005-12-09	86.075684
2005-12-12	86.157455
2005-12-13	86.743401
2005-12-14	87.084076
2005-12-15	86.832008
2005-12-16	86.552544
2005-12-19	86.107285
2005-12-20	86.189491
2005-12-21	86.326485
2005-12-22	86.778557
2005-12-23	86.826546
2005-12-27	85.942879
2005-12-28	86.134689
2005-12-29	85.751122
2005-12-30	85.285362
2006-01-03	86.785439
2006-01-04	87.196388
2006-01-05	87.251190
2006-01-06	87.977272
2006-01-09	88.203293
2006-01-10	88.292313
2006-01-11	88.573166
2006-01-12	88.223824
2006-01-13	88.141632
2006-01-17	87.901901
2006-01-18	87.552589
2006-01-19	87.888199
2006-01-20	86.285416
2006-01-23	86.593620
2006-01-24	86.682655
2006-01-25	86.758003
2006-01-26	87.237480
2006-01-27	88.045723
2006-01-30	87.977272
2006-01-31	87.333397
2006-02-01	87.943016
2006-02-02	86.922401
2006-02-03	86.490875
2006-02-06	86.716919
2006-02-07	85.949745
2006-02-08	86.730621
2006-02-09	86.586784
2006-02-10	86.744316
2006-02-13	86.586784
2006-02-14	87.504623
2006-02-15	87.812874
2006-02-16	88.470451
2006-02-17	88.230721
2006-02-21	88.011497
2006-02-22	88.545799
2006-02-23	88.415627
2006-02-24	88.641663
2006-02-27	88.675903
2006-02-28	87.833397
2006-03-01	88.614281
2006-03-02	88.607437
2006-03-03	88.196442
2006-03-06	87.792320
2006-03-07	87.655319
2006-03-08	87.840279
2006-03-09	87.251190
2006-03-10	88.080009
2006-03-13	88.244415
2006-03-14	89.169090
2006-03-15	89.566368
2006-03-16	89.751328
2006-03-17	89.826271
2006-03-20	89.681877
2006-03-21	89.117973
2006-03-22	89.661232
2006-03-23	89.475563
2006-03-24	89.544319
2006-03-27	89.413681
2006-03-28	88.863541
2006-03-29	89.420517
2006-03-30	89.262383
2006-03-31	89.283012
2006-04-03	89.214241
2006-04-04	89.785019
2006-04-05	90.094482
2006-04-06	89.998207
2006-04-07	89.083572
2006-04-10	89.221123
2006-04-11	88.464661
2006-04-12	88.629700
2006-04-13	88.512787
2006-04-17	88.478409
2006-04-18	89.881287
2006-04-19	90.053223
2006-04-20	90.177010
2006-04-21	90.190750
2006-04-24	90.025688
2006-04-25	89.654381
2006-04-26	89.674957
2006-04-27	90.108238
2006-04-28	90.410812
2006-05-01	89.674957
2006-05-02	90.348930
2006-05-03	90.011948
2006-05-04	90.335197
2006-05-05	91.132896
2006-05-08	91.022881
2006-05-09	91.201653
2006-05-10	91.153534
2006-05-11	90.053223
2006-05-12	88.877274
2006-05-15	89.056061
2006-05-16	88.925385
2006-05-17	87.233704
2006-05-18	86.793579
2006-05-19	87.405594
2006-05-22	86.738525
2006-05-23	86.078346
2006-05-24	86.766075
2006-05-25	87.838852
2006-05-26	88.285866
2006-05-30	86.717896
2006-05-31	87.687569
2006-06-01	88.526527
2006-06-02	88.712212
2006-06-05	87.419373
2006-06-06	87.206200
2006-06-07	86.552887
2006-06-08	86.477219
2006-06-09	86.202148
2006-06-12	85.266861
2006-06-13	84.276611
2006-06-14	84.929932
2006-06-15	86.731659
2006-06-16	86.099655
2006-06-19	85.422737
2006-06-20	85.712830
2006-06-21	86.348312
2006-06-22	85.968407
2006-06-23	85.954628
2006-06-26	86.334496
2006-06-27	85.588493
2006-06-28	86.168732
2006-06-29	87.909386
2006-06-30	87.916290
2006-07-03	88.275459
2006-07-05	87.771202
2006-07-06	88.026802
2006-07-07	87.453491
2006-07-10	87.619240
2006-07-11	88.006065
2006-07-12	87.066666
2006-07-13	85.650658
2006-07-14	85.319130
2006-07-17	85.194771
2006-07-18	85.629951
2006-07-19	86.818001
2006-07-20	86.223999
2006-07-21	85.616127
2006-07-24	87.177185
2006-07-25	87.488022
2006-07-26	87.605431
2006-07-27	87.522537
2006-07-28	88.399788
2006-07-31	88.309990
2006-08-01	87.874832
2006-08-02	88.468849
2006-08-03	88.703705
2006-08-04	88.551758
2006-08-07	88.344521
2006-08-08	88.006065
2006-08-09	87.709045
2006-08-10	87.978439
2006-08-11	87.729782
2006-08-14	87.798897
2006-08-15	88.848763
2006-08-16	89.587830
2006-08-17	89.815788
2006-08-18	90.271683
2006-08-21	89.884857
2006-08-22	89.877968
2006-08-23	89.629288
2006-08-24	89.553314
2006-08-25	89.663795
2006-08-28	90.092079
2006-08-29	90.195686
2006-08-30	90.250954
2006-08-31	90.237160
2006-09-01	90.775917
2006-09-05	90.948563
2006-09-06	90.147339
2006-09-07	89.732918
2006-09-08	89.988457
2006-09-11	90.078278
2006-09-12	90.962387
2006-09-13	91.328522
2006-09-14	91.335403
2006-09-15	91.549797
2006-09-18	91.674652
2006-09-19	91.445717
2006-09-20	91.931328
2006-09-21	91.487305
2006-09-22	91.209808
2006-09-25	91.910545
2006-09-26	92.673660
2006-09-27	92.784683
2006-09-28	92.749992
2006-09-29	92.673660
2006-10-02	92.326782
2006-10-03	92.521049
2006-10-04	93.603317
2006-10-05	93.783684
2006-10-06	93.665764
2006-10-09	93.721268
2006-10-10	93.846153
2006-10-11	93.735123
2006-10-12	94.546867
2006-10-13	94.789688
2006-10-16	94.935341
2006-10-17	94.637039
2006-10-18	94.761932
2006-10-19	94.914536
2006-10-20	94.935341
2006-10-23	95.372383
2006-10-24	95.656906
2006-10-25	95.982964
2006-10-26	96.281258
2006-10-27	95.677689
2006-10-30	95.608292
2006-10-31	95.594406
2006-11-01	94.949249
2006-11-02	94.893738
2006-11-03	94.727219
2006-11-06	95.795662
2006-11-07	96.163307
2006-11-08	96.371490
2006-11-09	95.865028
2006-11-10	95.906654
2006-11-13	96.142548
2006-11-14	96.864044
2006-11-15	97.141556
2006-11-16	97.391296
2006-11-17	97.419060
2006-11-20	97.474564
2006-11-21	97.571686
2006-11-22	97.765968
2006-11-24	97.370537
2006-11-27	96.031517
2006-11-28	96.447784
2006-11-29	97.453735
2006-11-30	97.495392
2006-12-01	97.280296
2006-12-04	98.022659
2006-12-05	98.445831
2006-12-06	98.362595
2006-12-07	97.932434
2006-12-08	98.112839
2006-12-11	98.397247
2006-12-12	98.320976
2006-12-13	98.425011
2006-12-14	99.292191
2006-12-15	99.301285
2006-12-18	99.029205
2006-12-19	99.217567
2006-12-20	99.161743
2006-12-21	98.799004
2006-12-22	98.192078
2006-12-26	98.771095
2006-12-27	99.419861
2006-12-28	99.210617
2006-12-29	98.799004
2007-01-03	98.624550
2007-01-04	98.833900
2007-01-05	98.045525
2007-01-08	98.498993
2007-01-09	98.415283
2007-01-10	98.743210
2007-01-11	99.175735
2007-01-12	99.929176
2007-01-16	99.733841
2007-01-17	99.775734
2007-01-18	99.440796
2007-01-19	99.636147
2007-01-22	99.329208
2007-01-23	99.622200
2007-01-24	100.424545
2007-01-25	99.245499
2007-01-26	99.154800
2007-01-29	99.098991
2007-01-30	99.615204
2007-01-31	100.284943
2007-02-01	100.884956
2007-02-02	101.024445
2007-02-05	101.052338
2007-02-06	101.080215
2007-02-07	101.303551
2007-02-08	101.170967
2007-02-09	100.417534
2007-02-12	100.075668
2007-02-13	100.919815
2007-02-14	101.582558
2007-02-15	101.715118
2007-02-16	101.666275
2007-02-20	101.882530
2007-02-21	101.840683
2007-02-22	101.763924
2007-02-23	101.366318
2007-02-26	101.275597
2007-02-27	97.320023
2007-02-28	98.317581
2007-03-01	98.024612
2007-03-02	96.740982
2007-03-05	95.820076
2007-03-06	97.459518
2007-03-07	97.361862
2007-03-08	98.185104
2007-03-09	98.212967
2007-03-12	98.359489
2007-03-13	96.447968
2007-03-14	97.166519
2007-03-15	97.299095
2007-03-16	97.026642
2007-03-19	98.196289
2007-03-20	98.735626
2007-03-21	100.360504
2007-03-22	100.283470
2007-03-23	100.430534
2007-03-26	100.297523
2007-03-27	100.059349
2007-03-28	99.330933
2007-03-29	99.435997
2007-03-30	99.457001
2007-04-02	99.569099
2007-04-03	100.640686
2007-04-04	100.752785
2007-04-05	101.025940
2007-04-09	101.165970
2007-04-10	101.285110
2007-04-11	100.871834
2007-04-12	101.320061
2007-04-13	101.782379
2007-04-16	102.748909
2007-04-17	103.022095
2007-04-18	103.148125
2007-04-19	103.120087
2007-04-20	104.093651
2007-04-23	103.701462
2007-04-24	103.743469
2007-04-25	104.695999
2007-04-26	104.815117
2007-04-27	104.731026
2007-04-30	103.862511
2007-05-01	104.128693
2007-05-02	104.738060
2007-05-03	105.305351
2007-05-04	105.704597
2007-05-07	105.725548
2007-05-08	105.585541
2007-05-09	105.872711
2007-05-10	104.766075
2007-05-11	105.662552
2007-05-14	105.431435
2007-05-15	105.459473
2007-05-16	106.180885
2007-05-17	105.970741
2007-05-18	106.895279
2007-05-21	106.839272
2007-05-22	106.755211
2007-05-23	106.769264
2007-05-24	105.802658
2007-05-25	106.243942
2007-05-29	106.629150
2007-05-30	107.497643
2007-05-31	107.385620
2007-06-01	107.917877
2007-06-04	107.931885
2007-06-05	107.504616
2007-06-06	106.348946
2007-06-07	104.429878
2007-06-08	105.788696
2007-06-11	105.970741
2007-06-12	104.815117
2007-06-13	106.384010
2007-06-14	107.063362
2007-06-15	107.672508
2007-06-18	107.545967
2007-06-19	107.813240
2007-06-20	106.314919
2007-06-21	106.905807
2007-06-22	105.899887
2007-06-25	105.393509
2007-06-26	104.310173
2007-06-27	105.794472
2007-06-28	105.780327
2007-06-29	105.815468
2007-07-02	106.772156
2007-07-03	107.159004
2007-07-05	107.046478
2007-07-06	107.609200
2007-07-09	107.693672
2007-07-10	106.160210
2007-07-11	106.912827
2007-07-12	108.601074
2007-07-13	108.924606
2007-07-16	108.910553
2007-07-17	108.854309
2007-07-18	108.657318
2007-07-19	109.079369
2007-07-20	107.975021
2007-07-23	108.305595
2007-07-24	106.427490
2007-07-25	106.645515
2007-07-26	104.120270
2007-07-27	102.073341
2007-07-30	103.670082
2007-07-31	102.502357
2007-08-01	103.001816
2007-08-02	103.824799
2007-08-03	101.151848
2007-08-06	102.847084
2007-08-07	103.944420
2007-08-08	105.393509
2007-08-09	102.270271
2007-08-10	101.791924
2007-08-13	102.157738
2007-08-14	100.596123
2007-08-15	99.210373
2007-08-16	99.956032
2007-08-17	101.791924
2007-08-20	101.742775
2007-08-21	101.946686
2007-08-22	103.156578
2007-08-23	103.065117
2007-08-24	104.338341
2007-08-27	103.367607
2007-08-28	101.095589
2007-08-29	103.079224
2007-08-30	102.804855
2007-08-31	103.817795
2007-09-04	104.865921
2007-09-05	103.958450
2007-09-06	104.197662
2007-09-07	102.748611
2007-09-10	102.551620
2007-09-11	103.747505
2007-09-12	104.014778
2007-09-13	104.746361
2007-09-14	104.739281
2007-09-17	104.176537
2007-09-18	107.243462
2007-09-19	107.876534
2007-09-20	107.116859
2007-09-21	107.405914
2007-09-24	107.208038
2007-09-25	106.995972
2007-09-26	107.561440
2007-09-27	108.197479
2007-09-28	107.837051
2007-10-01	109.052658
2007-10-02	108.904251
2007-10-03	108.685150
2007-10-04	108.854782
2007-10-05	110.148109
2007-10-08	109.561531
2007-10-09	110.593384
2007-10-10	110.409584
2007-10-11	109.879585
2007-10-12	110.487381
2007-10-15	109.554413
2007-10-16	108.685150
2007-10-17	109.017319
2007-10-18	108.621529
2007-10-19	105.780373
2007-10-22	106.395256
2007-10-23	107.257462
2007-10-24	107.059586
2007-10-25	107.314011
2007-10-26	108.572029
2007-10-29	108.932487
2007-10-30	108.176315
2007-10-31	109.300026
2007-11-01	106.741570
2007-11-02	106.861694
2007-11-05	106.048943
2007-11-06	107.476631
2007-11-07	104.536514
2007-11-08	104.006401
2007-11-09	102.578766
2007-11-12	101.561028
2007-11-13	104.656654
2007-11-14	104.366844
2007-11-15	102.861450
2007-11-16	103.038132
2007-11-19	101.603416
2007-11-20	102.225426
2007-11-21	100.133392
2007-11-23	101.864929
2007-11-26	99.617470
2007-11-27	100.762421
2007-11-28	103.985176
2007-11-29	104.020523
2007-11-30	105.066513
2007-12-03	104.373940
2007-12-04	103.441025
2007-12-05	105.172546
2007-12-06	106.677963
2007-12-07	106.656784
2007-12-10	107.483658
2007-12-11	104.536514
2007-12-12	105.568359
2007-12-13	105.349236
2007-12-14	104.013496
2007-12-17	102.529259
2007-12-18	103.101746
2007-12-19	103.101746
2007-12-20	103.751945
2007-12-21	105.247620
2007-12-24	106.029152
2007-12-26	106.256485
2007-12-27	104.920753
2007-12-28	104.657883
2007-12-31	103.883423
2008-01-02	102.973953
2008-01-03	102.924248
2008-01-04	100.401917
2008-01-07	100.316681
2008-01-08	98.696709
2008-01-09	99.734077
2008-01-10	100.387733
2008-01-11	99.577744
2008-01-14	100.380623
2008-01-15	98.170937
2008-01-16	97.325439
2008-01-17	94.803101
2008-01-18	93.829742
2008-01-22	92.877655
2008-01-23	95.108650
2008-01-24	95.911514
2008-01-25	94.526062
2008-01-28	96.089142
2008-01-29	96.565216
2008-01-30	95.854660
2008-01-31	97.602478
2008-02-01	99.172752
2008-02-04	97.922279
2008-02-05	95.300507
2008-02-06	94.533142
2008-02-07	95.158371
2008-02-08	94.547340
2008-02-11	95.030472
2008-02-12	95.911514
2008-02-13	96.892036
2008-02-14	96.039406
2008-02-15	96.018089
2008-02-19	96.288078
2008-02-20	96.572266
2008-02-21	95.769417
2008-02-22	96.359146
2008-02-25	97.574104
2008-02-26	98.305954
2008-02-27	98.206451
2008-02-28	97.247269
2008-02-29	95.080238
2008-03-03	94.852821
2008-03-04	94.490486
2008-03-05	95.087303
2008-03-06	93.119217
2008-03-07	92.160011
2008-03-10	90.945045
2008-03-11	94.213394
2008-03-12	93.332390
2008-03-13	93.538422
2008-03-14	92.088974
2008-03-17	91.158211
2008-03-18	94.945190
2008-03-19	92.593475
2008-03-20	94.308525
2008-03-24	96.193520
2008-03-25	96.286377
2008-03-26	95.108238
2008-03-27	94.808334
2008-03-28	93.901512
2008-03-31	94.229973
2008-04-01	97.543083
2008-04-02	97.607353
2008-04-03	97.850098
2008-04-04	97.743011
2008-04-07	97.792953
2008-04-08	97.693024
2008-04-09	96.986107
2008-04-10	97.121796
2008-04-11	95.236740
2008-04-14	94.915451
2008-04-15	95.136803
2008-04-16	97.714432
2008-04-17	97.857231
2008-04-18	98.878304
2008-04-21	98.928268
2008-04-22	98.492744
2008-04-23	98.335617
2008-04-24	98.764061
2008-04-25	99.677994
2008-04-28	99.699417
2008-04-29	99.306740
2008-04-30	98.721191
2008-05-01	100.763359
2008-05-02	101.041794
2008-05-05	100.556236
2008-05-06	101.427353
2008-05-07	99.620911
2008-05-08	99.363823
2008-05-09	99.178223
2008-05-12	100.292076
2008-05-13	100.306335
2008-05-14	100.513435
2008-05-15	101.770088
2008-05-16	101.862923
2008-05-19	102.141388
2008-05-20	101.313110
2008-05-21	99.599449
2008-05-22	99.613739
2008-05-23	98.278519
2008-05-27	99.006851
2008-05-28	99.463814
2008-05-29	99.963623
2008-05-30	100.213554
2008-06-02	99.178223
2008-06-03	98.599838
2008-06-04	98.549850
2008-06-05	100.520569
2008-06-06	97.314590
2008-06-09	97.550194
2008-06-10	97.064690
2008-06-11	95.636635
2008-06-12	96.000778
2008-06-13	97.214584
2008-06-16	97.271744
2008-06-17	96.800499
2008-06-18	95.857971
2008-06-19	95.979324
2008-06-20	94.421432
2008-06-23	94.328125
2008-06-24	94.141617
2008-06-25	94.586487
2008-06-26	92.017479
2008-06-27	91.515205
2008-06-30	91.838127
2008-07-01	92.125137
2008-07-02	90.546463
2008-07-03	90.639709
2008-07-07	89.714012
2008-07-08	91.307076
2008-07-09	89.548950
2008-07-10	89.914925
2008-07-11	88.867249
2008-07-14	88.063538
2008-07-15	86.822075
2008-07-16	88.953384
2008-07-17	89.843170
2008-07-18	90.402916
2008-07-21	90.453148
2008-07-22	91.479286
2008-07-23	91.974442
2008-07-24	90.065605
2008-07-25	90.044106
2008-07-28	88.723747
2008-07-29	90.618187
2008-07-30	92.232750
2008-07-31	91.012840
2008-08-01	90.532082
2008-08-04	89.692474
2008-08-05	92.110809
2008-08-06	92.519783
2008-08-07	91.142044
2008-08-08	92.835579
2008-08-11	93.797150
2008-08-12	92.821236
2008-08-13	92.261475
2008-08-14	92.957542
2008-08-15	93.409630
2008-08-18	92.132324
2008-08-19	91.127678
2008-08-20	91.551041
2008-08-21	91.708931
2008-08-22	93.036469
2008-08-25	91.149178
2008-08-26	91.414703
2008-08-27	92.304512
2008-08-28	93.423996
2008-08-29	92.419350
2008-09-02	91.845268
2008-09-03	91.766327
2008-09-04	89.003601
2008-09-05	89.283463
2008-09-08	91.127678
2008-09-09	88.422333
2008-09-10	88.781143
2008-09-11	90.065605
2008-09-12	90.481819
2008-09-15	86.176270
2008-09-16	87.618637
2008-09-17	83.679024
2008-09-18	86.161896
2008-09-19	89.583694
2008-09-22	87.555595
2008-09-23	85.563576
2008-09-24	85.837822
2008-09-25	87.180290
2008-09-26	87.223579
2008-09-29	80.388611
2008-09-30	83.715927
2008-10-01	83.766441
2008-10-02	80.727814
2008-10-03	79.637970
2008-10-06	75.581757
2008-10-07	72.196739
2008-10-08	70.377922
2008-10-09	65.462807
2008-10-10	63.874954
2008-10-13	73.149437
2008-10-14	72.066856
2008-10-15	64.972015
2008-10-16	67.678581
2008-10-17	67.274399
2008-10-20	71.316208
2008-10-21	69.187057
2008-10-22	65.419502
2008-10-23	66.177338
2008-10-24	62.821198
2008-10-27	60.590996
2008-10-28	67.671371
2008-10-29	67.180542
2008-10-30	69.504601
2008-10-31	69.887123
2008-11-03	70.089218
2008-11-04	72.470993
2008-11-05	69.425224
2008-11-06	65.578308
2008-11-07	67.743530
2008-11-10	66.855759
2008-11-11	64.791588
2008-11-12	61.940647
2008-11-13	65.802017
2008-11-14	62.518070
2008-11-17	61.688019
2008-11-18	62.850060
2008-11-19	58.822712
2008-11-20	54.456089
2008-11-21	57.393639
2008-11-24	61.370483
2008-11-25	61.825165
2008-11-26	64.214172
2008-11-28	65.022514
2008-12-01	59.262981
2008-12-02	61.543724
2008-12-03	63.023270
2008-12-04	61.565342
2008-12-05	63.463577
2008-12-08	65.679298
2008-12-09	64.596687
2008-12-10	65.036987
2008-12-11	63.470802
2008-12-12	64.228615
2008-12-15	63.333652
2008-12-16	66.314445
2008-12-17	65.672119
2008-12-18	64.445114
2008-12-19	64.167923
2008-12-22	63.345730
2008-12-23	62.690849
2008-12-24	63.054672
2008-12-26	63.418461
2008-12-29	63.236568
2008-12-30	64.735481
2008-12-31	65.659546
2009-01-02	67.638626
2009-01-05	67.558578
2009-01-06	68.009689
2009-01-07	65.972359
2009-01-08	66.241615
2009-01-09	64.822784
2009-01-12	63.265675
2009-01-13	63.382099
2009-01-14	61.388447
2009-01-15	61.410297
2009-01-16	61.890503
2009-01-20	58.623539
2009-01-21	61.155590
2009-01-22	60.209728
2009-01-23	60.471657
2009-01-26	60.886372
2009-01-27	61.504875
2009-01-28	63.585827
2009-01-29	61.519398
2009-01-30	60.267914
2009-02-02	60.086025
2009-02-03	60.930050
2009-02-04	60.631760
2009-02-05	61.533966
2009-02-06	63.287498
2009-02-09	63.374828
2009-02-10	60.471657
2009-02-11	60.828197
2009-02-12	60.871883
2009-02-13	60.216980
2009-02-17	57.641277
2009-02-18	57.502983
2009-02-19	56.884529
2009-02-20	56.331528
2009-02-23	54.316074
2009-02-24	56.375202
2009-02-25	55.931362
2009-02-26	55.021885
2009-02-27	53.792225
2009-03-02	51.369267
2009-03-03	50.983612
2009-03-04	52.191460
2009-03-05	50.059566
2009-03-06	50.146873
2009-03-09	49.557507
2009-03-10	52.511600
2009-03-11	52.853584
2009-03-12	54.934559
2009-03-13	55.363842
2009-03-16	55.196491
2009-03-17	56.884529
2009-03-18	58.157860
2009-03-19	57.437519
2009-03-20	56.214458
2009-03-23	60.252281
2009-03-24	59.065090
2009-03-25	59.688023
2009-03-26	60.904488
2009-03-27	59.805244
2009-03-30	57.738739
2009-03-31	58.273678
2009-04-01	59.402191
2009-04-02	61.138973
2009-04-03	61.747219
2009-04-06	61.263550
2009-04-07	59.834599
2009-04-08	60.479458
2009-04-09	62.883110
2009-04-13	62.897739
2009-04-14	61.813171
2009-04-15	62.472710
2009-04-16	63.388756
2009-04-17	63.813789
2009-04-20	61.138973
2009-04-21	62.333496
2009-04-22	61.952461
2009-04-23	62.560661
2009-04-24	63.505993
2009-04-27	62.905106
2009-04-28	62.707241
2009-04-29	64.040939
2009-04-30	64.062904
2009-05-01	64.407349
2009-05-04	66.598465
2009-05-05	66.371315
2009-05-06	67.521835
2009-05-07	66.583824
2009-05-08	68.137436
2009-05-11	66.862297
2009-05-12	66.664429
2009-05-13	64.986305
2009-05-14	65.543228
2009-05-15	65.008270
2009-05-18	66.854996
2009-05-19	66.774368
2009-05-20	66.327316
2009-05-21	65.374687
2009-05-22	65.235428
2009-05-26	66.906250
2009-05-27	65.711769
2009-05-28	66.627785
2009-05-29	67.807632
2009-06-01	69.449150
2009-06-02	69.507759
2009-06-03	68.628380
2009-06-04	69.273285
2009-06-05	69.287933
2009-06-08	69.002106
2009-06-09	69.353905
2009-06-10	69.177994
2009-06-11	69.485786
2009-06-12	69.676300
2009-06-15	68.078751
2009-06-16	67.155426
2009-06-17	67.089447
2009-06-18	67.580475
2009-06-19	67.829552
2009-06-22	65.795555
2009-06-23	65.847130
2009-06-24	66.414604
2009-06-25	67.859055
2009-06-26	67.682159
2009-06-29	68.315926
2009-06-30	67.763229
2009-07-01	68.043282
2009-07-02	66.186127
2009-07-06	66.178780
2009-07-07	64.896454
2009-07-08	64.852242
2009-07-09	64.977531
2009-07-10	64.822800
2009-07-13	66.399857
2009-07-14	66.775696
2009-07-15	68.728653
2009-07-16	68.618073
2009-07-17	69.369781
2009-07-20	70.106750
2009-07-21	70.430977
2009-07-22	70.416260
2009-07-23	71.971245
2009-07-24	72.266006
2009-07-27	72.479774
2009-07-28	72.140755
2009-07-29	71.963905
2009-07-30	72.715569
2009-07-31	72.818764
2009-08-03	74.019989
2009-08-04	74.211594
2009-08-05	73.997910
2009-08-06	73.614685
2009-08-07	74.580063
2009-08-10	74.425293
2009-08-11	73.496750
2009-08-12	74.285286
2009-08-13	74.852753
2009-08-14	74.277954
2009-08-17	72.450272
2009-08-18	73.025085
2009-08-19	73.666283
2009-08-20	74.425293
2009-08-21	75.884476
2009-08-24	75.877136
2009-08-25	76.024529
2009-08-26	76.031906
2009-08-27	76.201385
2009-08-28	76.186600
2009-08-31	75.508636
2009-09-01	73.843132
2009-09-02	73.563080
2009-09-03	74.174759
2009-09-04	75.213844
2009-09-08	75.862404
2009-09-09	76.444557
2009-09-10	77.225769
2009-09-11	77.211021
2009-09-14	77.586868
2009-09-15	77.911133
2009-09-16	79.090240
2009-09-17	78.972351
2009-09-18	79.022705
2009-09-21	78.822777
2009-09-22	79.281868
2009-09-23	78.622833
2009-09-24	77.756500
2009-09-25	77.341805
2009-09-28	78.726517
2009-09-29	78.489555
2009-09-30	78.185974
2009-10-01	76.245964
2009-10-02	75.890526
2009-10-05	77.023430
2009-10-06	78.126724
2009-10-07	78.341484
2009-10-08	78.941216
2009-10-09	79.422554
2009-10-12	79.733528
2009-10-13	79.570671
2009-10-14	80.940498
2009-10-15	81.236679
2009-10-16	80.629524
2009-10-19	81.295929
2009-10-20	80.866463
2009-10-21	80.140816
2009-10-22	80.955330
2009-10-23	80.029747
2009-10-26	79.163383
2009-10-27	78.800560
2009-10-28	77.312218
2009-10-29	78.970856
2009-10-30	76.682808
2009-11-02	77.245590
2009-11-03	77.489952
2009-11-04	77.689857
2009-11-05	79.118958
2009-11-06	79.326286
2009-11-09	81.133026
2009-11-10	81.147835
2009-11-11	81.562492
2009-11-12	80.733177
2009-11-13	81.170074
2009-11-16	82.347397
2009-11-17	82.443649
2009-11-18	82.391830
2009-11-19	81.318161
2009-11-20	81.029388
2009-11-23	82.058624
2009-11-24	82.184494
2009-11-25	82.473251
2009-11-27	81.133026
2009-11-30	81.407021
2009-12-01	82.414062
2009-12-02	82.377007
2009-12-03	81.732803
2009-12-04	82.199318
2009-12-07	82.073433
2009-12-08	81.162659
2009-12-09	81.466248
2009-12-10	81.925308
2009-12-11	82.273338
2009-12-14	82.836121
2009-12-15	82.451057
2009-12-16	82.576942
2009-12-17	81.584724
2009-12-18	82.046257
2009-12-21	82.880066
2009-12-22	83.177841
2009-12-23	83.341637
2009-12-24	83.736168
2009-12-28	83.914856
2009-12-29	83.795731
2009-12-30	83.765961
2009-12-31	82.961937
2010-01-04	84.368996
2010-01-05	84.592308
2010-01-06	84.651840
2010-01-07	85.009224
2010-01-08	85.292114
2010-01-11	85.411209
2010-01-12	84.614632
2010-01-13	85.329338
2010-01-14	85.560120
2010-01-15	84.599777
2010-01-19	85.656883
2010-01-20	84.785851
2010-01-21	83.155518
2010-01-22	81.301819
2010-01-25	81.718704
2010-01-26	81.376266
2010-01-27	81.763397
2010-01-28	80.825363
2010-01-29	79.946915
2010-02-01	81.190147
2010-02-02	82.172829
2010-02-03	81.763397
2010-02-04	79.239700
2010-02-05	79.403458
2010-02-08	78.830231
2010-02-09	79.820358
2010-02-10	79.664040
2010-02-11	80.497818
2010-02-12	80.430809
2010-02-16	81.696350
2010-02-17	82.083481
2010-02-18	82.567390
2010-02-19	82.738617
2010-02-22	82.753540
2010-02-23	81.748489
2010-02-24	82.500397
2010-02-25	82.388733
2010-02-26	82.440849
2010-03-01	83.296936
2010-03-02	83.527725
2010-03-03	83.602173
2010-03-04	83.855309
2010-03-05	85.053871
2010-03-08	85.068779
2010-03-09	85.210228
2010-03-10	85.589882
2010-03-11	85.947220
2010-03-12	85.954666
2010-03-15	85.976997
2010-03-16	86.661880
2010-03-17	87.175575
2010-03-18	87.130898
2010-03-19	86.689850
2010-03-22	87.153336
2010-03-23	87.766304
2010-03-24	87.340233
2010-03-25	87.198204
2010-03-26	87.145836
2010-03-29	87.699013
2010-03-30	87.758804
2010-03-31	87.459778
2010-04-01	88.057823
2010-04-05	88.775436
2010-04-06	88.984718
2010-04-07	88.476440
2010-04-08	88.782967
2010-04-09	89.365997
2010-04-12	89.507996
2010-04-13	89.575294
2010-04-14	90.591911
2010-04-15	90.666687
2010-04-16	89.223991
2010-04-19	89.560341
2010-04-20	90.360168
2010-04-21	90.195724
2010-04-22	90.464821
2010-04-23	91.055382
2010-04-26	90.711510
2010-04-27	88.566132
2010-04-28	89.238892
2010-04-29	90.345192
2010-04-30	88.812798
2010-05-03	89.963989
2010-05-04	87.848534
2010-05-05	87.325249
2010-05-06	84.424896
2010-05-07	83.169083
2010-05-10	86.831871
2010-05-11	86.585228
2010-05-12	87.796196
2010-05-13	86.704781
2010-05-14	85.134979
2010-05-17	85.179901
2010-05-18	84.021202
2010-05-19	83.542816
2010-05-20	80.388260
2010-05-21	81.561882
2010-05-24	80.515350
2010-05-25	80.597595
2010-05-26	80.111687
2010-05-27	82.795319
2010-05-28	81.756218
2010-06-01	80.380791
2010-06-02	82.473846
2010-06-03	82.757927
2010-06-04	79.850037
2010-06-07	78.855843
2010-06-08	79.700562
2010-06-09	79.274475
2010-06-10	81.591789
2010-06-11	81.987946
2010-06-14	81.860878
2010-06-15	83.722214
2010-06-16	83.692322
2010-06-17	83.826874
2010-06-18	83.917763
2010-06-21	83.677383
2010-06-22	82.295433
2010-06-23	82.040070
2010-06-24	80.680634
2010-06-25	81.018593
2010-06-28	80.763237
2010-06-29	78.269661
2010-06-30	77.526070
2010-07-01	77.180565
2010-07-02	76.760002
2010-07-06	77.263191
2010-07-07	79.696716
2010-07-08	80.485306
2010-07-09	81.086189
2010-07-12	81.138763
2010-07-13	82.363007
2010-07-14	82.355522
2010-07-15	82.378014
2010-07-16	80.109787
2010-07-19	80.582970
2010-07-20	81.476723
2010-07-21	80.417725
2010-07-22	82.212807
2010-07-23	82.926323
2010-07-26	83.790047
2010-07-27	83.782562
2010-07-28	83.241776
2010-07-29	82.836212
2010-07-30	82.821152
2010-08-02	84.691383
2010-08-03	84.285744
2010-08-04	84.849052
2010-08-05	84.758942
2010-08-06	84.413437
2010-08-09	84.864105
2010-08-10	84.405930
2010-08-11	82.092651
2010-08-12	81.589386
2010-08-13	81.349022
2010-08-16	81.311523
2010-08-17	82.310417
2010-08-18	82.460655
2010-08-19	81.026093
2010-08-20	80.763237
2010-08-23	80.455292
2010-08-24	79.261070
2010-08-25	79.569016
2010-08-26	79.035728
2010-08-27	80.260017
2010-08-30	79.095818
2010-08-31	79.095818
2010-09-01	81.461739
2010-09-02	82.220306
2010-09-03	83.286842
2010-09-07	82.348007
2010-09-08	82.926323
2010-09-09	83.309387
2010-09-10	83.729950
2010-09-13	84.661293
2010-09-14	84.608742
2010-09-15	84.931694
2010-09-16	84.909142
2010-09-17	84.940880
2010-09-20	86.239632
2010-09-21	86.066002
2010-09-22	85.643166
2010-09-23	84.948448
2010-09-24	86.700279
2010-09-27	86.284950
2010-09-28	86.586983
2010-09-29	86.435997
2010-09-30	86.179253
2010-10-01	86.541687
2010-10-04	85.892296
2010-10-05	87.621475
2010-10-06	87.613892
2010-10-07	87.508202
2010-10-08	87.999023
2010-10-11	88.082123
2010-10-12	88.353920
2010-10-13	89.041039
2010-10-14	88.693703
2010-10-15	88.874916
2010-10-18	89.312889
2010-10-19	88.142502
2010-10-20	89.003304
2010-10-21	89.199631
2010-10-22	89.365738
2010-10-25	89.630043
2010-10-26	89.645149
2010-10-27	89.388405
2010-10-28	89.403519
2010-10-29	89.471466
2010-11-01	89.501694
2010-11-02	90.211456
2010-11-03	90.573921
2010-11-04	92.318207
2010-11-05	92.665527
2010-11-08	92.491859
2010-11-09	91.827370
2010-11-10	92.197395
2010-11-11	91.850021
2010-11-12	90.762672
2010-11-15	90.634323
2010-11-16	89.222275
2010-11-17	89.267586
2010-11-18	90.581451
2010-11-19	90.830635
2010-11-22	90.755127
2010-11-23	89.441246
2010-11-24	90.762672
2010-11-26	89.705559
2010-11-29	89.977394
2010-11-30	89.471466
2010-12-01	91.374313
2010-12-02	92.544724
2010-12-03	92.793877
2010-12-06	92.695732
2010-12-07	92.748596
2010-12-08	93.088387
2010-12-09	93.450836
2010-12-10	93.994484
2010-12-13	94.054909
2010-12-14	94.137978
2010-12-15	93.707573
2010-12-16	94.251221
2010-12-17	94.352188
2010-12-20	94.579910
2010-12-21	95.179588
2010-12-22	95.475594
2010-12-23	95.338989
2010-12-27	95.376930
2010-12-28	95.513565
2010-12-29	95.581856
2010-12-30	95.430077
2010-12-31	95.452843
2011-01-03	96.439613
2011-01-04	96.386513
2011-01-05	96.887451
2011-01-06	96.697723
2011-01-07	96.507927
2011-01-10	96.386513
2011-01-11	96.728065
2011-01-12	97.601013
2011-01-13	97.441628
2011-01-14	98.147530
2011-01-18	98.314560
2011-01-19	97.350555
2011-01-20	97.221458
2011-01-21	97.441628
2011-01-24	97.995712
2011-01-25	98.048843
2011-01-26	98.428375
2011-01-27	98.671280
2011-01-28	96.948219
2011-01-31	97.676888
2011-02-01	99.240578
2011-02-02	99.050827
2011-02-03	99.270927
2011-02-04	99.551796
2011-02-07	100.174240
2011-02-08	100.629692
2011-02-09	100.401955
2011-02-10	100.439896
2011-02-11	101.039566
2011-02-14	101.282463
2011-02-15	100.963646
2011-02-16	101.601288
2011-02-17	101.904907
2011-02-18	102.117470
2011-02-22	100.067986
2011-02-23	99.453156
2011-02-24	99.384781
2011-02-25	100.447510
2011-02-28	101.069946
2011-03-01	99.384781
2011-03-02	99.597336
2011-03-03	101.312836
2011-03-04	100.553764
2011-03-07	99.764359
2011-03-08	100.637283
2011-03-09	100.493034
2011-03-10	98.633308
2011-03-11	99.316505
2011-03-14	98.716820
2011-03-15	97.585808
2011-03-16	95.779251
2011-03-17	97.046921
2011-03-18	97.399872
2011-03-21	98.909325
2011-03-22	98.566307
2011-03-23	98.848358
2011-03-24	99.793686
2011-03-25	100.098618
2011-03-28	99.854698
2011-03-29	100.525558
2011-03-30	101.219315
2011-03-31	101.082100
2011-04-01	101.508995
2011-04-04	101.592865
2011-04-05	101.577652
2011-04-06	101.897797
2011-04-07	101.638596
2011-04-08	101.287941
2011-04-11	100.982964
2011-04-12	100.228203
2011-04-13	100.220581
2011-04-14	100.296860
2011-04-15	100.662750
2011-04-18	99.534477
2011-04-19	100.106270
2011-04-20	101.470879
2011-04-21	101.989326
2011-04-25	101.882561
2011-04-26	102.759262
2011-04-27	103.430183
2011-04-28	103.765640
2011-04-29	104.009514
2011-05-02	103.849464
2011-05-03	103.475883
2011-05-04	102.789780
2011-05-05	101.859711
2011-05-06	102.309494
2011-05-09	102.705902
2011-05-10	103.582657
2011-05-11	102.492477
2011-05-12	102.980392
2011-05-13	102.187523
2011-05-16	101.539520
2011-05-17	101.524193
2011-05-18	102.431503
2011-05-19	102.675430
2011-05-20	101.859711
2011-05-23	100.678032
2011-05-24	100.594177
2011-05-25	100.929573
2011-05-26	101.394638
2011-05-27	101.783440
2011-05-31	102.843163
2011-06-01	100.533165
2011-06-02	100.426453
2011-06-03	99.427704
2011-06-06	98.375679
2011-06-07	98.314674
2011-06-08	97.902985
2011-06-09	98.650146
2011-06-10	97.277847
2011-06-13	97.354095
2011-06-14	98.589149
2011-06-15	96.835716
2011-06-16	97.049179
2011-06-17	97.338783
2011-06-20	97.836761
2011-06-21	99.177536
2011-06-22	98.579903
2011-06-23	98.296448
2011-06-24	97.154892
2011-06-27	98.020630
2011-06-28	99.300117
2011-06-29	100.150551
2011-06-30	101.108215
2011-07-01	102.602165
2011-07-05	102.517921
2011-07-06	102.640465
2011-07-07	103.705444
2011-07-08	102.969917
2011-07-11	101.108215
2011-07-12	100.671501
2011-07-13	101.008591
2011-07-14	100.311401
2011-07-15	100.893700
2011-07-18	100.066254
2011-07-19	101.690468
2011-07-20	101.629181
2011-07-21	103.038879
2011-07-22	103.107857
2011-07-25	102.533249
2011-07-26	102.150131
2011-07-27	100.058578
2011-07-28	99.767479
2011-07-29	99.085548
2011-08-01	98.664207
2011-08-02	96.143600
2011-08-03	96.664551
2011-08-04	92.136650
2011-08-05	91.998711
2011-08-08	86.007515
2011-08-09	90.006783
2011-08-10	86.030418
2011-08-11	89.891823
2011-08-12	90.497093
2011-08-15	92.412460
2011-08-16	91.623314
2011-08-17	91.684593
2011-08-18	87.731323
2011-08-19	86.298607
2011-08-22	86.367584
2011-08-23	89.209999
2011-08-24	90.466431
2011-08-25	89.087372
2011-08-26	90.382164
2011-08-29	92.979401
2011-08-30	93.224556
2011-08-31	93.638298
2011-09-01	92.657631
2011-09-02	90.290199
2011-09-06	89.631340
2011-09-07	92.159607
2011-09-08	91.201958
2011-09-09	88.811569
2011-09-12	89.386162
2011-09-13	90.205933
2011-09-14	91.454781
2011-09-15	93.033035
2011-09-16	93.583656
2011-09-19	92.651825
2011-09-20	92.544022
2011-09-21	89.817795
2011-09-22	86.914497
2011-09-23	87.438194
2011-09-26	89.517479
2011-09-27	90.518616
2011-09-28	88.670349
2011-09-29	89.371170
2011-09-30	87.137863
2011-10-03	84.658104
2011-10-04	86.514046
2011-10-05	88.115898
2011-10-06	89.710022
2011-10-07	89.109291
2011-10-10	92.089668
2011-10-11	92.182060
2011-10-12	92.990677
2011-10-13	92.805862
2011-10-14	94.392296
2011-10-17	92.590195
2011-10-18	94.399963
2011-10-19	93.283340
2011-10-20	93.691475
2011-10-21	95.470451
2011-10-24	96.641014
2011-10-25	94.761925
2011-10-26	95.724579
2011-10-27	99.059113
2011-10-28	99.036026
2011-10-31	96.648697
2011-11-01	93.953285
2011-11-02	95.485847
2011-11-03	97.226280
2011-11-04	96.633286
2011-11-07	97.233963
2011-11-08	98.481544
2011-11-09	94.846642
2011-11-10	95.739967
2011-11-11	97.542023
2011-11-14	96.617874
2011-11-15	97.095367
2011-11-16	95.555145
2011-11-17	94.038010
2011-11-18	93.937912
2011-11-21	92.151253
2011-11-22	91.789291
2011-11-23	89.763908
2011-11-25	89.594482
2011-11-28	92.189751
2011-11-29	92.451614
2011-11-30	96.255943
2011-12-01	96.240562
2011-12-02	96.155815
2011-12-05	97.203194
2011-12-06	97.233963
2011-12-07	97.595924
2011-12-08	95.455025
2011-12-09	97.072258
2011-12-12	95.655243
2011-12-13	94.761925
2011-12-14	93.753059
2011-12-15	94.091942
2011-12-16	94.231422
2011-12-19	93.223923
2011-12-20	96.044914
2011-12-21	96.230911
2011-12-22	97.083412
2011-12-23	97.951401
2011-12-27	98.028877
2011-12-28	96.742424
2011-12-29	97.742149
2011-12-30	97.261642
2012-01-03	98.811623
2012-01-04	98.966644
2012-01-05	99.230125
2012-01-06	98.974396
2012-01-09	99.214638
2012-01-10	100.074875
2012-01-11	100.129112
2012-01-12	100.369385
2012-01-13	99.850098
2012-01-17	100.237625
2012-01-18	101.345879
2012-01-19	101.880600
2012-01-20	102.260330
2012-01-23	101.996841
2012-01-24	101.880600
2012-01-25	102.733131
2012-01-26	102.206131
2012-01-27	102.159576
2012-01-30	101.810852
2012-01-31	101.772118
2012-02-01	102.663353
2012-02-02	102.826111
2012-02-03	104.267578
2012-02-06	104.197868
2012-02-07	104.461288
2012-02-08	104.771347
2012-02-09	104.903084
2012-02-10	104.128067
2012-02-13	104.903084
2012-02-14	104.771347
2012-02-15	104.283089
2012-02-16	105.437836
2012-02-17	105.716827
2012-02-21	105.763367
2012-02-22	105.422318
2012-02-23	105.887299
2012-02-24	106.119827
2012-02-27	106.298058
2012-02-28	106.608086
2012-02-29	106.189568
2012-03-01	106.739815
2012-03-02	106.414322
2012-03-05	105.980278
2012-03-06	104.430313
2012-03-07	105.158852
2012-03-08	106.205040
2012-03-09	106.615837
2012-03-12	106.623573
2012-03-13	108.545563
2012-03-14	108.429306
2012-03-15	109.057053
2012-03-16	109.208054
2012-03-19	109.636169
2012-03-20	109.317062
2012-03-21	109.138016
2012-03-22	108.351837
2012-03-23	108.702118
2012-03-26	110.227768
2012-03-27	109.885231
2012-03-28	109.340378
2012-03-29	109.153587
2012-03-30	109.605057
2012-04-02	110.406784
2012-04-03	109.955299
2012-04-04	108.865601
2012-04-05	108.811066
2012-04-09	107.589005
2012-04-10	105.783127
2012-04-11	106.639320
2012-04-12	108.032715
2012-04-13	106.748344
2012-04-16	106.678314
2012-04-17	108.258408
2012-04-18	107.892570
2012-04-19	107.199806
2012-04-20	107.378868
2012-04-23	106.475922
2012-04-24	106.880684
2012-04-25	108.344025
2012-04-26	109.099091
2012-04-27	109.278122
2012-04-30	108.873322
2012-05-01	109.550522
2012-05-02	109.223648
2012-05-03	108.390724
2012-05-04	106.639320
2012-05-07	106.717216
2012-05-08	106.289093
2012-05-09	105.658592
2012-05-10	105.876564
2012-05-11	105.557381
2012-05-14	104.389824
2012-05-15	103.790459
2012-05-16	103.393486
2012-05-17	101.860046
2012-05-18	100.988266
2012-05-21	102.724091
2012-05-22	102.903107
2012-05-23	102.957581
2012-05-24	103.159958
2012-05-25	102.825264
2012-05-29	104.070686
2012-05-30	102.560623
2012-05-31	102.334877
2012-06-01	99.758400
2012-06-04	99.711739
2012-06-05	100.466782
2012-06-06	102.724091
2012-06-07	102.786331
2012-06-08	103.603653
2012-06-11	102.288177
2012-06-12	103.463554
2012-06-13	102.801926
2012-06-14	103.891647
2012-06-15	104.954216
2012-06-18	105.157600
2012-06-19	106.174759
2012-06-20	106.002655
2012-06-21	103.624100
2012-06-22	104.422134
2012-06-25	102.747726
2012-06-26	103.264175
2012-06-27	104.195267
2012-06-28	103.897926
2012-06-29	106.487747
2012-07-02	106.808517
2012-07-03	107.512756
2012-07-05	107.027626
2012-07-06	106.010483
2012-07-09	105.877434
2012-07-10	104.954216
2012-07-11	104.969833
2012-07-12	104.461235
2012-07-13	106.213875
2012-07-16	105.963486
2012-07-17	106.691170
2012-07-18	107.481400
2012-07-19	107.763084
2012-07-20	106.777237
2012-07-23	105.697479
2012-07-24	104.789879
2012-07-25	104.813370
2012-07-26	106.542503
2012-07-27	108.506409
2012-07-30	108.506409
2012-07-31	107.747421
2012-08-01	107.653534
2012-08-02	106.910225
2012-08-03	109.030602
2012-08-06	109.241898
2012-08-07	109.789581
2012-08-08	109.922554
2012-08-09	110.016487
2012-08-10	110.196404
2012-08-13	110.141640
2012-08-14	110.157295
2012-08-15	110.282509
2012-08-16	111.096184
2012-08-17	111.244827
2012-08-20	111.252708
2012-08-21	110.916275
2012-08-22	110.963188
2012-08-23	110.055595
2012-08-24	110.720680
2012-08-27	110.744141
2012-08-28	110.634567
2012-08-29	110.720680
2012-08-30	109.922554
2012-08-31	110.446770
2012-09-04	110.345131
2012-09-05	110.251183
2012-09-06	112.488914
2012-09-07	112.927094
2012-09-10	112.285515
2012-09-11	112.598457
2012-09-12	112.974022
2012-09-13	114.695374
2012-09-14	115.203911
2012-09-17	114.812737
2012-09-18	114.718864
2012-09-19	114.781425
2012-09-20	114.789253
2012-09-21	114.741287
2012-09-24	114.568207
2012-09-25	113.349030
2012-09-26	112.711792
2012-09-27	113.773811
2012-09-28	113.246689
2012-10-01	113.545647
2012-10-02	113.663628
2012-10-03	114.127731
2012-10-04	114.945770
2012-10-05	114.953674
2012-10-08	114.560387
2012-10-09	113.427689
2012-10-10	112.704010
2012-10-11	112.766907
2012-10-12	112.397186
2012-10-15	113.333244
2012-10-16	114.481667
2012-10-17	115.000824
2012-10-18	114.701981
2012-10-19	112.790482
2012-10-22	112.806229
2012-10-23	111.240929
2012-10-24	110.926262
2012-10-25	111.248764
2012-10-26	111.185829
2012-10-31	111.185829
2012-11-01	112.349998
2012-11-02	111.351051
2012-11-05	111.579140
2012-11-06	112.452271
2012-11-07	109.903687
2012-11-08	108.582199
2012-11-09	108.676590
2012-11-12	108.763153
2012-11-13	108.385529
2012-11-14	106.922447
2012-11-15	106.741524
2012-11-16	107.268562
2012-11-19	109.439590
2012-11-20	109.486794
2012-11-21	109.691330
2012-11-23	111.185829
2012-11-26	110.949837
2012-11-27	110.383522
2012-11-28	111.272331
2012-11-29	111.791496
2012-11-30	111.815071
2012-12-03	111.264473
2012-12-04	111.107162
2012-12-05	111.303833
2012-12-06	111.681412
2012-12-07	112.019630
2012-12-10	112.066856
2012-12-11	112.829842
2012-12-12	112.884895
2012-12-13	112.192680
2012-12-14	111.775810
2012-12-17	113.089378
2012-12-18	114.347954
2012-12-19	113.498405
2012-12-20	114.151344
2012-12-21	113.115173
2012-12-24	112.766579
2012-12-26	112.291328
2012-12-27	112.140800
2012-12-28	110.928764
2012-12-31	112.814110
2013-01-02	115.705551
2013-01-03	115.444153
2013-01-04	115.951149
2013-01-07	115.634270
2013-01-08	115.301552
2013-01-09	115.594673
2013-01-10	116.513557
2013-01-11	116.505676
2013-01-14	116.426468
2013-01-15	116.505676
2013-01-16	116.489853
2013-01-17	117.242401
2013-01-18	117.503807
2013-01-22	118.137489
2013-01-23	118.327660
2013-01-24	118.359375
2013-01-25	119.024818
2013-01-28	118.882217
2013-01-29	119.349602
2013-01-30	118.882217
2013-01-31	118.589096
2013-02-01	119.809052
2013-02-04	118.462326
2013-02-05	119.658585
2013-02-06	119.745705
2013-02-07	119.587219
2013-02-08	120.252686
2013-02-11	120.228905
2013-02-12	120.426918
2013-02-13	120.529892
2013-02-14	120.640854
2013-02-15	120.498260
2013-02-19	121.401329
2013-02-20	119.888245
2013-02-21	119.159454
2013-02-22	120.323959
2013-02-25	118.034584
2013-02-26	118.842606
2013-02-27	120.339813
2013-02-28	120.102150
2013-03-01	120.498260
2013-03-04	121.139931
2013-03-05	122.225151
2013-03-06	122.391571
2013-03-07	122.613358
2013-03-08	123.136246
2013-03-11	123.603607
2013-03-12	123.326347
2013-03-13	123.500580
2013-03-14	124.158073
2013-03-15	123.994194
2013-03-18	123.309875
2013-03-19	123.023407
2013-03-20	123.882812
2013-03-21	122.824516
2013-03-22	123.811211
2013-03-25	123.293938
2013-03-26	124.280663
2013-03-27	124.280663
2013-03-28	124.662598
2013-04-01	124.169182
2013-04-02	124.781906
2013-04-03	123.516823
2013-04-04	124.018074
2013-04-05	123.461060
2013-04-08	124.296577
2013-04-09	124.726234
2013-04-10	126.253983
2013-04-11	126.667732
2013-04-12	126.357430
2013-04-15	123.429214
2013-04-16	125.251427
2013-04-17	123.421265
2013-04-18	122.649414
2013-04-19	123.715744
2013-04-22	124.264740
2013-04-23	125.545807
2013-04-24	125.625404
2013-04-25	126.134659
2013-04-26	125.911827
2013-04-29	126.755287
2013-04-30	127.057648
2013-05-01	125.943703
2013-05-02	127.113342
2013-05-03	128.402359
2013-05-06	128.728607
2013-05-07	129.381104
2013-05-08	129.969894
2013-05-09	129.603943
2013-05-10	130.025620
2013-05-13	130.129059
2013-05-14	131.473801
2013-05-15	132.181976
2013-05-16	131.561310
2013-05-17	132.834503
2013-05-20	132.826447
2013-05-21	133.017456
2013-05-22	132.030731
2013-05-23	131.648804
2013-05-24	131.537430
2013-05-28	132.325195
2013-05-29	131.465897
2013-05-30	131.951233
2013-05-31	130.057434
2013-06-03	130.773575
2013-06-04	130.144974
2013-06-05	128.322769
2013-06-06	129.484589
2013-06-07	131.131683
2013-06-10	131.131683
2013-06-11	129.778946
2013-06-12	128.704788
2013-06-13	130.662216
2013-06-14	129.842590
2013-06-17	130.845215
2013-06-18	131.879562
2013-06-19	130.057434
2013-06-20	126.834793
2013-06-21	127.242035
2013-06-24	125.634201
2013-06-25	126.842087
2013-06-26	128.097916
2013-06-27	128.849854
2013-06-28	128.321854
2013-07-01	129.073822
2013-07-02	128.953812
2013-07-03	129.009705
2013-07-05	130.401596
2013-07-08	131.145630
2013-07-09	132.089493
2013-07-10	132.137451
2013-07-11	133.937256
2013-07-12	133.993210
2013-07-15	134.505234
2013-07-16	134.001266
2013-07-17	134.345306
2013-07-18	135.081192
2013-07-19	135.321121
2013-07-22	135.585114
2013-07-23	135.297104
2013-07-24	134.801224
2013-07-25	135.129135
2013-07-26	135.273117
2013-07-29	134.857193
2013-07-30	134.857193
2013-07-31	134.953140
2013-08-01	136.513016
2013-08-02	136.744949
2013-08-05	136.544998
2013-08-06	135.769135
2013-08-07	135.329102
2013-08-08	135.825119
2013-08-09	135.433060
2013-08-12	135.273117
2013-08-13	135.673065
2013-08-14	134.977173
2013-08-15	133.089325
2013-08-16	132.649414
2013-08-19	131.801559
2013-08-20	132.449432
2013-08-21	131.633530
2013-08-22	132.833389
2013-08-23	133.281342
2013-08-26	132.785400
2013-08-27	130.649673
2013-08-28	131.113541
2013-08-29	131.321533
2013-08-30	130.905563
2013-09-03	131.497498
2013-09-04	132.585388
2013-09-05	132.753418
2013-09-06	132.817368
2013-09-09	134.089325
2013-09-10	135.081192
2013-09-11	135.505142
2013-09-12	135.145157
2013-09-13	135.449081
2013-09-16	136.233017
2013-09-17	136.840988
2013-09-18	138.424774
2013-09-19	138.192810
2013-09-20	137.226639
2013-09-23	136.591644
2013-09-24	136.270081
2013-09-25	135.876221
2013-09-26	136.398682
2013-09-27	135.771774
2013-09-30	135.048325
2013-10-01	136.117371
2013-10-02	135.988724
2013-10-03	134.734848
2013-10-04	135.755646
2013-10-07	134.582062
2013-10-08	133.014664
2013-10-09	133.111099
2013-10-10	135.980682
2013-10-11	136.856873
2013-10-14	137.403519
2013-10-15	136.406738
2013-10-16	138.311798
2013-10-17	139.236206
2013-10-18	140.176620
2013-10-21	140.184662
2013-10-22	140.996506
2013-10-23	140.321304
2013-10-24	140.787537
2013-10-25	141.430573
2013-10-28	141.655609
2013-10-29	142.411194
2013-10-30	141.703857
2013-10-31	141.301941
2013-11-01	141.639587
2013-11-04	142.137939
2013-11-05	141.687836
2013-11-06	142.411194
2013-11-07	140.610657
2013-11-08	142.507645
2013-11-11	142.531769
2013-11-12	142.242386
2013-11-13	143.383835
2013-11-14	144.099243
2013-11-15	144.726196
2013-11-18	144.219803
2013-11-19	143.906265
2013-11-20	143.456177
2013-11-21	144.613663
2013-11-22	145.337097
2013-11-25	145.192398
2013-11-26	145.232513
2013-11-27	145.586288
2013-11-29	145.489822
2013-12-02	145.112000
2013-12-03	144.485016
2013-12-04	144.468979
2013-12-05	143.833969
2013-12-06	145.441635
2013-12-09	145.811325
2013-12-10	145.288879
2013-12-11	143.657120
2013-12-12	143.182846
2013-12-13	143.166855
2013-12-16	144.059082
2013-12-17	143.600830
2013-12-18	146.052475
2013-12-19	145.883713
2013-12-20	146.732254
2013-12-23	147.516159
2013-12-24	147.839478
2013-12-26	148.591049
2013-12-27	148.582886
2013-12-30	148.558746
2013-12-31	149.261856
2014-01-02	147.831360
2014-01-03	147.807129
2014-01-06	147.378769
2014-01-07	148.283936
2014-01-08	148.316315
2014-01-09	148.413269
2014-01-10	148.817352
2014-01-13	146.837296
2014-01-14	148.437500
2014-01-15	149.237656
2014-01-16	149.043610
2014-01-17	148.413269
2014-01-21	148.849609
2014-01-22	148.946655
2014-01-23	147.726318
2014-01-24	144.574371
2014-01-27	143.863266
2014-01-28	144.719925
2014-01-29	143.329819
2014-01-30	144.849228
2014-01-31	144.000717
2014-02-03	140.759888
2014-02-04	141.745865
2014-02-05	141.567993
2014-02-06	143.434937
2014-02-07	145.212875
2014-02-10	145.479660
2014-02-11	147.071716
2014-02-12	147.144470
2014-02-13	147.904144
2014-02-14	148.720352
2014-02-18	148.898209
2014-02-19	147.912216
2014-02-20	148.785080
2014-02-21	148.615311
2014-02-24	149.439636
2014-02-25	149.383133
2014-02-26	149.391174
2014-02-27	150.175064
2014-02-28	150.554962
2014-03-03	149.496185
2014-03-04	151.597504
2014-03-05	151.734833
2014-03-06	152.082382
2014-03-07	152.146973
2014-03-10	152.066162
2014-03-11	151.314621
2014-03-12	151.355103
2014-03-13	149.657867
2014-03-14	149.237656
2014-03-17	150.587265
2014-03-18	151.662125
2014-03-19	150.853973
2014-03-20	151.734833
2014-03-21	151.146317
2014-03-24	150.521301
2014-03-25	151.235641
2014-03-26	150.147949
2014-03-27	149.831329
2014-03-28	150.570007
2014-03-31	151.803864
2014-04-01	152.810486
2014-04-02	153.321823
2014-04-03	153.118866
2014-04-04	151.308640
2014-04-07	149.636459
2014-04-08	150.253433
2014-04-09	151.868820
2014-04-10	148.678650
2014-04-11	147.339279
2014-04-14	148.500046
2014-04-15	149.522842
2014-04-16	151.089539
2014-04-17	151.300552
2014-04-21	151.828217
2014-04-22	152.518219
2014-04-23	152.161072
2014-04-24	152.469482
2014-04-25	151.219437
2014-04-28	151.698349
2014-04-29	152.404526
2014-04-30	152.859146
2014-05-01	152.875336
2014-05-02	152.656189
2014-05-05	152.948395
2014-05-06	151.617203
2014-05-07	152.510117
2014-05-08	152.347717
2014-05-09	152.574966
2014-05-12	154.060516
2014-05-13	154.198486
2014-05-14	153.467941
2014-05-15	152.120453
2014-05-16	152.648087
2014-05-19	153.208191
2014-05-20	152.242203
2014-05-21	153.524765
2014-05-22	153.898132
2014-05-23	154.515076
2014-05-27	155.464783
2014-05-28	155.351166
2014-05-29	156.154800
2014-05-30	156.406448
2014-06-02	156.585037
2014-06-03	156.503815
2014-06-04	156.820450
2014-06-05	157.843231
2014-06-06	158.598114
2014-06-09	158.760437
2014-06-10	158.776749
2014-06-11	158.224762
2014-06-12	157.104553
2014-06-13	157.583481
2014-06-16	157.713394
2014-06-17	158.151688
2014-06-18	159.312454
2014-06-19	159.491058
2014-06-20	159.814865
2014-06-23	159.765915
2014-06-24	158.803482
2014-06-25	159.521194
2014-06-26	159.407043
2014-06-27	159.716980
2014-06-30	159.635406
2014-07-01	160.703873
2014-07-02	160.867035
2014-07-03	161.658127
2014-07-07	161.095413
2014-07-08	160.059555
2014-07-09	160.777252
2014-07-10	160.141159
2014-07-11	160.361359
2014-07-14	161.168823
2014-07-15	160.867035
2014-07-16	161.462418
2014-07-17	159.627258
2014-07-18	161.258560
2014-07-21	160.956741
2014-07-22	161.658127
2014-07-23	162.017090
2014-07-24	162.025253
2014-07-25	161.266693
2014-07-28	161.331909
2014-07-29	160.638641
2014-07-30	160.663177
2014-07-31	157.490341
2014-08-01	157.009079
2014-08-04	158.142822
2014-08-05	156.609467
2014-08-06	156.658340
2014-08-07	155.810120
2014-08-08	157.612671
2014-08-11	158.069473
2014-08-12	157.849213
2014-08-13	158.917648
2014-08-14	159.668030
2014-08-15	159.635406
2014-08-18	160.973083
2014-08-19	161.813156
2014-08-20	162.245422
2014-08-21	162.718521
2014-08-22	162.465637
2014-08-25	163.289444
2014-08-26	163.395447
2014-08-27	163.330231
2014-08-28	163.240555
2014-08-29	163.705444
2014-09-02	163.623856
2014-09-03	163.534119
2014-09-04	163.297623
2014-09-05	164.031631
2014-09-08	163.607559
2014-09-09	162.571686
2014-09-10	163.183426
2014-09-11	163.371033
2014-09-12	162.416748
2014-09-15	162.294403
2014-09-16	163.517868
2014-09-17	163.737976
2014-09-18	164.610764
2014-09-19	164.462509
2014-09-22	163.192307
2014-09-23	162.258057
2014-09-24	163.528305
2014-09-25	160.889648
2014-09-26	162.168015
2014-09-29	161.873001
2014-09-30	161.446884
2014-10-01	159.258972
2014-10-02	159.283554
2014-10-03	161.037155
2014-10-06	160.848694
2014-10-07	158.365768
2014-10-08	161.135513
2014-10-09	157.939682
2014-10-10	156.136902
2014-10-13	153.572052
2014-10-14	153.809692
2014-10-15	152.768982
2014-10-16	152.637909
2014-10-17	154.440704
2014-10-20	155.940262
2014-10-21	159.029587
2014-10-22	157.898712
2014-10-23	159.734238
2014-10-24	160.963409
2014-10-27	160.742188
2014-10-28	162.585907
2014-10-29	162.340088
2014-10-30	163.380768
2014-10-31	165.249146
2014-11-03	165.339233
2014-11-04	164.765671
2014-11-05	165.806290
2014-11-06	166.470078
2014-11-07	166.625748
2014-11-10	167.150192
2014-11-11	167.314133
2014-11-12	167.133850
2014-11-13	167.322357
2014-11-14	167.363297
2014-11-17	167.469833
2014-11-18	168.436737
2014-11-19	168.166290
2014-11-20	168.461319
2014-11-21	169.362717
2014-11-24	169.838028
2014-11-25	169.715164
2014-11-26	170.149414
2014-11-28	169.788818
2014-12-01	168.608856
2014-12-02	169.698700
2014-12-03	170.354248
2014-12-04	170.165848
2014-12-05	170.444397
2014-12-08	169.305420
2014-12-09	169.190704
2014-12-10	166.478256
2014-12-11	167.322357
2014-12-12	164.618164
2014-12-15	163.487335
2014-12-16	162.176224
2014-12-17	165.355652
2014-12-18	169.444641
2014-12-19	170.165680
2014-12-22	170.948410
2014-12-23	171.179123
2014-12-24	171.195602
2014-12-26	171.747711
2014-12-29	171.978363
2014-12-30	171.055573
2014-12-31	169.358154
2015-01-02	169.267548
2015-01-05	166.210648
2015-01-06	164.645035
2015-01-07	166.696762
2015-01-08	169.654846
2015-01-09	168.295258
2015-01-12	166.976868
2015-01-13	166.507263
2015-01-14	165.501984
2015-01-15	163.985931
2015-01-16	166.136444
2015-01-20	166.490799
2015-01-21	167.331238
2015-01-22	169.819611
2015-01-23	168.888458
2015-01-26	169.284012
2015-01-27	167.051117
2015-01-28	164.908722
2015-01-29	166.433105
2015-01-30	164.340149
2015-02-02	166.375366
2015-02-03	168.781387
2015-02-04	168.138733
2015-02-05	169.836044
2015-02-06	169.366394
2015-02-09	168.608353
2015-02-10	170.404572
2015-02-11	170.503464
2015-02-12	172.143158
2015-02-13	172.851730
2015-02-17	173.123688
2015-02-18	173.140198
2015-02-19	173.016586
2015-02-20	174.054749
2015-02-23	174.030014
2015-02-24	174.524414
2015-02-25	174.376083
2015-02-26	174.170074
2015-02-27	173.576859
2015-03-02	174.672775
2015-03-03	173.955917
2015-03-04	173.222580
2015-03-05	173.412079
2015-03-06	170.973129
2015-03-09	171.681778
2015-03-10	168.896698
2015-03-11	168.501236
2015-03-12	170.643585
2015-03-13	169.597107
2015-03-16	171.863007
2015-03-17	171.352173
2015-03-18	173.412079
2015-03-19	172.621063
2015-03-20	174.144775
2015-03-23	173.805435
2015-03-24	172.828873
2015-03-25	170.296249
2015-03-26	169.890640
2015-03-27	170.279694
2015-03-30	172.357101
2015-03-31	170.850739
2015-04-01	170.246521
2015-04-02	170.859024
2015-04-06	172.009491
2015-04-07	171.554214
2015-04-08	172.133621
2015-04-09	172.894989
2015-04-10	173.838531
2015-04-13	173.052277
2015-04-14	173.383347
2015-04-15	174.161240
2015-04-16	174.111633
2015-04-17	172.108795
2015-04-20	173.681320
2015-04-21	173.474319
2015-04-22	174.326828
2015-04-23	174.765472
2015-04-24	175.171005
2015-04-27	174.442673
2015-04-28	174.997314
2015-04-29	174.277130
2015-04-30	172.530853
2015-05-01	174.401367
2015-05-04	174.897995
2015-05-05	172.894989
2015-05-06	172.183258
2015-05-07	172.870209
2015-05-08	175.146179
2015-05-11	174.310303
2015-05-12	173.788925
2015-05-13	173.821991
2015-05-14	175.634552
2015-05-15	175.824890
2015-05-18	176.371094
2015-05-19	176.313187
2015-05-20	176.189087
2015-05-21	176.702209
2015-05-22	176.280075
2015-05-26	174.384750
2015-05-27	176.040085
2015-05-28	175.841415
2015-05-29	174.748947
2015-06-01	175.104813
2015-06-02	174.930984
2015-06-03	175.394547
2015-06-04	173.913101
2015-06-05	173.615097
2015-06-08	172.547424
2015-06-09	172.522614
2015-06-10	174.591690
2015-06-11	175.154510
2015-06-12	173.813690
2015-06-15	173.068909
2015-06-16	174.012360
2015-06-17	174.293762
2015-06-18	176.106308
2015-06-19	175.324463
2015-06-22	176.222733
2015-06-23	176.347488
2015-06-24	175.066696
2015-06-25	174.534454
2015-06-26	174.501190
2015-06-29	170.841827
2015-06-30	171.199417
2015-07-01	172.571701
2015-07-02	172.413620
2015-07-06	171.922943
2015-07-07	173.004150
2015-07-08	170.101608
2015-07-09	170.409317
2015-07-10	172.555038
2015-07-13	174.459610
2015-07-14	175.216400
2015-07-15	175.158188
2015-07-16	176.563736
2015-07-17	176.713394
2015-07-20	176.804901
2015-07-21	176.106262
2015-07-22	175.790207
2015-07-23	174.800568
2015-07-24	172.987518
2015-07-27	171.981216
2015-07-28	174.093628
2015-07-29	175.291245
2015-07-30	175.332870
2015-07-31	175.066696
2015-08-03	174.476227
2015-08-04	174.135162
2015-08-05	174.709091
2015-08-06	173.278595
2015-08-07	172.945938
2015-08-10	175.124908
2015-08-11	173.544739
2015-08-12	173.752655
2015-08-13	173.536438
2015-08-14	174.168503
2015-08-17	175.141556
2015-08-18	174.634232
2015-08-19	173.253662
2015-08-20	169.635941
2015-08-21	164.529434
2015-08-24	157.601608
2015-08-25	155.746979
2015-08-26	161.726624
2015-08-27	165.727005
2015-08-28	165.735336
2015-08-31	164.396332
2015-09-01	159.489532
2015-09-02	162.516815
2015-09-03	162.633255
2015-09-04	160.171448
2015-09-08	164.196808
2015-09-09	162.001144
2015-09-10	162.882751
2015-09-11	163.622940
2015-09-14	163.015793
2015-09-15	165.053406
2015-09-16	166.483841
2015-09-17	166.109573
2015-09-18	163.395111
2015-09-21	164.239471
2015-09-22	162.107697
2015-09-23	161.848557
2015-09-24	161.263321
2015-09-25	161.221588
2015-09-28	157.175293
2015-09-29	157.267319
2015-09-30	160.201599
2015-10-01	160.619629
2015-10-02	163.018982
2015-10-05	165.919830
2015-10-06	165.351303
2015-10-07	166.705612
2015-10-08	168.210449
2015-10-09	168.310791
2015-10-12	168.469559
2015-10-13	167.407913
2015-10-14	166.605301
2015-10-15	169.163467
2015-10-16	169.932602
2015-10-19	170.016205
2015-10-20	169.798874
2015-10-21	168.745514
2015-10-22	171.596191
2015-10-23	173.477234
2015-10-26	173.050873
2015-10-27	172.716446
2015-10-28	174.681030
2015-10-29	174.580734
2015-10-30	173.828308
2015-11-02	175.884857
2015-11-03	176.394821
2015-11-04	175.859802
2015-11-05	175.684235
2015-11-06	175.592285
2015-11-09	173.953751
2015-11-10	174.355042
2015-11-11	173.669510
2015-11-12	171.245102
2015-11-13	169.322357
2015-11-16	171.897171
2015-11-17	171.771820
2015-11-18	174.497101
2015-11-19	174.346664
2015-11-20	174.982010
2015-11-23	174.781357
2015-11-24	175.015427
2015-11-25	174.990341
2015-11-27	175.190979
2015-11-30	174.463715
2015-12-01	176.127304
2015-12-02	174.329941
2015-12-03	171.888794
2015-12-04	175.241180
2015-12-07	174.179428
2015-12-08	173.009018
2015-12-09	171.663116
2015-12-10	172.106201
2015-12-11	168.770569
2015-12-14	169.623276
2015-12-15	171.403961
2015-12-16	173.911911
2015-12-17	171.261841
2015-12-18	168.210800
2015-12-21	169.598373
2015-12-22	171.137344
2015-12-23	173.256607
2015-12-24	172.970688
2015-12-28	172.575424
2015-12-29	174.417130
2015-12-30	173.180939
2015-12-31	171.448532
2016-01-04	169.051727
2016-01-05	169.337738
2016-01-06	167.201660
2016-01-07	163.190201
2016-01-08	161.398956
2016-01-11	161.558746
2016-01-12	162.862228
2016-01-13	158.800323
2016-01-14	161.407303
2016-01-15	157.942551
2016-01-19	158.152802
2016-01-20	156.126053
2016-01-21	157.000626
2016-01-22	160.221588
2016-01-25	157.799606
2016-01-26	159.952438
2016-01-27	158.211685
2016-01-28	159.035782
2016-01-29	162.912659
2016-02-01	162.853790
2016-02-02	159.918839
2016-02-03	160.877518
2016-02-04	161.129807
2016-02-05	158.060257
2016-02-08	155.932632
2016-02-09	155.941025
2016-02-10	155.806488
2016-02-11	153.779739
2016-02-12	156.950211
2016-02-16	159.599289
2016-02-17	162.206268
2016-02-18	161.541901
2016-02-19	161.466217
2016-02-22	163.804138
2016-02-23	161.735321
2016-02-24	162.475388
2016-02-25	164.443268
2016-02-26	164.064804
2016-02-29	162.778122
2016-03-01	166.604568
2016-03-02	167.352997
2016-03-03	168.008942
2016-03-04	168.555557
2016-03-07	168.690140
2016-03-08	166.848419
2016-03-09	167.672546
2016-03-10	167.807144
2016-03-11	170.515060
2016-03-14	170.296387
2016-03-15	170.018875
2016-03-16	171.002853
2016-03-17	172.087692
2016-03-18	172.763870
2016-03-21	173.009018
2016-03-22	172.916061
2016-03-23	171.774918
2016-03-24	171.698837
2016-03-28	171.800247
2016-03-29	173.389404
2016-03-30	174.150208
2016-03-31	173.727539
2016-04-01	174.910995
2016-04-04	174.344650
2016-04-05	172.603333
2016-04-06	174.488358
2016-04-07	172.400421
2016-04-08	172.865326
2016-04-11	172.459579
2016-04-12	174.065659
2016-04-13	175.823853
2016-04-14	175.832382
2016-04-15	175.638000
2016-04-18	176.872101
2016-04-19	177.430023
2016-04-20	177.599045
2016-04-21	176.643890
2016-04-22	176.643890
2016-04-25	176.339569
2016-04-26	176.601639
2016-04-27	176.965088
2016-04-28	175.359009
2016-04-29	174.412292
2016-05-02	175.798569
2016-05-03	174.268616
2016-05-04	173.296509
2016-05-05	173.262604
2016-05-06	173.896637
2016-05-09	174.040329
2016-05-10	176.204285
2016-05-11	174.555923
2016-05-12	174.606705
2016-05-13	173.085052
2016-05-16	174.792648
2016-05-17	173.161209
2016-05-18	173.211914
2016-05-19	172.611725
2016-05-20	173.702194
2016-05-23	173.465561
2016-05-24	175.714020
2016-05-25	176.905914
2016-05-26	176.956619
2016-05-27	177.717422
2016-05-31	177.379333
2016-06-01	177.742798
2016-06-02	178.283768
2016-06-03	177.751221
2016-06-06	178.655746
2016-06-07	178.934616
2016-06-08	179.517883
2016-06-09	179.272781
2016-06-10	177.573669
2016-06-13	176.204285
2016-06-14	175.857742
2016-06-15	175.612610
2016-06-16	176.136688
2016-06-17	175.480713
2016-06-20	176.610809
2016-06-21	177.112198
2016-06-22	176.823242
2016-06-23	179.125977
2016-06-24	172.693680
2016-06-27	169.600784
2016-06-28	172.659683
2016-06-29	175.599655
2016-06-30	177.995819
2016-07-01	178.369705
2016-07-05	177.086670
2016-07-06	178.148788
2016-07-07	178.038315
2016-07-08	180.689331
2016-07-11	181.326675
2016-07-12	182.643677
2016-07-13	182.618240
2016-07-14	183.637863
2016-07-15	183.391434
2016-07-18	183.884323
2016-07-19	183.697327
2016-07-20	184.462051
2016-07-21	183.765305
2016-07-22	184.589600
2016-07-25	184.088211
2016-07-26	184.173218
2016-07-27	183.977753
2016-07-28	184.190201
2016-07-29	184.487534
2016-08-01	184.334610
2016-08-02	183.153534
2016-08-03	183.688858
2016-08-04	183.884323
2016-08-05	185.388275
2016-08-08	185.277817
2016-08-09	185.388275
2016-08-10	184.929352
2016-08-11	185.787598
2016-08-12	185.626205
2016-08-15	186.161514
2016-08-16	185.201324
2016-08-17	185.549744
2016-08-18	185.966110
2016-08-19	185.694107
2016-08-22	185.685623
2016-08-23	186.059509
2016-08-24	185.107803
2016-08-25	184.980392
2016-08-26	184.631943
2016-08-29	185.541183
2016-08-30	185.235321
2016-08-31	184.708527
2016-09-01	184.717010
2016-09-02	185.549744
2016-09-06	186.110489
2016-09-07	186.093521
2016-09-08	185.668610
2016-09-09	181.224701
2016-09-12	183.824799
2016-09-13	181.182220
2016-09-14	181.114243
2016-09-15	182.924072
2016-09-16	182.217026
2016-09-19	182.251175
2016-09-20	182.259720
2016-09-21	184.309280
2016-09-22	185.470718
2016-09-23	184.454498
2016-09-26	182.960007
2016-09-27	184.095795
2016-09-28	185.009552
2016-09-29	183.335678
2016-09-30	184.719193
2016-10-03	184.275116
2016-10-04	183.335678
2016-10-05	184.147034
2016-10-06	184.275116
2016-10-07	183.643173
2016-10-10	184.599640
2016-10-11	182.268234
2016-10-12	182.507370
2016-10-13	181.909546
2016-10-14	182.003525
2016-10-17	181.371552
2016-10-18	182.507370
2016-10-19	182.994110
2016-10-20	182.652527
2016-10-21	182.737946
2016-10-24	183.515060
2016-10-25	182.900162
2016-10-26	182.533005
2016-10-27	182.046204
2016-10-28	181.508179
2016-10-31	181.516708
2016-11-01	180.201569
2016-11-02	179.117004
2016-11-03	178.297150
2016-11-04	178.100769
2016-11-07	182.029114
2016-11-08	182.848999
2016-11-09	184.787506
2016-11-10	185.248672
2016-11-11	184.821701
2016-11-14	184.966812
2016-11-15	186.410095
2016-11-16	186.059998
2016-11-17	187.016464
2016-11-18	186.597961
2016-11-21	188.007095
2016-11-22	188.374329
2016-11-23	188.476761
2016-11-25	189.177078
2016-11-28	188.288925
2016-11-29	188.656128
2016-11-30	188.203476
2016-12-01	187.511826
2016-12-02	187.605728
2016-12-05	188.732986
2016-12-06	189.330765
2016-12-07	191.807358
2016-12-08	192.277100
2016-12-09	193.438522
2016-12-12	193.216446
2016-12-13	194.505951
2016-12-14	192.900497
2016-12-15	193.694687
2016-12-16	193.315842
2016-12-19	193.736832
2016-12-20	194.484146
2016-12-21	193.942963
2016-12-22	193.607925
2016-12-23	193.891434
2016-12-27	194.372513
2016-12-28	192.766083
2016-12-29	192.723145
2016-12-30	192.018677
2017-01-03	193.487701
2017-01-04	194.638748
2017-01-05	194.484146
2017-01-06	195.179977
2017-01-09	194.535721
2017-01-10	194.535721
2017-01-11	195.085464
2017-01-12	194.595764
2017-01-13	195.042480
2017-01-17	194.355316
2017-01-18	194.784836
2017-01-19	194.063202
2017-01-20	194.776215
2017-01-23	194.269348
2017-01-24	195.514984
2017-01-25	197.207291
2017-01-26	197.001114
2017-01-27	196.691849
2017-01-30	195.472031
2017-01-31	195.454849
2017-02-01	195.532166
2017-02-02	195.661011
2017-02-03	197.009720
2017-02-06	196.657471
2017-02-07	196.666046
2017-02-08	196.923798
2017-02-09	198.092041
2017-02-10	198.873764
2017-02-13	199.956161
2017-02-14	200.755051
2017-02-15	201.803085
2017-02-16	201.631271
2017-02-17	201.949112
2017-02-21	203.151703
2017-02-22	202.971375
2017-02-23	203.108810
2017-02-24	203.366516
2017-02-27	203.684372
2017-02-28	203.134613
2017-03-01	205.977951
2017-03-02	204.680878
2017-03-03	204.809692
2017-03-06	204.199768
2017-03-07	203.589920
2017-03-08	203.211853
2017-03-09	203.469650
2017-03-10	204.182587
2017-03-13	204.285675
2017-03-14	203.504028
2017-03-15	205.264984
2017-03-16	204.861191
2017-03-17	204.501480
2017-03-20	204.277145
2017-03-21	201.654297
2017-03-22	202.128815
2017-03-23	201.913162
2017-03-24	201.766479
2017-03-27	201.559402
2017-03-28	203.026138
2017-03-29	203.215881
2017-03-30	203.863007
2017-03-31	203.388489
2017-04-03	203.034714
2017-04-04	203.164169
2017-04-05	202.560226
2017-04-06	203.129623
2017-04-07	202.922577
2017-04-10	203.043350
2017-04-11	202.801788
2017-04-12	201.913162
2017-04-13	200.601761
2017-04-17	202.379074
2017-04-18	201.775116
2017-04-19	201.404175
2017-04-20	203.043350
2017-04-21	202.396317
2017-04-24	204.622223
2017-04-25	205.812866
2017-04-26	205.683411
2017-04-27	205.855972
2017-04-28	205.407318
2017-05-01	205.925003
2017-05-02	206.002716
2017-05-03	205.752441
2017-05-04	205.994019
2017-05-05	206.804993
2017-05-08	206.770554
2017-05-09	206.580719
2017-05-10	206.951706
2017-05-11	206.528915
2017-05-12	206.183853
2017-05-15	207.322693
2017-05-16	207.132874
2017-05-17	203.457535
2017-05-18	204.277145
2017-05-19	205.605789
2017-05-22	206.649750
2017-05-23	207.106964
2017-05-24	207.590179
2017-05-25	208.582306
2017-05-26	208.539154
2017-05-30	208.358017
2017-05-31	208.306274
2017-06-01	209.962738
2017-06-02	210.661621
2017-06-05	210.506271
2017-06-06	209.833344
2017-06-07	210.221603
2017-06-08	210.325150
2017-06-09	210.005890
2017-06-12	209.962738
2017-06-13	210.989456
2017-06-14	210.721985
2017-06-15	210.316574
2017-06-16	210.362442
2017-06-19	212.113708
2017-06-20	210.683182
2017-06-21	210.631180
2017-06-22	210.535782
2017-06-23	210.787262
2017-06-26	210.925964
2017-06-27	209.226715
2017-06-28	211.099396
2017-06-29	209.244064
2017-06-30	209.634186
2017-07-03	209.989609
2017-07-05	210.475159
2017-07-06	208.550446
2017-07-07	209.902954
2017-07-10	210.128326
2017-07-11	209.972305
2017-07-12	211.550247
2017-07-13	211.905670
2017-07-14	212.893997
2017-07-17	212.867966
2017-07-18	212.980667
2017-07-19	214.133789
2017-07-20	214.229156
2017-07-21	214.038406
2017-07-24	213.986389
2017-07-25	214.506592
2017-07-26	214.515213
2017-07-27	214.315796
2017-07-28	214.064453
2017-07-31	213.943069
2017-08-01	214.419907
2017-08-02	214.523880
2017-08-03	214.107712
2017-08-04	214.497955
2017-08-07	214.896729
2017-08-08	214.367889
2017-08-09	214.359207
2017-08-10	211.333466
2017-08-11	211.645569
2017-08-14	213.743637
2017-08-15	213.717621
2017-08-16	214.090439
2017-08-17	210.752548
2017-08-18	210.423126
2017-08-21	210.587814
2017-08-22	212.789963
2017-08-23	212.027008
2017-08-24	211.532806
2017-08-25	212.027008
2017-08-28	212.035736
2017-08-29	212.278458
2017-08-30	213.284119
2017-08-31	214.567261
2017-09-01	214.870712
2017-09-05	213.327545
2017-09-06	214.055756
2017-09-07	214.029724
2017-09-08	213.778336
2017-09-11	216.058502
2017-09-12	216.786804
2017-09-13	216.890747
2017-09-14	216.821350
2017-09-15	217.113266
2017-09-18	217.575027
2017-09-19	217.792862
2017-09-20	217.871277
2017-09-21	217.287491
2017-09-22	217.331116
2017-09-25	216.886734
2017-09-26	217.017441
2017-09-27	217.862625
2017-09-28	218.123978
2017-09-29	218.890656
2017-10-02	219.840393
2017-10-03	220.310837
2017-10-04	220.572235
2017-10-05	221.879211
2017-10-06	221.626465
2017-10-09	221.260544
2017-10-10	221.844315
2017-10-11	222.192780
2017-10-12	221.861694
2017-10-13	222.131821
2017-10-16	222.428055
2017-10-17	222.584854
2017-10-18	222.802719
2017-10-19	222.863693
2017-10-20	224.013779
2017-10-23	223.142487
2017-10-24	223.534576
2017-10-25	222.428055
2017-10-26	222.715546
2017-10-27	224.536591
2017-10-30	223.700119
2017-10-31	224.048584
2017-11-01	224.344894
2017-11-02	224.432007
2017-11-03	225.181259
2017-11-06	225.529800
2017-11-07	225.373001
2017-11-08	225.756332
2017-11-09	224.937302
2017-11-10	224.867630
2017-11-13	225.076706
2017-11-14	224.553955
2017-11-15	223.430023
2017-11-16	225.329422
2017-11-17	224.667175
2017-11-20	225.050568
2017-11-21	226.523026
2017-11-22	226.322662
2017-11-24	226.845444
2017-11-27	226.732162
2017-11-28	229.032318
2017-11-29	228.892929
2017-11-30	230.896881
2017-12-01	230.417679
2017-12-04	230.138870
2017-12-05	229.311172
2017-12-06	229.354721
2017-12-07	230.077881
2017-12-08	231.332458
2017-12-11	232.029480
2017-12-12	232.438995
2017-12-13	232.412888
2017-12-14	231.463211
2017-12-15	233.390686
2017-12-18	234.870621
2017-12-19	233.968658
2017-12-20	233.846024
2017-12-21	234.327728
2017-12-22	234.266388
2017-12-26	233.986145
2017-12-27	234.100006
2017-12-28	234.581665
2017-12-29	233.697174
2018-01-02	235.369781
2018-01-03	236.858490
2018-01-04	237.856857
2018-01-05	239.441956
2018-01-08	239.879791
2018-01-09	240.422729
2018-01-10	240.054977
2018-01-11	241.806473
2018-01-12	243.382812
2018-01-16	242.550827
2018-01-17	244.862747
2018-01-18	244.451096
2018-01-19	245.563309
2018-01-22	247.559998
2018-01-23	248.085419
2018-01-24	247.989151
2018-01-25	248.094116
2018-01-26	250.966522
2018-01-29	249.302719
2018-01-30	246.745529
2018-01-31	246.868118
2018-02-01	246.587952
2018-02-02	241.219666
2018-02-05	231.131332
2018-02-06	235.685120
2018-02-07	234.406525
2018-02-08	225.614258
2018-02-09	229.003281
2018-02-12	232.366043
2018-02-13	232.944046
2018-02-14	236.087921
2018-02-15	239.100403
2018-02-16	239.170486
2018-02-20	237.672974
2018-02-21	236.490768
2018-02-22	236.797272
2018-02-23	240.571655
2018-02-26	243.365204
2018-02-27	240.326462
2018-02-28	237.891922
2018-03-01	234.432831
2018-03-02	235.641342
2018-03-05	238.364792
2018-03-06	238.969086
2018-03-07	238.881439
2018-03-08	240.037506
2018-03-09	244.214722
2018-03-12	243.908142
2018-03-13	242.331879
2018-03-14	241.088333
2018-03-15	240.825592
2018-03-16	241.086731
2018-03-19	237.824814
2018-03-20	238.229279
2018-03-21	237.772049
2018-03-22	231.828384
2018-03-23	226.887131
2018-03-26	233.094543
2018-03-27	229.129150
2018-03-28	228.452103
2018-03-29	231.371124
2018-04-02	226.377106
2018-04-03	229.278580
2018-04-04	231.731644
2018-04-05	233.560532
2018-04-06	228.355392
2018-04-09	229.480881
2018-04-10	233.129684
2018-04-11	231.907578
2018-04-12	233.815445
2018-04-13	233.129684
2018-04-16	235.046371
2018-04-17	237.561050
2018-04-18	237.736877
2018-04-19	236.418015
2018-04-20	234.413300
2018-04-23	234.378235
2018-04-24	231.221802
2018-04-25	231.793243
2018-04-26	234.149551
2018-04-27	234.369415
2018-04-30	232.566925
2018-05-01	232.980240
2018-05-02	231.415161
2018-05-03	230.905151
2018-05-04	233.894547
2018-05-07	234.685913
2018-05-08	234.685913
2018-05-09	236.954330
2018-05-10	239.170029
2018-05-11	239.899750
2018-05-14	240.014008
2018-05-15	238.361115
2018-05-16	239.363449
2018-05-17	239.161285
2018-05-18	238.563339
2018-05-21	240.356964
2018-05-22	239.688797
2018-05-23	240.348190
2018-05-24	239.855789
2018-05-25	239.284302
2018-05-29	236.532288
2018-05-30	239.688797
2018-05-31	238.220490
2018-06-01	240.559235
2018-06-04	241.702103
2018-06-05	241.878052
2018-06-06	243.900314
2018-06-07	243.873886
2018-06-08	244.594925
2018-06-11	244.920242
2018-06-12	245.236786
2018-06-13	244.454254
2018-06-14	245.069656
2018-06-15	244.757050
2018-06-18	244.253632
2018-06-19	243.317444
2018-06-20	243.732529
2018-06-21	242.204666
2018-06-22	242.646301
2018-06-25	239.343201
2018-06-26	239.873001
2018-06-27	237.885895
2018-06-28	239.245987
2018-06-29	239.590439
2018-07-02	240.102661
2018-07-03	239.254745
2018-07-05	241.206619
2018-07-06	243.246811
2018-07-09	245.437042
2018-07-10	246.320312
2018-07-11	244.518570
2018-07-12	246.735382
2018-07-13	246.929688
2018-07-16	246.708893
2018-07-17	247.706894
2018-07-18	248.227966
2018-07-19	247.291794
2018-07-20	247.009171
2018-07-23	247.468475
2018-07-24	248.713715
2018-07-25	250.833405
2018-07-26	250.241669
2018-07-27	248.545944
2018-07-30	247.247681
2018-07-31	248.466415
2018-08-01	248.051346
2018-08-02	249.402649
2018-08-03	250.471344
2018-08-06	251.389771
2018-08-07	252.219971
2018-08-08	252.114059
2018-08-09	251.769516
2018-08-10	250.082672
2018-08-13	249.146500
2018-08-14	250.736160
2018-08-15	248.863861
2018-08-16	250.877518
2018-08-17	251.760712
2018-08-20	252.299347
2018-08-21	252.891220
2018-08-22	252.741058
2018-08-23	252.405502
2018-08-24	253.924561
2018-08-27	255.929321
2018-08-28	256.052948
2018-08-29	257.430695
2018-08-30	256.388611
2018-08-31	256.397400
2018-09-04	255.955811
2018-09-05	255.266907
2018-09-06	254.498611
2018-09-07	254.004059
2018-09-10	254.445663
2018-09-11	255.284668
2018-09-12	255.346451
2018-09-13	256.856689
2018-09-14	256.900879
2018-09-17	255.540710
2018-09-18	256.927338
2018-09-19	257.201141
2018-09-20	259.285492
2018-09-21	259.048553
2018-09-24	258.188019
2018-09-25	257.948547
2018-09-26	257.176575
2018-09-27	257.895203
2018-09-28	257.921875
2018-10-01	258.817963
2018-10-02	258.667114
2018-10-03	258.809113
2018-10-04	256.786224
2018-10-05	255.349075
2018-10-08	255.349075
2018-10-09	254.976395
2018-10-10	246.903076
2018-10-11	241.464569
2018-10-12	244.818130
2018-10-15	243.442978
2018-10-16	248.766113
2018-10-17	248.810501
2018-10-18	245.217300
2018-10-19	245.084335
2018-10-22	243.984131
2018-10-23	242.742142
2018-10-24	235.387344
2018-10-25	239.610382
2018-10-26	235.396271
2018-10-29	234.092102
2018-10-30	237.560974
2018-10-31	240.098282
2018-11-01	242.653442
2018-11-02	241.216232
2018-11-05	242.547012
2018-11-06	244.081772
2018-11-07	249.307236
2018-11-08	248.854843
2018-11-09	246.423935
2018-11-12	241.819473
2018-11-13	241.367096
2018-11-14	239.716827
2018-11-15	242.218674
2018-11-16	242.848602
2018-11-19	238.740921
2018-11-20	234.322754
2018-11-21	235.121185
2018-11-23	233.550949
2018-11-26	237.321426
2018-11-27	238.119904
2018-11-28	243.602737
2018-11-29	243.070419
2018-11-30	244.552002
2018-12-03	247.790131
2018-12-04	239.761200
2018-12-06	239.397446
2018-12-07	233.834763
2018-12-10	234.278412
2018-12-11	234.331619
2018-12-12	235.511612
2018-12-13	235.431686
2018-12-14	231.084579
2018-12-17	226.551102
2018-12-18	226.302673
2018-12-19	222.913666
2018-12-20	219.285004
2018-12-21	214.791962
2018-12-24	209.116501
2018-12-26	219.682098
2018-12-27	221.368683
2018-12-28	221.083130
2018-12-31	223.019531
2019-01-02	223.251602
2019-01-03	217.924194
2019-01-04	225.223694
2019-01-07	226.999542
2019-01-08	229.132202
2019-01-09	230.203079
2019-01-10	231.015121
2019-01-11	231.104401
2019-01-14	229.694458
2019-01-15	232.326920
2019-01-16	232.889145
2019-01-17	234.656006
2019-01-18	237.779251
2019-01-22	234.566727
2019-01-23	235.057541
2019-01-24	235.182480
2019-01-25	237.172501
2019-01-28	235.369934
2019-01-29	235.057541
2019-01-30	238.778732
2019-01-31	240.875839
2019-02-01	240.991806
2019-02-04	242.687302
2019-02-05	243.704483
2019-02-06	243.383301
2019-02-07	241.063187
2019-02-08	241.357651
2019-02-11	241.491455
2019-02-12	244.596909
2019-02-13	245.391159
2019-02-14	244.846756
2019-02-15	247.514923
2019-02-19	247.943314
2019-02-20	248.443039
2019-02-21	247.559601
2019-02-22	249.094437
2019-02-25	249.433548
2019-02-26	249.255035
2019-02-27	249.147949
2019-02-28	248.683914
2019-03-01	250.236649
2019-03-04	249.326447
2019-03-05	248.987274
2019-03-06	247.479248
2019-03-07	245.408951
2019-03-08	244.918121
2019-03-11	248.469757
2019-03-12	249.406799
2019-03-13	251.057648
2019-03-14	250.897034
2019-03-15	252.136612
2019-03-18	253.050766
2019-03-19	253.113632
2019-03-20	252.351624
2019-03-21	255.201965
2019-03-22	250.290161
2019-03-25	250.102020
2019-03-26	251.966278
2019-03-27	250.648819
2019-03-28	251.598877
2019-03-29	253.185196
2019-04-01	256.187805
2019-04-02	256.313324
2019-04-03	256.716736
2019-04-04	257.397827
2019-04-05	258.643707
2019-04-08	258.840881
2019-04-09	257.514465
2019-04-10	258.392822
2019-04-11	258.320984
2019-04-12	260.068817
2019-04-15	259.898468
2019-04-16	260.068817
2019-04-17	259.432465
2019-04-18	259.943237
2019-04-22	260.167358
2019-04-23	262.506744
2019-04-24	261.924072
2019-04-25	261.762817
2019-04-26	262.981750
2019-04-29	263.393982
2019-04-30	263.528503
2019-05-01	261.547729
2019-05-02	260.982971
2019-05-03	263.537445
2019-05-06	262.452942
2019-05-07	258.070068
2019-05-08	257.711548
2019-05-09	256.931824
2019-05-10	258.222473
2019-05-13	251.733231
2019-05-14	254.009827
2019-05-15	255.497726
2019-05-16	257.863922
2019-05-17	256.196747
2019-05-20	254.502823
2019-05-21	256.797302
2019-05-22	256.008575
2019-05-23	252.880554
2019-05-24	253.454132
2019-05-28	251.096863
2019-05-29	249.411819
2019-05-30	250.092987
2019-05-31	246.722992
2019-06-03	246.095566
2019-06-04	251.437439
2019-06-05	253.615479
2019-06-06	255.264679
2019-06-07	257.819092
2019-06-10	259.002228
2019-06-11	258.939484
2019-06-12	258.482361
2019-06-13	259.548889
2019-06-14	259.262085
2019-06-17	259.360779
2019-06-18	262.076508
2019-06-19	262.668091
2019-06-20	265.177643
2019-06-21	264.792206
2019-06-24	264.467926
2019-06-25	261.874115
2019-06-26	261.612854
2019-06-27	262.540558
2019-06-28	263.891632
2019-07-01	266.287231
2019-07-02	266.980835
2019-07-03	269.115326
2019-07-05	268.809082
2019-07-08	267.332031
2019-07-09	267.665344
2019-07-10	268.944183
2019-07-11	269.574677
2019-07-12	270.781586
2019-07-15	270.871613
2019-07-16	269.997925
2019-07-17	268.160583
2019-07-18	269.142365
2019-07-19	267.647278
2019-07-22	268.304779
2019-07-23	270.223145
2019-07-24	271.493103
2019-07-25	270.196075
2019-07-26	272.006378
2019-07-29	271.511139
2019-07-30	270.844543
2019-07-31	267.881439
2019-08-01	265.548737
2019-08-02	263.549316
2019-08-05	255.623611
2019-08-06	259.208099
2019-08-07	259.361237
2019-08-08	264.449890
2019-08-09	262.648621
2019-08-12	259.451233
2019-08-13	263.486206
2019-08-14	255.695572
2019-08-15	256.371033
2019-08-16	260.153900
2019-08-19	263.288055
2019-08-20	261.270630
2019-08-21	263.396210
2019-08-22	263.315033
2019-08-23	256.551239
2019-08-26	259.388214
2019-08-27	258.370514
2019-08-28	260.189819
2019-08-29	263.513306
2019-08-30	263.396210
2019-09-03	261.855988
2019-09-04	264.828217
2019-09-05	268.232758
2019-09-06	268.439758
2019-09-09	268.574921
2019-09-10	268.511902
2019-09-11	270.421326
2019-09-12	271.358002
2019-09-13	271.177795
2019-09-16	270.340179
2019-09-17	271.024597
2019-09-18	271.186829
2019-09-19	271.168884
2019-09-20	269.887634
2019-09-23	269.824249
2019-09-24	267.707092
2019-09-25	269.290436
2019-09-26	268.729401
2019-09-27	267.281738
2019-09-30	268.521301
2019-10-01	265.327271
2019-10-02	260.640320
2019-10-03	262.775848
2019-10-04	266.331665
2019-10-07	265.182587
2019-10-08	261.065674
2019-10-09	263.544891
2019-10-10	265.327271
2019-10-11	268.077972
2019-10-14	267.779388
2019-10-15	270.430481
2019-10-16	269.996185
2019-10-17	270.792480
2019-10-18	269.607117
2019-10-21	271.434784
2019-10-22	270.548096
2019-10-23	271.335297
2019-10-24	271.778625
2019-10-25	272.891571
2019-10-28	274.429688
2019-10-29	274.348297
2019-10-30	275.189819
2019-10-31	274.456879
2019-11-01	276.999451
2019-11-04	278.112305
2019-11-05	277.804688
2019-11-06	277.868073
2019-11-07	278.845245
2019-11-08	279.532898
2019-11-11	278.999115
2019-11-12	279.587158
2019-11-13	279.677704
2019-11-14	280.084778
2019-11-15	282.111664
2019-11-18	282.319672
2019-11-19	282.238281
2019-11-20	281.188690
2019-11-21	280.736359
2019-11-22	281.360626
2019-11-25	283.541321
2019-11-26	284.183594
2019-11-27	285.450470
2019-11-29	284.391754
2019-12-02	281.975922
2019-12-03	280.084778
2019-12-04	281.813141
2019-12-05	282.319672
2019-12-06	284.898438
2019-12-09	284.002716
2019-12-10	283.686005
2019-12-11	284.491333
2019-12-12	286.943329
2019-12-13	287.115234
2019-12-16	289.087708
2019-12-17	289.151062
2019-12-18	289.169189
2019-12-19	290.354523
2019-12-20	291.627441
2019-12-23	292.073029
2019-12-24	292.082001
2019-12-26	293.636902
2019-12-27	293.564087
2019-12-30	291.945709
2019-12-31	292.654938
2020-01-02	295.391724
2020-01-03	293.154938
2020-01-06	294.273468
2020-01-07	293.445984
2020-01-08	295.009888
2020-01-09	297.010223
2020-01-10	296.155579
2020-01-13	298.192261
2020-01-14	297.737671
2020-01-15	298.410553
2020-01-16	300.892761
2020-01-17	301.829346
2020-01-21	301.238312
2020-01-22	301.274689
2020-01-23	301.620239
2020-01-24	298.937927
2020-01-27	294.146118
2020-01-28	297.228455
2020-01-29	296.983032
2020-01-30	297.946716
2020-01-31	292.536652
2020-02-03	294.709717
2020-02-04	299.201599
2020-02-05	302.656738
2020-02-06	303.675140
2020-02-07	302.056671
2020-02-10	304.311493
2020-02-11	304.838989
2020-02-12	306.803009
2020-02-13	306.475677
2020-02-14	306.966705
2020-02-18	306.175598
2020-02-19	307.639557
2020-02-20	306.375702
2020-02-21	303.220551
2020-02-24	293.164062
2020-02-25	284.280548
2020-02-26	283.234894
2020-02-27	270.514374
2020-02-28	269.377808
2020-03-02	281.043671
2020-03-03	272.996613
2020-03-04	284.471527
2020-03-05	275.015198
2020-03-06	270.468933
2020-03-09	249.346817
2020-03-10	262.249207
2020-03-11	249.464981
2020-03-12	225.596863
2020-03-13	244.882278
2020-03-16	218.086380
2020-03-17	229.861267
2020-03-18	218.222748
2020-03-19	218.686432
2020-03-20	209.262344
2020-03-23	203.911926
2020-03-24	222.386963
2020-03-25	225.716187
2020-03-26	238.895630
2020-03-27	231.780014
2020-03-30	239.307220
2020-03-31	235.740219
2020-04-01	225.130783
2020-04-02	230.325790
2020-04-03	226.996613
2020-04-06	242.243057
2020-04-07	242.490082
2020-04-08	250.630020
2020-04-09	254.443970
2020-04-13	252.120850
2020-04-14	259.556641
2020-04-15	254.041580
2020-04-16	255.267120
2020-04-17	262.163239
2020-04-20	257.544556
2020-04-21	249.724701
2020-04-22	255.267120
2020-04-23	255.248840
2020-04-24	258.806671
2020-04-27	262.538300
2020-04-28	261.331024
2020-04-29	268.172241
2020-04-30	265.675446
2020-05-01	258.641937
2020-05-04	259.355499
2020-05-05	261.751648
2020-05-06	259.977448
2020-05-07	263.114410
2020-05-08	267.468048
2020-05-11	267.522980
2020-05-12	262.190735
2020-05-13	257.553619
2020-05-14	260.635834
2020-05-15	261.834076
2020-05-18	269.809387
2020-05-19	267.038116
2020-05-20	271.574615
2020-05-21	269.699677
2020-05-22	270.211823
2020-05-26	273.541016
2020-05-27	277.611053
2020-05-28	277.098846
2020-05-29	278.333588
2020-06-01	279.458557
2020-06-02	281.772491
2020-06-03	285.522400
2020-06-04	284.772339
2020-06-05	292.070923
2020-06-08	295.601440
2020-06-09	293.397156
2020-06-10	291.760010
2020-06-11	274.940430
2020-06-12	278.232849
2020-06-15	280.830414
2020-06-16	286.235718
2020-06-17	285.046814
2020-06-18	285.156525
2020-06-19	283.526886
2020-06-22	285.345764
2020-06-23	286.659332
2020-06-24	279.347168
2020-06-25	282.341858
2020-06-26	275.635834
2020-06-29	279.686859
2020-06-30	283.269653
2020-07-01	285.253967
2020-07-02	286.824738
2020-07-06	291.252594
2020-07-07	288.248627
2020-07-08	290.453369
2020-07-09	288.799896
2020-07-10	291.748627
2020-07-13	289.222382
2020-07-14	292.970428
2020-07-15	295.662079
2020-07-16	294.688324
2020-07-17	295.542480
2020-07-20	297.931030
2020-07-21	298.564850
2020-07-22	300.264435
2020-07-23	296.681702
2020-07-24	294.770935
2020-07-27	296.920502
2020-07-28	295.037384
2020-07-29	298.665924
2020-07-30	297.600372
2020-07-31	299.951935
2020-08-03	302.037384
2020-08-04	303.203949
2020-08-05	305.087189
2020-08-06	307.126526
2020-08-07	307.347046
2020-08-10	308.265686
2020-08-11	305.721069
2020-08-12	309.983582
2020-08-13	309.423126
2020-08-14	309.432343
2020-08-17	310.415283
2020-08-18	311.085846
2020-08-19	309.790619
2020-08-20	310.755127
2020-08-21	311.857635
2020-08-24	315.017670
2020-08-25	316.119995
2020-08-26	319.289307
2020-08-27	319.987396
2020-08-28	322.054321
2020-08-31	320.887756
2020-09-01	323.910034
2020-09-02	328.595062
2020-09-03	317.286682
2020-09-04	314.696136
2020-09-08	306.097687
2020-09-09	312.142303
2020-09-10	306.722382
2020-09-11	306.878448
2020-09-14	310.920593
2020-09-15	312.491394
2020-09-16	311.251160
2020-09-17	308.513702
2020-09-18	304.961884
2020-09-21	301.567780
2020-09-22	304.639130
2020-09-23	297.574219
2020-09-24	298.367401
2020-09-25	303.191010
2020-09-28	308.226837
2020-09-29	306.548309
2020-09-30	308.872498
2020-10-01	310.855530
2020-10-02	307.904083
2020-10-05	313.364136
2020-10-06	308.909332
2020-10-07	314.286469
2020-10-08	317.071808
2020-10-09	319.903290
2020-10-12	325.049774
2020-10-13	322.928467
2020-10-14	320.899445
2020-10-15	320.502869
2020-10-16	320.309204
2020-10-19	315.439362
2020-10-20	316.702942
2020-10-21	316.103485
2020-10-22	317.837341
2020-10-23	318.916351
2020-10-26	313.022949
2020-10-27	311.943756
2020-10-28	301.281860
2020-10-29	304.343933
2020-10-30	301.171173
2020-11-02	304.546844
2020-11-03	309.923920
2020-11-04	316.850555
2020-11-05	323.029938
2020-11-06	322.956177
2020-11-09	327.014313
2020-11-10	326.534698
2020-11-11	328.960327
2020-11-12	325.769135
2020-11-13	330.279236
2020-11-16	334.402100
2020-11-17	332.603394
2020-11-18	328.600769
2020-11-19	329.984131
2020-11-20	327.724457
2020-11-23	329.689026
2020-11-24	335.001556
2020-11-25	334.485016
2020-11-27	335.416595
2020-11-30	333.931671
2020-12-01	337.584076
2020-12-02	338.294220
2020-12-03	338.201904
2020-12-04	341.116455
2020-12-07	340.415436
2020-12-08	341.411621
2020-12-09	338.349579
2020-12-10	338.238831
2020-12-11	337.842255
2020-12-14	336.329742
2020-12-15	340.876617
2020-12-16	341.411621
2020-12-17	343.320740
2020-12-18	341.949921
2020-12-21	340.727325
2020-12-22	340.152954
2020-12-23	340.458618
2020-12-24	341.783234
2020-12-28	344.719421
2020-12-29	344.061676
2020-12-30	344.552643
2020-12-31	346.303253
2021-01-04	341.588715
2021-01-05	343.941376
2021-01-06	345.997589
2021-01-07	351.138245
2021-01-08	353.138947
2021-01-11	350.758514
2021-01-12	350.832520
2021-01-13	351.777405
2021-01-14	350.545441
2021-01-15	347.989044
2021-01-19	350.721466
2021-01-20	355.574951
2021-01-21	355.899139
2021-01-22	354.639404
2021-01-25	356.038025
2021-01-26	355.482300
2021-01-27	346.794189
2021-01-28	349.776733
2021-01-29	342.774323
2021-02-01	348.479919
2021-02-02	353.407471
2021-02-03	353.685486
2021-02-04	357.705322
2021-02-05	359.113190
2021-02-08	361.706604
2021-02-09	361.465912
2021-02-10	361.308411
2021-02-11	361.891968
2021-02-12	363.679596
2021-02-16	363.364685
2021-02-17	363.448059
2021-02-18	361.901215
2021-02-19	361.262054
2021-02-22	358.483337
2021-02-23	358.918701
2021-02-24	362.873749
2021-02-25	354.129974
2021-02-26	352.305328
2021-03-01	360.845276
2021-03-02	358.029510
2021-03-03	353.287140
2021-03-04	348.915253
2021-03-05	355.334137
2021-03-08	353.565094
2021-03-09	358.613007
2021-03-10	360.845276
2021-03-11	364.503906
2021-03-12	364.994843
2021-03-15	367.171448
2021-03-16	366.708374
2021-03-17	367.958740
2021-03-18	362.605164
2021-03-19	361.934235
2021-03-22	364.824219
2021-03-23	361.952820
2021-03-24	360.112793
2021-03-25	362.138641
2021-03-26	367.974487
2021-03-29	367.788574
2021-03-30	366.812927
2021-03-31	368.299744
2021-04-01	372.276978
2021-04-05	377.620331
2021-04-06	377.397400
2021-04-07	377.834106
2021-04-08	379.627533
2021-04-09	382.387512
2021-04-12	382.526917
2021-04-13	383.660614
2021-04-14	382.350342
2021-04-15	386.457642
2021-04-16	387.749481
2021-04-19	385.844299
2021-04-20	383.019470
2021-04-21	386.643646
2021-04-22	383.112396
2021-04-23	387.266235
2021-04-26	388.074677
2021-04-27	387.991028
2021-04-28	387.879578
2021-04-29	390.351471
2021-04-30	387.786560
2021-05-03	388.623016
2021-05-04	386.225403
2021-05-05	386.346222
2021-05-06	389.431427
2021-05-07	392.265717
2021-05-10	388.381378
2021-05-11	384.915131
2021-05-12	376.737549
2021-05-13	381.263153
2021-05-14	387.117554
2021-05-17	386.132599
2021-05-18	382.805664
2021-05-19	381.802124
2021-05-20	385.909485
2021-05-21	385.593597
2021-05-24	389.524384
2021-05-25	388.660095
2021-05-26	389.431427
2021-05-27	389.635925
2021-05-28	390.332916
2021-06-01	389.988983
2021-06-02	390.602325
2021-06-03	389.152588
2021-06-04	392.711792
2021-06-07	392.330811
2021-06-08	392.414429
2021-06-09	391.828979
2021-06-10	393.650391
2021-06-11	394.300842
2021-06-14	395.183746
2021-06-15	394.458862
2021-06-16	392.256409
2021-06-17	392.126343
2021-06-18	386.836365
2021-06-21	392.374359
2021-06-22	394.472046
2021-06-23	393.996582
2021-06-24	396.327301
2021-06-25	397.735138
2021-06-28	398.536865
2021-06-29	398.751434
2021-06-30	399.086945
2021-07-01	401.296631
2021-07-02	404.363922
2021-07-06	403.627319
2021-07-07	405.053864
2021-07-08	401.753387
2021-07-09	406.042053
2021-07-12	407.496490
2021-07-13	406.107361
2021-07-14	406.713379
2021-07-15	405.324249
2021-07-16	402.145020
2021-07-19	396.206116
2021-07-20	401.883942
2021-07-21	405.137787
2021-07-22	405.986176
2021-07-23	410.162903
2021-07-26	411.169861
2021-07-27	409.295898
2021-07-28	409.128052
2021-07-29	410.824951
2021-07-30	408.829742
2021-08-02	407.971954
2021-08-03	411.291077
2021-08-04	409.267914
2021-08-05	411.859741
2021-08-06	412.540344
2021-08-09	412.204712
2021-08-10	412.717468
2021-08-11	413.742981
2021-08-12	414.982971
2021-08-13	415.738159
2021-08-16	416.717102
2021-08-17	413.985413
2021-08-18	409.454437
2021-08-19	410.088318
2021-08-20	413.351379
2021-08-23	416.987549
2021-08-24	417.649445
2021-08-25	418.525726
2021-08-26	416.055145
2021-08-27	419.775177
2021-08-30	421.621063
2021-08-31	420.996399
2021-09-01	421.220245
2021-09-02	422.516174
2021-09-03	422.413544
2021-09-07	420.903229
2021-09-08	420.390381
2021-09-09	418.591034
2021-09-10	415.290680
2021-09-13	416.353455
2021-09-14	414.106659
2021-09-15	417.565521
2021-09-16	416.903564
2021-09-17	412.842438
2021-09-20	405.958618
2021-09-21	405.575165
2021-09-22	409.531464
2021-09-23	414.507294
2021-09-24	415.190125
2021-09-27	414.002319
2021-09-28	405.659393
2021-09-29	406.342163
2021-09-30	401.375671
2021-10-01	406.145782
2021-10-04	400.908081
2021-10-05	405.079498
2021-10-06	406.763000
2021-10-07	410.279755
2021-10-08	409.531464
2021-10-11	406.566620
2021-10-12	405.565796
2021-10-13	407.024933
2021-10-14	413.871277
2021-10-15	417.023315
2021-10-18	418.257843
2021-10-19	421.484741
2021-10-20	423.140167
2021-10-21	424.243744
2021-10-22	423.804260
2021-10-25	426.077026
2021-10-26	426.460510
2021-10-27	424.571228
2021-10-28	428.667816
2021-10-29	429.537628
2021-11-01	430.276550
2021-11-02	432.016174
2021-11-03	434.653778
2021-11-04	436.702087
2021-11-05	438.217316
2021-11-08	438.591370
2021-11-09	437.141632
2021-11-10	433.624969
2021-11-11	433.765137
2021-11-12	437.038727
2021-11-15	437.188385
2021-11-16	438.918671
2021-11-17	437.852417
2021-11-18	439.339600
2021-11-19	438.553986
2021-11-22	437.319397
2021-11-23	437.899231
2021-11-24	439.068390
2021-11-26	429.275787
2021-11-29	434.541534
2021-11-30	426.086426
2021-12-01	421.353729
2021-12-02	427.807251
2021-12-03	424.084869
2021-12-06	429.107391
2021-12-07	437.983429
2021-12-08	439.143219
2021-12-09	436.178253
2021-12-10	440.284241
2021-12-13	436.384094
2021-12-14	433.381683
2021-12-15	440.153320
2021-12-16	436.271790
2021-12-17	431.628632
2021-12-20	427.039001
2021-12-21	434.622742
2021-12-22	438.968414
2021-12-23	441.699707
2021-12-27	447.950684
2021-12-28	447.584625
2021-12-29	448.157257
2021-12-30	446.918243
2021-12-31	445.791870
2022-01-03	448.373047
2022-01-04	448.222900
2022-01-05	439.616028
2022-01-06	439.203064
2022-01-07	437.466644
2022-01-10	436.922272
2022-01-11	440.901978
2022-01-12	442.093933
2022-01-13	436.002441
2022-01-14	436.180817
2022-01-18	428.456177
2022-01-19	424.007324
2022-01-20	419.314362
2022-01-21	411.082947
2022-01-24	412.828766
2022-01-25	407.788513
2022-01-26	406.765442
2022-01-27	404.756927
2022-01-28	414.809113
2022-01-31	422.280304
2022-02-01	425.133606
2022-02-02	429.263428
2022-02-03	419.173615
2022-02-04	421.144623
2022-02-07	419.793091
2022-02-08	423.247040
2022-02-09	429.441742
2022-02-10	421.726501
2022-02-11	413.410645
2022-02-14	412.059143
2022-02-15	418.704285
2022-02-16	419.173615
2022-02-17	410.219482
2022-02-18	407.563293
2022-02-22	403.189423
2022-02-23	396.037445
2022-02-24	401.997375
2022-02-25	410.866974
2022-02-28	409.815796
2022-03-01	403.574280
2022-03-02	410.998413
2022-03-03	408.952271
2022-03-04	405.629730
2022-03-07	393.672150
2022-03-08	390.687378
2022-03-09	401.162018
2022-03-10	399.350525
2022-03-11	394.272827
2022-03-14	391.391327
2022-03-15	399.998230
2022-03-16	408.867859
2022-03-17	413.983185
2022-03-18	418.517517
2022-03-21	418.395111
2022-03-22	423.290863
2022-03-23	417.839630
2022-03-24	424.138214
2022-03-25	426.209503
2022-03-28	429.241211
2022-03-29	434.551270
2022-03-30	431.867950
2022-03-31	425.221008
2022-04-01	426.426147
2022-04-04	430.079132
2022-04-05	424.646698
2022-04-06	420.400513
2022-04-07	422.518768
2022-04-08	421.389099
2022-04-11	414.186584
2022-04-12	412.651917
2022-04-13	417.378235
2022-04-14	412.181122
2022-04-18	412.350616
2022-04-19	419.007019
2022-04-20	418.696320
2022-04-21	412.435364
2022-04-22	401.118500
2022-04-25	403.444061
2022-04-26	391.759888
2022-04-27	392.861481
2022-04-28	402.784912
2022-04-29	387.899719
2022-05-02	390.234680
2022-05-03	392.023499
2022-05-04	403.961792
2022-05-05	389.603912
2022-05-06	387.278381
2022-05-09	374.878693
2022-05-10	375.744812
2022-05-11	369.775818
2022-05-12	369.389801
2022-05-13	378.221069
2022-05-16	376.686371
2022-05-17	384.434967
2022-05-18	368.937775
2022-05-19	366.678162
2022-05-20	366.838318
2022-05-23	373.701874
2022-05-24	370.849121
2022-05-25	374.125580
2022-05-26	381.601074
2022-05-27	390.969025
2022-05-31	388.775330
2022-06-01	385.630676
2022-06-02	392.974487
2022-06-03	386.525146
2022-06-06	387.702087
2022-06-07	391.420959
2022-06-08	387.165375
2022-06-09	377.957489
2022-06-10	366.998291
2022-06-13	353.064087
2022-06-14	352.000214
2022-06-15	357.018372
2022-06-16	345.202545
2022-06-17	345.946655
2022-06-21	354.655396
2022-06-22	354.012421
2022-06-23	357.482605
2022-06-24	368.848389
2022-06-27	367.439453
2022-06-28	359.931702
2022-06-29	359.638611
2022-06-30	356.716766
2022-07-01	360.489563
2022-07-05	361.170471
2022-07-06	362.390167
2022-07-07	367.817749
2022-07-08	367.515198
2022-07-11	363.316833
2022-07-12	360.101868
2022-07-13	358.210785
2022-07-14	357.340790
2022-07-15	364.167847
2022-07-18	361.161011
2022-07-19	370.919220
2022-07-20	373.283203
2022-07-21	377.084351
2022-07-22	373.585724
2022-07-25	374.039581
2022-07-26	369.614319
2022-07-27	379.211914
2022-07-28	383.968140
2022-07-29	389.565918
2022-08-01	388.412384
2022-08-02	385.849884
2022-08-03	391.891998
2022-08-04	391.627258
2022-08-05	390.965363
2022-08-08	390.511353
2022-08-09	388.960785
2022-08-10	397.130493
2022-08-11	397.130493
2022-08-12	403.853485
2022-08-15	405.517731
2022-08-16	406.311981
2022-08-17	403.427917
2022-08-18	404.600464
2022-08-19	399.163422
2022-08-22	390.851929
2022-08-23	389.906311
2022-08-24	391.154510
2022-08-25	396.676544
2022-08-26	383.249542
2022-08-29	380.715363
2022-08-30	376.535980
2022-08-31	373.670807
2022-09-01	374.843384
2022-09-02	370.890839
2022-09-06	369.491394
2022-09-07	376.129333
2022-09-08	378.587830
2022-09-09	384.469299
2022-09-12	388.601410
2022-09-13	371.704102
2022-09-14	373.122406
2022-09-15	368.886292
2022-09-16	366.072083
2022-09-19	368.910889
2022-09-20	364.676361
2022-09-21	358.315002
2022-09-22	355.305298
2022-09-23	349.352173
2022-09-26	345.896088
2022-09-27	345.013153
2022-09-28	351.801727
2022-09-29	344.452972
2022-09-30	339.126495
2022-10-03	348.079926
2022-10-04	358.865631
2022-10-05	358.030182
2022-10-06	354.336823
2022-10-07	344.452972
2022-10-10	341.822968
2022-10-11	339.658203
2022-10-12	338.537842
2022-10-13	347.472168
2022-10-14	339.553772
2022-10-17	348.279205
2022-10-18	352.371460
2022-10-19	349.874390
2022-10-20	346.940521
2022-10-21	355.371796
2022-10-24	359.720215
2022-10-25	365.464447
2022-10-26	362.711029
2022-10-27	360.774109
2022-10-28	369.357178
2022-10-31	366.689178
2022-11-01	365.084595
2022-11-02	355.922363
2022-11-03	352.257507
2022-11-04	357.327576
2022-11-07	360.745636
2022-11-08	362.692047
2022-11-09	355.219788
2022-11-10	374.740631
2022-11-11	378.367554
2022-11-14	375.148865
2022-11-15	378.348480
2022-11-16	375.462189
2022-11-17	374.313263
2022-11-18	376.012909
2022-11-21	374.645660
2022-11-22	379.687225
2022-11-23	382.079834
2022-11-25	381.994415
2022-11-28	375.898956
2022-11-29	375.253357
2022-11-30	387.073975
2022-12-01	386.789185
2022-12-02	386.342926
2022-12-05	379.392914
2022-12-06	373.923950
2022-12-07	373.287933
2022-12-08	376.212250
2022-12-09	373.401855
2022-12-12	378.785248
2022-12-13	381.652588
2022-12-14	379.212494
2022-12-15	369.936371
2022-12-16	365.568817
2022-12-19	362.468964
2022-12-20	362.964966
2022-12-21	368.392090
2022-12-22	363.136597
2022-12-23	365.225433
2022-12-27	363.785187
2022-12-28	359.264099
2022-12-29	365.730988
2022-12-30	364.767639
2023-01-03	363.231995
2023-01-04	366.036163
2023-01-05	361.858490
2023-01-06	370.156708
2023-01-09	369.946838
2023-01-10	372.541260
2023-01-11	377.253021
2023-01-12	378.626556
2023-01-13	380.095398
2023-01-17	379.399139
2023-01-18	373.409210
2023-01-19	370.690765
2023-01-20	377.596436
2023-01-23	382.127075
2023-01-24	381.716919
2023-01-25	381.859985
2023-01-26	386.056732
2023-01-27	386.943848
2023-01-30	382.088867
2023-01-31	387.706909
2023-02-01	391.827362
2023-02-02	397.531281
2023-02-03	393.305756
2023-02-06	390.902100
2023-02-07	396.014648
2023-02-08	391.684265
2023-02-09	388.288696
2023-02-10	389.194885
2023-02-13	393.763641
2023-02-14	393.582397
2023-02-15	394.860535
2023-02-16	389.423706
2023-02-17	388.450928
2023-02-21	380.658142
2023-02-22	380.133575
2023-02-23	382.155701
2023-02-24	378.073364
2023-02-27	379.360992
2023-02-28	377.958923
2023-03-01	376.509094
2023-03-02	379.437317
2023-03-03	385.522614
2023-03-06	385.789703
2023-03-07	379.876038
2023-03-08	380.496002
2023-03-09	373.476044
2023-03-10	368.086853
2023-03-13	367.562317
2023-03-14	373.638153
2023-03-15	371.301300
2023-03-16	377.815826
2023-03-17	373.398102
2023-03-20	376.988586
2023-03-21	381.938599
2023-03-22	375.427887
2023-03-23	376.442841
2023-03-24	378.913025
2023-03-27	379.621582
2023-03-28	378.769440
2023-03-29	384.274841
2023-03-30	386.524902
2023-03-31	391.972778
2023-04-03	393.466370
2023-04-04	391.283417
2023-04-05	390.258942
2023-04-06	391.781372
2023-04-10	392.183350
2023-04-11	392.288666
2023-04-12	390.689758
2023-04-13	395.879181
2023-04-14	394.912170
2023-04-17	396.329193
2023-04-18	396.587738
2023-04-19	396.520660
2023-04-20	394.356873
2023-04-21	394.663177
2023-04-24	395.074890
2023-04-25	388.803558
2023-04-26	387.156799
2023-04-27	394.864319
2023-04-28	398.234497
2023-05-01	397.832458
2023-05-02	393.361084
2023-05-03	390.660980
2023-05-04	387.894043
2023-05-05	395.074890
2023-05-08	395.180206
2023-05-09	393.447266
2023-05-10	395.285614
2023-05-11	394.596222
2023-05-12	394.079193
2023-05-15	395.438751
2023-05-16	392.796173
2023-05-17	397.564362
2023-05-18	401.394073
2023-05-19	400.810089
2023-05-22	400.972839
2023-05-23	396.472778
2023-05-24	393.600433
2023-05-25	397.008972
2023-05-26	402.150513
2023-05-30	402.303680
2023-05-31	400.072876
2023-06-01	403.873901
2023-06-02	409.714417
2023-06-05	408.929321
2023-06-06	409.819733
2023-06-07	408.402740
2023-06-08	410.872955
2023-06-09	411.610168
2023-06-12	415.344208
2023-06-13	418.082581
2023-06-14	418.580505
2023-06-15	423.769867
2023-06-16	422.326416
2023-06-20	420.135345
2023-06-21	417.982635
2023-06-22	419.491425
2023-06-23	416.320068
2023-06-26	414.619080
2023-06-27	419.164703
2023-06-28	419.376068
2023-06-29	421.029083
2023-06-30	425.997528
2023-07-03	426.487640
2023-07-05	425.853363
2023-07-06	422.518616
2023-07-07	421.451904
2023-07-10	422.518616
2023-07-11	425.209473
2023-07-12	428.630676
2023-07-13	432.032623
2023-07-14	431.763580
2023-07-17	433.262726
2023-07-18	436.482178
2023-07-19	437.452820
2023-07-20	434.550476
2023-07-21	434.550476
2023-07-24	436.491760
2023-07-25	437.683411
2023-07-26	437.750641
2023-07-27	434.848358
2023-07-28	439.105743
2023-07-31	439.941772
2023-08-01	438.682831
2023-08-02	432.580414
2023-08-03	431.340668
2023-08-04	429.389862
2023-08-07	433.137878
2023-08-08	431.254181
2023-08-09	428.371155
2023-08-10	428.524933
2023-08-11	428.275116
2023-08-14	430.639191
2023-08-15	425.622742
2023-08-16	422.499420
2023-08-17	419.279999
2023-08-18	419.481812
2023-08-21	422.211090
2023-08-22	421.067505
2023-08-23	425.757263
2023-08-24	419.856659
2023-08-25	422.816559
2023-08-28	425.497772
2023-08-29	431.648285
2023-08-30	433.426117
2023-08-31	432.791809
2023-09-01	433.599091
2023-09-05	431.725128
2023-09-06	428.822876
2023-09-07	427.506287
2023-09-08	428.150177
2023-09-11	430.965912
2023-09-12	428.601776
2023-09-13	429.101562
2023-09-14	432.801422
2023-09-15	427.586975
2023-09-18	427.837646
2023-09-19	426.950439
2023-09-20	423.025360
2023-09-21	416.033417
2023-09-22	415.097900
2023-09-25	416.843536
2023-09-26	410.719574
2023-09-27	410.883514
2023-09-28	413.265533
2023-09-29	412.262543
2023-10-02	412.098633
2023-10-03	406.582214
2023-10-04	409.542999
2023-10-05	409.388641
2023-10-06	414.249207
2023-10-09	416.901398
2023-10-10	419.071320
2023-10-11	420.787903
2023-10-12	418.222626
2023-10-13	416.139465
2023-10-16	420.517944
2023-10-17	420.498566
2023-10-18	414.895386
2023-10-19	411.249969
2023-10-20	406.196564
2023-10-23	405.492462
2023-10-24	408.549652
2023-10-25	402.686096
2023-10-26	397.864044
2023-10-27	396.060577
2023-10-30	400.795837
2023-10-31	403.312988
2023-11-01	407.614166
2023-11-02	415.425842
2023-11-03	419.215912
2023-11-06	420.180359
2023-11-07	421.376221
2023-11-08	421.684753
2023-11-09	418.396179
2023-11-10	424.925201
2023-11-13	424.520142
2023-11-14	432.756134
2023-11-15	433.672363
2023-11-16	434.202728
2023-11-17	434.742889
2023-11-20	438.089264
2023-11-21	437.134491
2023-11-22	438.822235
2023-11-24	439.092224
2023-11-27	438.301483
2023-11-28	438.735413
2023-11-29	438.426788
2023-11-30	440.153076
2023-12-01	442.756989
2023-12-04	440.432770
2023-12-05	440.346008
2023-12-06	438.571442
2023-12-07	441.917999
2023-12-08	443.817841
2023-12-11	445.544128
2023-12-12	447.578979
2023-12-13	453.751160
2023-12-14	455.207397
2023-12-15	454.457916
2023-12-18	457.014313
2023-12-19	459.793304
2023-12-20	453.421844
2023-12-21	457.721161
2023-12-22	458.640991
2023-12-26	460.577667
2023-12-27	461.410370
2023-12-28	461.584686
2023-12-29	460.248413
2024-01-02	457.672729
2024-01-03	453.935059
2024-01-04	452.472931
2024-01-05	453.092621
2024-01-08	459.560944
2024-01-09	458.863708
2024-01-10	461.458801
2024-01-11	461.255493
2024-01-12	461.575012
2024-01-16	459.880463
2024-01-17	457.324127
2024-01-18	461.391022
2024-01-19	467.142822
2024-01-22	468.130524
2024-01-23	469.495850
2024-01-24	470.009033
2024-01-25	472.565399
2024-01-26	471.965027
2024-01-29	475.702667
2024-01-30	475.334747
2024-01-31	467.578552
2024-02-01	473.698303
2024-02-02	478.685150
2024-02-05	476.942078
2024-02-06	478.326843
2024-02-07	482.316315
2024-02-08	482.529266
2024-02-09	485.318054
2024-02-12	485.105011
2024-02-13	478.423584
2024-02-14	482.771362
2024-02-15	486.102417
2024-02-16	483.681580
2024-02-20	481.018738
2024-02-21	481.454468
2024-02-22	491.418365
2024-02-23	491.757324
2024-02-26	489.956238
2024-02-27	490.866486
2024-02-28	490.217743
2024-02-29	491.979980
2024-03-01	496.598816
2024-03-04	496.066284
2024-03-05	491.108551
2024-03-06	493.597046
2024-03-07	498.496765
2024-03-08	495.504730
2024-03-11	495.078644
2024-03-12	500.404449
2024-03-13	499.619965
2024-03-14	498.632324
2024-03-15	495.208405
2024-03-18	498.151489
2024-03-19	500.919830
2024-03-20	505.552948
2024-03-21	507.223633
2024-03-22	506.262054
2024-03-25	504.863403
2024-03-26	503.930908
2024-03-27	508.165802
2024-03-28	508.068756
2024-04-01	507.184753
2024-04-02	503.959961
2024-04-03	504.513641
2024-04-04	498.355499
2024-04-05	503.561829
2024-04-08	503.843384
2024-04-09	504.426208
2024-04-10	499.375427
2024-04-11	503.144073
2024-04-12	496.199158
2024-04-15	489.982727
2024-04-16	489.089050
2024-04-17	486.194611
2024-04-18	485.194153
2024-04-19	480.959137
2024-04-22	485.388397
2024-04-23	491.148254
2024-04-24	490.915222
2024-04-25	489.050201
2024-04-26	493.683472
2024-04-29	495.431824
2024-04-30	487.583557
2024-05-01	486.000336
2024-05-02	490.546112
2024-05-03	496.626587
2024-05-06	501.755127
2024-05-07	502.308746
2024-05-08	502.357361
2024-05-09	505.251892
2024-05-10	505.902740
2024-05-13	505.970612
2024-05-14	508.292114
2024-05-15	514.586304
2024-05-16	513.527527
2024-05-17	514.265808
2024-05-20	514.858215
2024-05-21	516.120911
2024-05-22	514.634949
2024-05-23	510.875854
2024-05-24	514.256042
2024-05-28	514.615479
2024-05-29	511.011810
2024-05-30	507.621857
2024-05-31	512.245361
2024-06-03	512.663025
2024-06-04	513.236206
2024-06-05	519.336060
2024-06-06	519.326233
2024-06-07	518.694946
2024-06-10	520.297668
2024-06-11	521.550659
2024-06-12	525.834106
2024-06-13	526.892883
2024-06-14	527.213562
2024-06-17	531.409485
2024-06-18	532.759644
2024-06-20	531.312317
2024-06-21	530.600220
2024-06-24	528.875366
2024-06-25	530.911987
2024-06-26	531.574524
2024-06-27	532.412537
2024-06-28	530.317566
2024-07-01	531.408936
2024-07-02	534.985107
2024-07-03	537.372620
2024-07-05	540.471375
2024-07-08	541.095032
2024-07-09	541.621216
2024-07-10	546.980713
2024-07-11	542.264343
2024-07-12	545.684631
2024-07-15	547.185303
2024-07-16	550.430298
2024-07-17	542.712585
2024-07-18	538.541870
2024-07-19	534.965576
2024-07-22	540.481079
2024-07-23	539.633301
2024-07-24	527.403870
2024-07-25	524.655884
2024-07-26	530.531860
2024-07-29	530.843689
2024-07-30	528.154236
2024-07-31	536.739258
2024-08-01	529.138367
2024-08-02	519.286743
2024-08-05	504.163177
2024-08-06	508.811340
2024-08-07	505.410431
2024-08-08	517.094238
2024-08-09	519.374390
2024-08-12	519.647217
2024-08-13	528.193237
2024-08-14	529.859558
2024-08-15	538.941406
2024-08-16	540.149658
2024-08-19	545.314331
2024-08-20	544.427551
2024-08-21	546.298584
2024-08-22	542.010925
2024-08-23	547.770020
2024-08-26	546.464233
2024-08-27	547.214600
2024-08-28	544.037720
2024-08-29	544.086487
2024-08-30	549.280334
2024-09-03	537.976868
2024-09-04	536.875610
2024-09-05	535.569824
2024-09-06	526.556091
2024-09-09	532.451477
2024-09-10	534.770691
2024-09-11	540.256958
2024-09-12	544.807678
2024-09-13	547.653076
2024-09-16	548.461853
2024-09-17	548.685913
2024-09-18	547.058655
2024-09-19	556.393921
2024-09-20	555.432129
2024-09-23	556.820068
2024-09-24	558.413269
2024-09-25	557.181763
2024-09-26	559.390747
2024-09-27	558.579468
2024-09-30	560.817688
2024-10-01	555.793762
2024-10-02	556.028259
2024-10-03	555.011841
2024-10-04	560.055420
2024-10-07	554.992249
2024-10-08	560.241089
2024-10-09	564.121521
2024-10-10	563.134338
2024-10-11	566.506470
2024-10-14	571.139587
2024-10-15	566.702026
2024-10-16	569.165161
2024-10-17	569.214050
2024-10-18	571.403564
2024-10-21	570.465149
2024-10-22	570.162109
2024-10-23	564.952393
2024-10-24	566.174194
2024-10-25	565.978699
2024-10-28	567.728394
2024-10-29	568.647217
2024-10-30	566.926880
2024-10-31	555.813293
2024-11-01	558.159119
2024-11-04	556.956848
2024-11-05	563.691528
2024-11-06	577.708008
2024-11-07	582.174927
2024-11-08	584.696777
2024-11-11	585.253906
2024-11-12	583.435852
2024-11-13	583.719360
2024-11-14	579.965881
2024-11-15	572.537354
2024-11-18	574.883240
2024-11-19	576.984558
2024-11-20	577.180176
2024-11-21	580.278748
2024-11-22	582.077209
2024-11-25	584.051575
2024-11-26	587.101318
2024-11-27	585.322266
2024-11-29	588.958313
2024-12-02	590.014038
2024-12-03	590.287720
2024-12-04	593.953064
2024-12-05	592.975647
2024-12-06	594.099792
2024-12-09	591.040344
2024-12-10	589.202820
2024-12-11	593.757690
2024-12-12	590.698242
2024-12-13	590.580933
2024-12-16	593.102783
2024-12-17	590.659119
2024-12-18	573.055542
2024-12-19	572.879456
2024-12-20	579.760254
2024-12-23	583.232056
2024-12-24	589.714783
2024-12-26	589.753967
2024-12-27	583.545898
2024-12-30	576.886658
2024-12-31	574.788025
2025-01-02	573.375732
2025-01-03	580.544922
2025-01-06	583.889160
2025-01-07	577.288879
2025-01-08	578.132263
2025-01-10	569.305542
2025-01-13	570.188416
2025-01-14	570.972961
2025-01-15	581.358887
2025-01-16	580.240906
2025-01-17	586.066406
2025-01-21	591.431030
2025-01-22	594.755676
2025-01-23	598.001892
2025-01-24	596.256226
2025-01-27	587.821899
2025-01-28	592.872742
2025-01-29	590.214844
2025-01-30	593.382629
2025-01-31	590.224731
2025-02-03	586.252747
2025-02-04	590.185425
2025-02-05	592.578369
2025-02-06	594.637939
2025-02-07	589.195007
2025-02-10	593.196228
2025-02-11	593.647461
2025-02-12	591.735107
2025-02-13	597.982300
2025-02-14	597.952942
2025-02-18	599.708435
2025-02-19	601.120605
2025-02-20	598.619690
2025-02-21	588.380920
2025-02-24	585.703552
2025-02-25	582.790710
2025-02-26	583.084900
2025-02-27	573.777771
2025-02-28	582.731934
2025-03-03	572.522461
2025-03-04	565.745667
2025-03-05	571.826172
2025-03-06	561.675598
2025-03-07	564.823669
2025-03-10	549.779236
2025-03-11	545.209045
2025-03-12	548.102234
2025-03-13	540.795776
2025-03-14	551.966309
2025-03-17	556.222656
2025-03-18	550.210815
2025-03-19	556.203064
2025-03-20	554.594604
2025-03-21	554.777649
2025-03-24	564.712891
2025-03-25	566.070312
2025-03-26	559.312439
2025-03-27	557.827087
2025-03-28	546.593323
2025-03-31	550.262573
2025-04-01	551.816711
2025-04-02	555.308777
2025-04-03	527.942810
2025-04-04	497.035400
2025-04-07	496.150146
2025-04-08	488.378998
2025-04-09	539.668274
2025-04-10	516.020447
2025-04-11	525.227783
2025-04-14	530.323303
2025-04-15	528.837830
2025-04-16	517.082825
2025-04-17	517.820618
2025-04-21	505.495148
2025-04-22	518.646973
2025-04-23	526.683655
2025-04-24	537.769775
2025-04-25	541.655334
2025-04-28	541.861816
2025-04-29	545.275269
2025-04-30	545.491699
2025-05-01	549.357483
2025-05-02	557.512207
2025-05-05	554.315308
2025-05-06	549.682129
2025-05-07	551.993774
2025-05-08	555.839905
2025-05-09	555.131775
2025-05-12	573.477539
2025-05-13	577.264648
2025-05-14	578.002502
2025-05-15	580.825562
2025-05-16	584.504517
2025-05-19	585.143921
2025-05-20	583.176575
2025-05-21	573.349548
2025-05-22	573.575867
2025-05-23	569.660767
2025-05-27	581.504272
2025-05-28	578.140076
2025-05-29	580.422241
2025-05-30	579.773071
2025-06-02	583.038879
2025-06-03	586.363770
2025-06-04	586.206360
2025-06-05	583.373291
2025-06-06	589.363953
2025-06-09	589.895142
2025-06-10	593.239624
2025-06-11	591.547668
2025-06-12	593.898743
2025-06-13	587.258911
2025-06-16	592.846130
2025-06-17	587.780212
2025-06-18	587.691711
2025-06-20	586.311523
2025-06-23	592.102722
2025-06-24	598.643860
2025-06-25	598.979187
2025-06-26	603.665527
2025-06-27	606.664795
2025-06-30	609.565308
2025-07-01	609.368042
2025-07-02	612.130554
2025-07-03	616.955017
2025-07-07	612.357483
2025-07-08	612.022034
2025-07-09	615.692139
2025-07-10	617.428528
2025-07-11	615.258057
2025-07-14	616.432068
2025-07-15	613.797852
2025-07-16	615.849915
2025-07-17	619.618713
2025-07-18	619.164917
2025-07-21	620.338989
2025-07-22	620.427795
2025-07-23	625.705994
2025-07-24	625.913208
2025-07-25	628.557251
2025-07-28	628.399475
2025-07-29	626.742004
2025-07-30	625.952698
2025-07-31	623.604614
2025-08-01	613.383423
2025-08-04	622.706787
2025-08-05	619.549683
2025-08-06	624.295227
2025-08-07	623.772278
2025-08-08	628.636230
2025-08-11	627.393127
2025-08-12	634.072327
2025-08-13	636.242859
2025-08-14	636.302002
2025-08-15	634.812378
2025-08-18	634.674133
2025-08-19	631.230896
2025-08-20	629.553772
2025-08-21	627.028076
2025-08-22	636.657227
2025-08-25	633.855286
2025-08-26	636.509155
2025-08-27	637.959473
2025-08-28	640.218750
2025-08-29	636.400574
2025-09-02	631.684814
2025-09-03	635.108154
2025-09-04	640.416138
2025-09-05	638.561218
2025-09-08	640.130005
2025-09-09	641.609924
2025-09-10	643.464661
2025-09-11	648.811951
2025-09-12	648.594910
2025-09-15	652.048035
2025-09-16	651.150208
2025-09-17	650.341187
2025-09-18	653.379883
2025-09-19	656.616028
2025-09-22	659.722534
2025-09-23	656.131287
2025-09-24	654.043701
2025-09-25	651.026306
2025-09-26	654.756104
2025-09-29	656.596252
2025-09-30	659.069458
2025-10-01	661.315369
2025-10-02	662.076965
2025-10-03	662.067200
2025-10-06	664.441589
2025-10-07	661.978088
2025-10-08	665.925537
2025-10-09	663.996399
2025-10-10	646.049988
2025-10-13	655.963013
2025-10-14	655.161682
2025-10-15	658.070312
2025-10-16	653.588684
2025-10-17	657.298645
2025-10-20	664.134827
2025-10-21	664.124939
2025-10-22	660.672180
2025-10-23	664.590027
2025-10-24	670.021362
2025-10-27	677.926025
2025-10-28	679.726685
2025-10-29	680.053101
2025-10-30	672.573853
2025-10-31	674.780029
2025-11-03	676.046387
2025-11-04	668.032837
2025-11-05	670.347839
2025-11-06	663.155396
2025-11-07	663.808411
2025-11-10	674.166626
2025-11-11	675.709961
2025-11-12	676.085938
2025-11-13	664.866943
2025-11-14	664.758179
2025-11-17	658.565002
2025-11-18	653.034668
2025-11-19	655.557434
2025-11-20	645.565247
2025-11-21	651.995911
2025-11-24	661.592285
2025-11-25	667.815186
2025-11-26	672.425415
2025-11-28	676.095825
2025-12-01	673.009094
2025-12-02	674.255676
2025-12-03	676.590515
2025-12-04	677.085205
2025-12-05	678.371216
2025-12-08	676.333313
2025-12-09	675.749512
2025-12-10	680.231262
2025-12-11	681.814087
2025-12-12	674.483215
2025-12-15	673.464233
2025-12-16	671.624084
2025-12-17	664.233826
2025-12-18	669.249573
2025-12-19	675.315369
2025-12-22	679.522522
2025-12-23	682.628235
2025-12-24	685.029480
2025-12-26	684.960022
2025-12-29	682.519043
2025-12-30	681.685547
2025-12-31	676.635010
2026-01-02	677.875305
2026-01-05	682.390076
2026-01-06	686.448425
2026-01-07	684.235657
2026-01-08	684.166199
2026-01-09	688.690918
2026-01-12	689.772400
2026-01-13	688.393188
2026-01-14	685.009521
2026-01-15	686.875000
2026-01-16	686.299561
2026-01-20	672.328674
2026-01-21	680.088135
2026-01-22	683.640259
2026-01-23	683.888306
2026-01-26	687.361206
2026-01-27	690.099854
2026-01-28	690.030396
2026-01-29	688.661072
2026-01-30	686.607117
2026-02-02	690.020386
2026-02-03	684.186035
2026-02-04	680.871948
2026-02-05	672.368286
2026-02-06	685.267639
2026-02-09	688.571838
2026-02-10	686.755981
2026-02-11	686.597229
2026-02-12	675.990051
2026-02-13	676.466370
2026-02-17	677.557800
2026-02-18	680.971130
2026-02-19	679.175110
2026-02-20	684.086792
2026-02-23	677.101379
2026-02-24	682.022949
2026-02-25	687.777954
2026-02-26	683.957764
2026-02-27	680.673462
2026-03-02	681.060486
2026-03-03	675.057373
2026-03-04	679.820190
2026-03-05	676.029724
2026-03-06	667.169006
2026-03-09	673.013306
2026-03-10	671.931702
2026-03-11	671.088379
2026-03-12	660.897949
2026-03-13	657.157166
2026-03-16	663.844910
2026-03-17	665.591248
2026-03-18	656.303833
2026-03-19	654.686462
2026-03-20	645.300964
2026-03-23	652.076660
2026-03-24	649.887756
2026-03-25	653.509460
2026-03-26	641.838623
2026-03-27	630.894043
2026-03-30	628.784668
2026-03-31	647.062134
2026-04-01	651.937378
2026-04-02	652.524475
2026-04-06	655.608765
2026-04-07	655.897278
2026-04-08	672.602722
2026-04-09	676.483032
2026-04-10	676.035339
2026-04-13	682.641785
2026-04-14	690.959717
2026-04-15	696.412109
2026-04-16	698.123413
2026-04-17	706.560730
2026-04-20	705.147766
2026-04-21	700.531250
2026-04-22	707.625305
2026-04-23	704.879211
2026-04-24	710.341492
2026-04-27	711.565369
2026-04-28	708.102905
2026-04-29	707.993408
2026-04-30	715.037720
2026-05-01	717.017700
2026-05-04	714.390991
2026-05-05	720.122009
2026-05-06	730.131287
2026-05-07	727.892639
2026-05-08	733.902161
2026-05-11	735.573669
2026-05-12	734.459351
2026-05-13	738.568542
2026-05-14	744.398987
2026-05-15	735.444397
2026-05-18	734.927002
2026-05-19	730.031738
2026-05-20	737.513855
2026-05-21	738.976440
2026-05-22	741.881775
2026-05-26	746.806824
2026-05-27	746.677429
2026-05-28	750.796570
2026-05-29	752.667114
2026-06-01	754.716675
2026-06-02	755.741577
2026-06-03	750.438416
2026-06-04	753.274048
2026-06-05	733.832520
2026-06-08	735.494080
2026-06-09	733.335083
2026-06-10	721.773621
2026-06-11	734.041504
2026-06-12	738.011353
2026-06-15	751.025452
2026-06-16	746.548157
2026-06-17	737.225342
2026-06-18	744.890259
2026-06-22	742.546143
2026-06-23	731.762878
2026-06-24	731.423706
2026-06-25	732.481079
2026-06-26	727.184265
2026-06-29	739.164490
2026-06-30	744.920227
2026-07-01	743.912720
2026-07-02	742.935181
2026-07-06	749.419067
2026-07-07	745.857910
2026-07-08	743.553650
2026-07-09	749.848022
2026-07-10	753.079956
2026-07-13	747.314270
2026-07-14	749.967712
2026-07-15	752.940308
2026-07-16	748.860413
2026-07-17	741.448792
2026-07-20	740.251831
2026-07-21	746.426514
2026-07-22	745.558594
2026-07-23	736.351501
2026-07-24	737.099609
2026-07-27	737.259277
2026-07-28	739.024841
2026-07-29	727.653137
2026-07-30	739.852783
2026-07-31	745.179626
2026-08-03	755.793213
2026-08-04	769.419373
2026-08-05	767.883179
2026-08-06	766.656250
2026-08-07	771.344604
2026-08-10	771.115173
2026-08-11	768.651306
2026-08-12	770.576477
2026-08-13	775.953186
2026-08-14	774.416992
2026-08-17	770.756042
2026-08-18	765.549011
2026-08-19	767.154968
2026-08-20	760.710999
2026-08-21	763.823242
2026-08-24	761.578796
2026-08-25	764.012756
2026-08-26	764.182373
2026-08-27	769.189941
2026-08-28	767.444275
2026-08-31	765.149963
2026-09-01	759.893066
2026-09-02	763.264648
2026-09-03	771.254822
2026-09-04	768.282227
2026-09-08	764.062683
2026-09-09	760.511536
2026-09-10	755.952820
2026-09-11	762.396790
2026-09-14	758.995239
2026-09-15	755.513916
2026-09-16	752.182190
2026-09-17	760.710999
2026-09-18	761.690002
2026-09-21	773.500000
2026-09-22	773.380005
2026-09-23	767.809998
2026-09-24	767.179993
2026-09-25	771.349976
2026-09-28	765.609985
2026-09-29	764.200012
2026-09-30	762.630005
2026-10-01	763.989990
