date	close
1985-10-01	0.031947
1985-10-02	0.030821
1985-10-03	0.030857
1985-10-04	0.030191
1985-10-07	0.028646
1985-10-08	0.027817
1985-10-09	0.028960
1985-10-10	0.029602
1985-10-11	0.030910
1985-10-14	0.032691
1985-10-15	0.032857
1985-10-16	0.033668
1985-10-17	0.034041
1985-10-18	0.033665
1985-10-21	0.033097
1985-10-22	0.033758
1985-10-23	0.034309
1985-10-24	0.034682
1985-10-25	0.033260
1985-10-28	0.033179
1985-10-29	0.034559
1985-10-30	0.034888
1985-10-31	0.034624
1985-11-01	0.035336
1985-11-04	0.035119
1985-11-05	0.035480
1985-11-06	0.036337
1985-11-07	0.036557
1985-11-08	0.038083
1985-11-11	0.039173
1985-11-12	0.040556
1985-11-13	0.039899
1985-11-14	0.040558
1985-11-15	0.040894
1985-11-18	0.040670
1985-11-19	0.041283
1985-11-20	0.040906
1985-11-21	0.042319
1985-11-22	0.042686
1985-11-25	0.041820
1985-11-26	0.042647
1985-11-27	0.044523
1985-11-29	0.044827
1985-12-02	0.043891
1985-12-03	0.043935
1985-12-04	0.046784
1985-12-05	0.047351
1985-12-06	0.045683
1985-12-09	0.046252
1985-12-10	0.046782
1985-12-11	0.048100
1985-12-12	0.048750
1985-12-13	0.051406
1985-12-16	0.051969
1985-12-17	0.050701
1985-12-18	0.050240
1985-12-19	0.051139
1985-12-20	0.051525
1985-12-23	0.049727
1985-12-24	0.048930
1985-12-26	0.049282
1985-12-27	0.050572
1985-12-30	0.051099
1985-12-31	0.051502
1986-01-02	0.050284
1986-01-03	0.049470
1986-01-06	0.049244
1986-01-07	0.052000
1986-01-08	0.050082
1986-01-09	0.047375
1986-01-10	0.048215
1986-01-13	0.047687
1986-01-14	0.047778
1986-01-15	0.050387
1986-01-16	0.052136
1986-01-17	0.051791
1986-01-20	0.050424
1986-01-21	0.049829
1986-01-22	0.048143
1986-01-23	0.047755
1986-01-24	0.048782
1986-01-27	0.049447
1986-01-28	0.050799
1986-01-29	0.052031
1986-01-30	0.051007
1986-01-31	0.051854
1986-02-03	0.053389
1986-02-04	0.053814
1986-02-05	0.055148
1986-02-06	0.056271
1986-02-07	0.057231
1986-02-10	0.058108
1986-02-11	0.058274
1986-02-12	0.058782
1986-02-13	0.059413
1986-02-14	0.060683
1986-02-18	0.061426
1986-02-19	0.059987
1986-02-20	0.060376
1986-02-21	0.061925
1986-02-24	0.060676
1986-02-25	0.059633
1986-02-26	0.058955
1986-02-27	0.061052
1986-02-28	0.060918
1986-03-03	0.060022
1986-03-04	0.061055
1986-03-05	0.060659
1986-03-06	0.061375
1986-03-07	0.061253
1986-03-10	0.063501
1986-03-11	0.067388
1986-03-12	0.069157
1986-03-13	0.069704
1986-03-14	0.069684
1986-03-17	0.068776
1986-03-18	0.070547
1986-03-19	0.070327
1986-03-20	0.070787
1986-03-21	0.071076
1986-03-24	0.069753
1986-03-25	0.070310
1986-03-26	0.069976
1986-03-27	0.071567
1986-03-31	0.072264
1986-04-01	0.071661
1986-04-02	0.072337
1986-04-03	0.072026
1986-04-04	0.069587
1986-04-07	0.068190
1986-04-08	0.072212
1986-04-09	0.072388
1986-04-10	0.076332
1986-04-11	0.077684
1986-04-14	0.079602
1986-04-15	0.081140
1986-04-16	0.087379
1986-04-17	0.087637
1986-04-18	0.085325
1986-04-21	0.086723
1986-04-22	0.085625
1986-04-23	0.084968
1986-04-24	0.088839
1986-04-25	0.089841
1986-04-28	0.088894
1986-04-29	0.086136
1986-04-30	0.080675
1986-05-01	0.079568
1986-05-02	0.080808
1986-05-05	0.084134
1986-05-06	0.084103
1986-05-07	0.082700
1986-05-08	0.084131
1986-05-09	0.085337
1986-05-12	0.085064
1986-05-13	0.083925
1986-05-14	0.083847
1986-05-15	0.081854
1986-05-16	0.080634
1986-05-19	0.081120
1986-05-20	0.083778
1986-05-21	0.084460
1986-05-22	0.087978
1986-05-23	0.088857
1986-05-27	0.090531
1986-05-28	0.090744
1986-05-29	0.091269
1986-05-30	0.093871
1986-06-02	0.091914
1986-06-03	0.092043
1986-06-04	0.091551
1986-06-05	0.092452
1986-06-06	0.091634
1986-06-09	0.086066
1986-06-10	0.085238
1986-06-11	0.088353
1986-06-12	0.088893
1986-06-13	0.092196
1986-06-16	0.089540
1986-06-17	0.085816
1986-06-18	0.085656
1986-06-19	0.086947
1986-06-20	0.087440
1986-06-23	0.087384
1986-06-24	0.089424
1986-06-25	0.091419
1986-06-26	0.090938
1986-06-27	0.090755
1986-06-30	0.092433
1986-07-01	0.093637
1986-07-02	0.094722
1986-07-03	0.095677
1986-07-07	0.083649
1986-07-08	0.076693
1986-07-09	0.079915
1986-07-10	0.078182
1986-07-11	0.075995
1986-07-14	0.070664
1986-07-15	0.066357
1986-07-16	0.067903
1986-07-17	0.069377
1986-07-18	0.068384
1986-07-21	0.067428
1986-07-22	0.067877
1986-07-23	0.067554
1986-07-24	0.067694
1986-07-25	0.069040
1986-07-28	0.065186
1986-07-29	0.063434
1986-07-30	0.063845
1986-07-31	0.064086
1986-08-01	0.063397
1986-08-04	0.061196
1986-08-05	0.060335
1986-08-06	0.058653
1986-08-07	0.058836
1986-08-08	0.060839
1986-08-11	0.064869
1986-08-12	0.067032
1986-08-13	0.069454
1986-08-14	0.071073
1986-08-15	0.070471
1986-08-18	0.069752
1986-08-19	0.069080
1986-08-20	0.070693
1986-08-21	0.071049
1986-08-22	0.072372
1986-08-25	0.070878
1986-08-26	0.072639
1986-08-27	0.073881
1986-08-28	0.073912
1986-08-29	0.073403
1986-09-02	0.069972
1986-09-03	0.070641
1986-09-04	0.072864
1986-09-05	0.070368
1986-09-08	0.065962
1986-09-09	0.064891
1986-09-10	0.063524
1986-09-11	0.055251
1986-09-12	0.051147
1986-09-15	0.051035
1986-09-16	0.051337
1986-09-17	0.052678
1986-09-18	0.054696
1986-09-19	0.055072
1986-09-22	0.057055
1986-09-23	0.056373
1986-09-24	0.055969
1986-09-25	0.054011
1986-09-26	0.053972
1986-09-29	0.051555
1986-09-30	0.053788
1986-10-01	0.054688
1986-10-02	0.054631
1986-10-03	0.055024
1986-10-06	0.055687
1986-10-07	0.054650
1986-10-08	0.055844
1986-10-09	0.055719
1986-10-10	0.056562
1986-10-13	0.057535
1986-10-14	0.057886
1986-10-15	0.059280
1986-10-16	0.059026
1986-10-17	0.058142
1986-10-20	0.056785
1986-10-21	0.056568
1986-10-22	0.057018
1986-10-23	0.059270
1986-10-24	0.059034
1986-10-27	0.058774
1986-10-28	0.059684
1986-10-29	0.060477
1986-10-30	0.062565
1986-10-31	0.062171
1986-11-03	0.062593
1986-11-04	0.064086
1986-11-05	0.064364
1986-11-06	0.063342
1986-11-07	0.062684
1986-11-10	0.061882
1986-11-11	0.063234
1986-11-12	0.063530
1986-11-13	0.060691
1986-11-14	0.060801
1986-11-17	0.060402
1986-11-18	0.057190
1986-11-19	0.055826
1986-11-20	0.057940
1986-11-21	0.059892
1986-11-24	0.061893
1986-11-25	0.063527
1986-11-26	0.064960
1986-11-28	0.066375
1986-12-01	0.064910
1986-12-02	0.067570
1986-12-03	0.069220
1986-12-04	0.069076
1986-12-05	0.067780
1986-12-08	0.066137
1986-12-09	0.064817
1986-12-10	0.064932
1986-12-11	0.063767
1986-12-12	0.062322
1986-12-15	0.061150
1986-12-16	0.061674
1986-12-17	0.059820
1986-12-18	0.059577
1986-12-19	0.060717
1986-12-22	0.061112
1986-12-23	0.059479
1986-12-24	0.059462
1986-12-26	0.059632
1986-12-29	0.057851
1986-12-30	0.057859
1986-12-31	0.057707
1987-01-02	0.059485
1987-01-05	0.065158
1987-01-06	0.067348
1987-01-07	0.072649
1987-01-08	0.076512
1987-01-09	0.078423
1987-01-12	0.081887
1987-01-13	0.082367
1987-01-14	0.087067
1987-01-15	0.089445
1987-01-16	0.086774
1987-01-19	0.093079
1987-01-20	0.093181
1987-01-21	0.089380
1987-01-22	0.095389
1987-01-23	0.093371
1987-01-26	0.088955
1987-01-27	0.093038
1987-01-28	0.094656
1987-01-29	0.091455
1987-01-30	0.092997
1987-02-02	0.099066
1987-02-03	0.101240
1987-02-04	0.104676
1987-02-05	0.106723
1987-02-06	0.106706
1987-02-09	0.104856
1987-02-10	0.102493
1987-02-11	0.109007
1987-02-12	0.109528
1987-02-13	0.114740
1987-02-17	0.123545
1987-02-18	0.118612
1987-02-19	0.115972
1987-02-20	0.113672
1987-02-23	0.111793
1987-02-24	0.114116
1987-02-25	0.117991
1987-02-26	0.120359
1987-02-27	0.121470
1987-03-02	0.118101
1987-03-03	0.117114
1987-03-04	0.122379
1987-03-05	0.125164
1987-03-06	0.124372
1987-03-09	0.120699
1987-03-10	0.124639
1987-03-11	0.126342
1987-03-12	0.125229
1987-03-13	0.121956
1987-03-16	0.121078
1987-03-17	0.127371
1987-03-18	0.127660
1987-03-19	0.131592
1987-03-20	0.135500
1987-03-23	0.134580
1987-03-24	0.136233
1987-03-25	0.136255
1987-03-26	0.137341
1987-03-27	0.133755
1987-03-30	0.122677
1987-03-31	0.127082
1987-04-01	0.127144
1987-04-02	0.130384
1987-04-03	0.138087
1987-04-06	0.137113
1987-04-07	0.129605
1987-04-08	0.133423
1987-04-09	0.132250
1987-04-10	0.131305
1987-04-13	0.122216
1987-04-14	0.113795
1987-04-15	0.118982
1987-04-16	0.121487
1987-04-20	0.118265
1987-04-21	0.123146
1987-04-22	0.121777
1987-04-23	0.121400
1987-04-24	0.114663
1987-04-27	0.113082
1987-04-28	0.116314
1987-04-29	0.118144
1987-04-30	0.123212
1987-05-01	0.125202
1987-05-04	0.126446
1987-05-05	0.133121
1987-05-06	0.132185
1987-05-07	0.133683
1987-05-08	0.134402
1987-05-11	0.132020
1987-05-12	0.131456
1987-05-13	0.134201
1987-05-14	0.135132
1987-05-15	0.129108
1987-05-18	0.124038
1987-05-19	0.116023
1987-05-20	0.116465
1987-05-21	0.118303
1987-05-22	0.116312
1987-05-26	0.123085
1987-05-27	0.124641
1987-05-28	0.128966
1987-05-29	0.130314
1987-06-01	0.124278
1987-06-02	0.121540
1987-06-03	0.124022
1987-06-04	0.125004
1987-06-05	0.123847
1987-06-08	0.127540
1987-06-09	0.131489
1987-06-10	0.132614
1987-06-11	0.131861
1987-06-12	0.133301
1987-06-15	0.131694
1987-06-16	0.134894
1987-06-17	0.135265
1987-06-18	0.137482
1987-06-19	0.136786
1987-06-22	0.138592
1987-06-23	0.136297
1987-06-24	0.136426
1987-06-25	0.135222
1987-06-26	0.134608
1987-06-29	0.133837
1987-06-30	0.130753
1987-07-01	0.131231
1987-07-02	0.133112
1987-07-06	0.130250
1987-07-07	0.127615
1987-07-08	0.126851
1987-07-09	0.128040
1987-07-10	0.129584
1987-07-13	0.133045
1987-07-14	0.142604
1987-07-15	0.142341
1987-07-16	0.144894
1987-07-17	0.144496
1987-07-20	0.140048
1987-07-21	0.138596
1987-07-22	0.139533
1987-07-23	0.134918
1987-07-24	0.138121
1987-07-27	0.138476
1987-07-28	0.139670
1987-07-29	0.141758
1987-07-30	0.145766
1987-07-31	0.145277
1987-08-03	0.142802
1987-08-04	0.144196
1987-08-05	0.149409
1987-08-06	0.157582
1987-08-07	0.161939
1987-08-10	0.167411
1987-08-11	0.173152
1987-08-12	0.169824
1987-08-13	0.168360
1987-08-14	0.168335
1987-08-17	0.169216
1987-08-18	0.162012
1987-08-19	0.165552
1987-08-20	0.174100
1987-08-21	0.178200
1987-08-24	0.175407
1987-08-25	0.178496
1987-08-26	0.179614
1987-08-27	0.178261
1987-08-28	0.173704
1987-08-31	0.175512
1987-09-01	0.168754
1987-09-02	0.165903
1987-09-03	0.164161
1987-09-04	0.161855
1987-09-08	0.151944
1987-09-09	0.155810
1987-09-10	0.164064
1987-09-11	0.166931
1987-09-14	0.163995
1987-09-15	0.157016
1987-09-16	0.154781
1987-09-17	0.156511
1987-09-18	0.155617
1987-09-21	0.145385
1987-09-22	0.154595
1987-09-23	0.160673
1987-09-24	0.161996
1987-09-25	0.163112
1987-09-28	0.161931
1987-09-29	0.160792
1987-09-30	0.163982
1987-10-01	0.174024
1987-10-02	0.180086
1987-10-05	0.184313
1987-10-06	0.169455
1987-10-07	0.166560
1987-10-08	0.158662
1987-10-09	0.155939
1987-10-12	0.149365
1987-10-13	0.152957
1987-10-14	0.144429
1987-10-15	0.134699
1987-10-16	0.114219
1987-10-19	0.062546
1987-10-20	0.048449
1987-10-21	0.063409
1987-10-22	0.052867
1987-10-23	0.048036
1987-10-26	0.031191
1987-10-27	0.032238
1987-10-28	0.033237
1987-10-29	0.042681
1987-10-30	0.048409
1987-11-02	0.050462
1987-11-03	0.045425
1987-11-04	0.046172
1987-11-05	0.050930
1987-11-06	0.048580
1987-11-09	0.044519
1987-11-10	0.041744
1987-11-11	0.043517
1987-11-12	0.047431
1987-11-13	0.045628
1987-11-16	0.045172
1987-11-17	0.041598
1987-11-18	0.042690
1987-11-19	0.039349
1987-11-20	0.039158
1987-11-23	0.039993
1987-11-24	0.042376
1987-11-25	0.042667
1987-11-27	0.041216
1987-11-30	0.035840
1987-12-01	0.035864
1987-12-02	0.036485
1987-12-03	0.032512
1987-12-04	0.030664
1987-12-07	0.032573
1987-12-08	0.035173
1987-12-09	0.037540
1987-12-10	0.036937
1987-12-11	0.037576
1987-12-14	0.042620
1987-12-15	0.043326
1987-12-16	0.047013
1987-12-17	0.045936
1987-12-18	0.050377
1987-12-21	0.051619
1987-12-22	0.051153
1987-12-23	0.053621
1987-12-24	0.053744
1987-12-28	0.048231
1987-12-29	0.049710
1987-12-30	0.052547
1987-12-31	0.051506
1988-01-04	0.057000
1988-01-05	0.059606
1988-01-06	0.061665
1988-01-07	0.064471
1988-01-08	0.052422
1988-01-11	0.053095
1988-01-12	0.049933
1988-01-13	0.049756
1988-01-14	0.050222
1988-01-15	0.053878
1988-01-18	0.053065
1988-01-19	0.052045
1988-01-20	0.046562
1988-01-21	0.047003
1988-01-22	0.048295
1988-01-25	0.050826
1988-01-26	0.049051
1988-01-27	0.049232
1988-01-28	0.051347
1988-01-29	0.052785
1988-02-01	0.052268
1988-02-02	0.052621
1988-02-03	0.050238
1988-02-04	0.051005
1988-02-05	0.051618
1988-02-08	0.051478
1988-02-09	0.052506
1988-02-10	0.055782
1988-02-11	0.056516
1988-02-12	0.057531
1988-02-16	0.059217
1988-02-17	0.059497
1988-02-18	0.059434
1988-02-19	0.060855
1988-02-22	0.064265
1988-02-23	0.065489
1988-02-24	0.066849
1988-02-25	0.064879
1988-02-26	0.064715
1988-02-29	0.066980
1988-03-01	0.066969
1988-03-02	0.069851
1988-03-03	0.071503
1988-03-04	0.072579
1988-03-07	0.073894
1988-03-08	0.075329
1988-03-09	0.077355
1988-03-10	0.073758
1988-03-11	0.073077
1988-03-14	0.074698
1988-03-15	0.073574
1988-03-16	0.076174
1988-03-17	0.077201
1988-03-18	0.076939
1988-03-21	0.074212
1988-03-22	0.075594
1988-03-23	0.074618
1988-03-24	0.069018
1988-03-25	0.066780
1988-03-28	0.066728
1988-03-29	0.067679
1988-03-30	0.065879
1988-03-31	0.067172
1988-04-04	0.065010
1988-04-05	0.066700
1988-04-06	0.070983
1988-04-07	0.071858
1988-04-08	0.073798
1988-04-11	0.075043
1988-04-12	0.075237
1988-04-13	0.075589
1988-04-14	0.066639
1988-04-15	0.066478
1988-04-18	0.066952
1988-04-19	0.067878
1988-04-20	0.066215
1988-04-21	0.065216
1988-04-22	0.066633
1988-04-25	0.067874
1988-04-26	0.070607
1988-04-27	0.071159
1988-04-28	0.070575
1988-04-29	0.069600
1988-05-02	0.070574
1988-05-03	0.073264
1988-05-04	0.072804
1988-05-05	0.071644
1988-05-06	0.071034
1988-05-09	0.068322
1988-05-10	0.067602
1988-05-11	0.063502
1988-05-12	0.064507
1988-05-13	0.066914
1988-05-16	0.068226
1988-05-17	0.067151
1988-05-18	0.062765
1988-05-19	0.062827
1988-05-20	0.062313
1988-05-23	0.059850
1988-05-24	0.061516
1988-05-25	0.061293
1988-05-26	0.062208
1988-05-27	0.061907
1988-05-31	0.066020
1988-06-01	0.069820
1988-06-02	0.069548
1988-06-03	0.071382
1988-06-06	0.073470
1988-06-07	0.073489
1988-06-08	0.077470
1988-06-09	0.077159
1988-06-10	0.079066
1988-06-13	0.079639
1988-06-14	0.080979
1988-06-15	0.081404
1988-06-16	0.079299
1988-06-17	0.078564
1988-06-20	0.077604
1988-06-21	0.079625
1988-06-22	0.082451
1988-06-23	0.082564
1988-06-24	0.082928
1988-06-27	0.079954
1988-06-28	0.083933
1988-06-29	0.083385
1988-06-30	0.085031
1988-07-01	0.086280
1988-07-05	0.088930
1988-07-06	0.086873
1988-07-07	0.085437
1988-07-08	0.083752
1988-07-11	0.083132
1988-07-12	0.082528
1988-07-13	0.083692
1988-07-14	0.084433
1988-07-15	0.084199
1988-07-18	0.084575
1988-07-19	0.080517
1988-07-20	0.079828
1988-07-21	0.076138
1988-07-22	0.075450
1988-07-25	0.075109
1988-07-26	0.072764
1988-07-27	0.069922
1988-07-28	0.070922
1988-07-29	0.074427
1988-08-01	0.074767
1988-08-02	0.073643
1988-08-03	0.074292
1988-08-04	0.074416
1988-08-05	0.072833
1988-08-08	0.072731
1988-08-09	0.069637
1988-08-10	0.064223
1988-08-11	0.066399
1988-08-12	0.065379
1988-08-15	0.061243
1988-08-16	0.064004
1988-08-17	0.064288
1988-08-18	0.065003
1988-08-19	0.064172
1988-08-22	0.060915
1988-08-23	0.060598
1988-08-24	0.063113
1988-08-25	0.061539
1988-08-26	0.062022
1988-08-29	0.063960
1988-08-30	0.063511
1988-08-31	0.061992
1988-09-01	0.058969
1988-09-02	0.062378
1988-09-06	0.062886
1988-09-07	0.063057
1988-09-08	0.064009
1988-09-09	0.066796
1988-09-12	0.066923
1988-09-13	0.067232
1988-09-14	0.068500
1988-09-15	0.066678
1988-09-16	0.068076
1988-09-19	0.067452
1988-09-20	0.068246
1988-09-21	0.069399
1988-09-22	0.069944
1988-09-23	0.068997
1988-09-26	0.067120
1988-09-27	0.067035
1988-09-28	0.068466
1988-09-29	0.070515
1988-09-30	0.071148
1988-10-03	0.068079
1988-10-04	0.067496
1988-10-05	0.066997
1988-10-06	0.067421
1988-10-07	0.067146
1988-10-10	0.065923
1988-10-11	0.066698
1988-10-12	0.064033
1988-10-13	0.065741
1988-10-14	0.066339
1988-10-17	0.066805
1988-10-18	0.068174
1988-10-19	0.068169
1988-10-20	0.072064
1988-10-21	0.071310
1988-10-24	0.069722
1988-10-25	0.068532
1988-10-26	0.067310
1988-10-27	0.064935
1988-10-28	0.065607
1988-10-31	0.065484
1988-11-01	0.065271
1988-11-02	0.064616
1988-11-03	0.064873
1988-11-04	0.064098
1988-11-07	0.061633
1988-11-08	0.064229
1988-11-09	0.063942
1988-11-10	0.063694
1988-11-11	0.059240
1988-11-14	0.058936
1988-11-15	0.058042
1988-11-16	0.055366
1988-11-17	0.056044
1988-11-18	0.056364
1988-11-21	0.053608
1988-11-22	0.054129
1988-11-23	0.056931
1988-11-25	0.055425
1988-11-28	0.055697
1988-11-29	0.056876
1988-11-30	0.058928
1988-12-01	0.061165
1988-12-02	0.061466
1988-12-05	0.062794
1988-12-06	0.064054
1988-12-07	0.062752
1988-12-08	0.061707
1988-12-09	0.061605
1988-12-12	0.060864
1988-12-13	0.059947
1988-12-14	0.060592
1988-12-15	0.061386
1988-12-16	0.063951
1988-12-19	0.065463
1988-12-20	0.065105
1988-12-21	0.064637
1988-12-22	0.064744
1988-12-23	0.065684
1988-12-27	0.065241
1988-12-28	0.065136
1988-12-29	0.066861
1988-12-30	0.067685
1989-01-03	0.064492
1989-01-04	0.067739
1989-01-05	0.067648
1989-01-06	0.067683
1989-01-09	0.067827
1989-01-10	0.067152
1989-01-11	0.067750
1989-01-12	0.069353
1989-01-13	0.069465
1989-01-16	0.069576
1989-01-17	0.067113
1989-01-18	0.068876
1989-01-19	0.071098
1989-01-20	0.070797
1989-01-23	0.068301
1989-01-24	0.070561
1989-01-25	0.072183
1989-01-26	0.075082
1989-01-27	0.074526
1989-01-30	0.076031
1989-01-31	0.078105
1989-02-01	0.080487
1989-02-02	0.082397
1989-02-03	0.082534
1989-02-06	0.081864
1989-02-07	0.085215
1989-02-08	0.082540
1989-02-09	0.080762
1989-02-10	0.076923
1989-02-13	0.076545
1989-02-14	0.076818
1989-02-15	0.079028
1989-02-16	0.079541
1989-02-17	0.080405
1989-02-21	0.079965
1989-02-22	0.076886
1989-02-23	0.077762
1989-02-24	0.075405
1989-02-27	0.074449
1989-02-28	0.074413
1989-03-01	0.074177
1989-03-02	0.076426
1989-03-03	0.076860
1989-03-06	0.078951
1989-03-07	0.077928
1989-03-08	0.077366
1989-03-09	0.076232
1989-03-10	0.075789
1989-03-13	0.076871
1989-03-14	0.076214
1989-03-15	0.076221
1989-03-16	0.078398
1989-03-17	0.071951
1989-03-20	0.069414
1989-03-21	0.071916
1989-03-22	0.070192
1989-03-23	0.070711
1989-03-27	0.070829
1989-03-28	0.071845
1989-03-29	0.073408
1989-03-30	0.074634
1989-03-31	0.076457
1989-04-03	0.076402
1989-04-04	0.076032
1989-04-05	0.076709
1989-04-06	0.076839
1989-04-07	0.079557
1989-04-10	0.080660
1989-04-11	0.082745
1989-04-12	0.084845
1989-04-13	0.083913
1989-04-14	0.087582
1989-04-17	0.087521
1989-04-18	0.090537
1989-04-19	0.092242
1989-04-20	0.091648
1989-04-21	0.093325
1989-04-24	0.092551
1989-04-25	0.091039
1989-04-26	0.091046
1989-04-27	0.094252
1989-04-28	0.095520
1989-05-01	0.095913
1989-05-02	0.095899
1989-05-03	0.097096
1989-05-04	0.097826
1989-05-05	0.099772
1989-05-08	0.099176
1989-05-09	0.098649
1989-05-10	0.099123
1989-05-11	0.099849
1989-05-12	0.105199
1989-05-15	0.107842
1989-05-16	0.106843
1989-05-17	0.110644
1989-05-18	0.111156
1989-05-19	0.113597
1989-05-22	0.113204
1989-05-23	0.110405
1989-05-24	0.112536
1989-05-25	0.113889
1989-05-26	0.116441
1989-05-30	0.115056
1989-05-31	0.116591
1989-06-01	0.118286
1989-06-02	0.121899
1989-06-05	0.114519
1989-06-06	0.116112
1989-06-07	0.125015
1989-06-08	0.124171
1989-06-09	0.123151
1989-06-12	0.122813
1989-06-13	0.119340
1989-06-14	0.119530
1989-06-15	0.113605
1989-06-16	0.113156
1989-06-19	0.112303
1989-06-20	0.110319
1989-06-21	0.110107
1989-06-22	0.112150
1989-06-23	0.115376
1989-06-26	0.114326
1989-06-27	0.114831
1989-06-28	0.110210
1989-06-29	0.103466
1989-06-30	0.100178
1989-07-03	0.101464
1989-07-05	0.102790
1989-07-06	0.104732
1989-07-07	0.107614
1989-07-10	0.107221
1989-07-11	0.108151
1989-07-12	0.109580
1989-07-13	0.110523
1989-07-14	0.112687
1989-07-17	0.114060
1989-07-18	0.110289
1989-07-19	0.113764
1989-07-20	0.109737
1989-07-21	0.109371
1989-07-24	0.105084
1989-07-25	0.104924
1989-07-26	0.107762
1989-07-27	0.112159
1989-07-28	0.112767
1989-07-31	0.114553
1989-08-01	0.112235
1989-08-02	0.112235
1989-08-03	0.114947
1989-08-04	0.115871
1989-08-07	0.121712
1989-08-08	0.123322
1989-08-09	0.120147
1989-08-10	0.119427
1989-08-11	0.117581
1989-08-14	0.115135
1989-08-15	0.116831
1989-08-16	0.115198
1989-08-17	0.117249
1989-08-18	0.118168
1989-08-21	0.114012
1989-08-22	0.115920
1989-08-23	0.119311
1989-08-24	0.124083
1989-08-25	0.124792
1989-08-28	0.125868
1989-08-29	0.123881
1989-08-30	0.125727
1989-08-31	0.126749
1989-09-01	0.129326
1989-09-05	0.129429
1989-09-06	0.126103
1989-09-07	0.125291
1989-09-08	0.127755
1989-09-11	0.128270
1989-09-12	0.130617
1989-09-13	0.131114
1989-09-14	0.127243
1989-09-15	0.126461
1989-09-18	0.126093
1989-09-19	0.126399
1989-09-20	0.127022
1989-09-21	0.127613
1989-09-22	0.129727
1989-09-25	0.129718
1989-09-26	0.129673
1989-09-27	0.129551
1989-09-28	0.133788
1989-09-29	0.134026
1989-10-02	0.137071
1989-10-03	0.138188
1989-10-04	0.142102
1989-10-05	0.143642
1989-10-06	0.148587
1989-10-09	0.153102
1989-10-10	0.151733
1989-10-11	0.149794
1989-10-12	0.148751
1989-10-13	0.129942
1989-10-16	0.130418
1989-10-17	0.129191
1989-10-18	0.133123
1989-10-19	0.141937
1989-10-20	0.141044
1989-10-23	0.136840
1989-10-24	0.132191
1989-10-25	0.132076
1989-10-26	0.124952
1989-10-27	0.119515
1989-10-30	0.119892
1989-10-31	0.125695
1989-11-01	0.126863
1989-11-02	0.120275
1989-11-03	0.119617
1989-11-06	0.113268
1989-11-07	0.117153
1989-11-08	0.121536
1989-11-09	0.121991
1989-11-10	0.125100
1989-11-13	0.125470
1989-11-14	0.123121
1989-11-15	0.124739
1989-11-16	0.123644
1989-11-17	0.125191
1989-11-20	0.126506
1989-11-21	0.125384
1989-11-22	0.126836
1989-11-24	0.128885
1989-11-27	0.126829
1989-11-28	0.126718
1989-11-29	0.126556
1989-11-30	0.128160
1989-12-01	0.129641
1989-12-04	0.132057
1989-12-05	0.133070
1989-12-06	0.127528
1989-12-07	0.128559
1989-12-08	0.127280
1989-12-11	0.120862
1989-12-12	0.116804
1989-12-13	0.116964
1989-12-14	0.114452
1989-12-15	0.110928
1989-12-18	0.105807
1989-12-19	0.106304
1989-12-20	0.109392
1989-12-21	0.113993
1989-12-22	0.116191
1989-12-26	0.116167
1989-12-27	0.122500
1989-12-28	0.122499
1989-12-29	0.126230
1990-01-02	0.132802
1990-01-03	0.129950
1990-01-04	0.127552
1990-01-05	0.124861
1990-01-08	0.125523
1990-01-09	0.121538
1990-01-10	0.113905
1990-01-11	0.109084
1990-01-12	0.101857
1990-01-15	0.100123
1990-01-16	0.106336
1990-01-17	0.104356
1990-01-18	0.104297
1990-01-19	0.109252
1990-01-22	0.100281
1990-01-23	0.099435
1990-01-24	0.098371
1990-01-25	0.096979
1990-01-26	0.093395
1990-01-29	0.091748
1990-01-30	0.085747
1990-01-31	0.091318
1990-02-01	0.092810
1990-02-02	0.096327
1990-02-05	0.097550
1990-02-06	0.095538
1990-02-07	0.097948
1990-02-08	0.098566
1990-02-09	0.100343
1990-02-12	0.098004
1990-02-13	0.098451
1990-02-14	0.099670
1990-02-15	0.102350
1990-02-16	0.100039
1990-02-20	0.095293
1990-02-21	0.094847
1990-02-22	0.094062
1990-02-23	0.090745
1990-02-26	0.094556
1990-02-27	0.096157
1990-02-28	0.099136
1990-03-01	0.100831
1990-03-02	0.104346
1990-03-05	0.102637
1990-03-06	0.103464
1990-03-07	0.102272
1990-03-08	0.106578
1990-03-09	0.107636
1990-03-12	0.107182
1990-03-13	0.104140
1990-03-14	0.105255
1990-03-15	0.107047
1990-03-16	0.113779
1990-03-19	0.116762
1990-03-20	0.112061
1990-03-21	0.110387
1990-03-22	0.105301
1990-03-23	0.108192
1990-03-26	0.111127
1990-03-27	0.112713
1990-03-28	0.107667
1990-03-29	0.105970
1990-03-30	0.106015
1990-04-02	0.105298
1990-04-03	0.111440
1990-04-04	0.109381
1990-04-05	0.107211
1990-04-06	0.104821
1990-04-09	0.104281
1990-04-10	0.105910
1990-04-11	0.107840
1990-04-12	0.110124
1990-04-16	0.111462
1990-04-17	0.110799
1990-04-18	0.105640
1990-04-19	0.102249
1990-04-20	0.098969
1990-04-23	0.094706
1990-04-24	0.093497
1990-04-25	0.094614
1990-04-26	0.094890
1990-04-27	0.091957
1990-04-30	0.094856
1990-05-01	0.096543
1990-05-02	0.098578
1990-05-03	0.100826
1990-05-04	0.104584
1990-05-07	0.108005
1990-05-08	0.108209
1990-05-09	0.108593
1990-05-10	0.110672
1990-05-11	0.116912
1990-05-14	0.121619
1990-05-15	0.122637
1990-05-16	0.123669
1990-05-17	0.126156
1990-05-18	0.129270
1990-05-21	0.135548
1990-05-22	0.136642
1990-05-23	0.142292
1990-05-24	0.144044
1990-05-25	0.135219
1990-05-29	0.141569
1990-05-30	0.142486
1990-05-31	0.142104
1990-06-01	0.145226
1990-06-04	0.149291
1990-06-05	0.145055
1990-06-06	0.145429
1990-06-07	0.144190
1990-06-08	0.139341
1990-06-11	0.143285
1990-06-12	0.149007
1990-06-13	0.152617
1990-06-14	0.149693
1990-06-15	0.150186
1990-06-18	0.142550
1990-06-19	0.142657
1990-06-20	0.143623
1990-06-21	0.145119
1990-06-22	0.140712
1990-06-25	0.135643
1990-06-26	0.135677
1990-06-27	0.139179
1990-06-28	0.143550
1990-06-29	0.145435
1990-07-02	0.145351
1990-07-03	0.144910
1990-07-05	0.143285
1990-07-06	0.145384
1990-07-09	0.147450
1990-07-10	0.145704
1990-07-11	0.149567
1990-07-12	0.154494
1990-07-13	0.156987
1990-07-16	0.159746
1990-07-17	0.150673
1990-07-18	0.144476
1990-07-19	0.141154
1990-07-20	0.134050
1990-07-23	0.125286
1990-07-24	0.123798
1990-07-25	0.127527
1990-07-26	0.124901
1990-07-27	0.122311
1990-07-30	0.119513
1990-07-31	0.118647
1990-08-01	0.118209
1990-08-02	0.111612
1990-08-03	0.101871
1990-08-06	0.085835
1990-08-07	0.087363
1990-08-08	0.091139
1990-08-09	0.095848
1990-08-10	0.091860
1990-08-13	0.093444
1990-08-14	0.094619
1990-08-15	0.094844
1990-08-16	0.086272
1990-08-17	0.079424
1990-08-20	0.074885
1990-08-21	0.069243
1990-08-22	0.065663
1990-08-23	0.058503
1990-08-24	0.065065
1990-08-27	0.074568
1990-08-28	0.075635
1990-08-29	0.073301
1990-08-30	0.070811
1990-08-31	0.074025
1990-09-04	0.075315
1990-09-05	0.074231
1990-09-06	0.070612
1990-09-07	0.071862
1990-09-10	0.072812
1990-09-11	0.070896
1990-09-12	0.072439
1990-09-13	0.069457
1990-09-14	0.069232
1990-09-17	0.069320
1990-09-18	0.069123
1990-09-19	0.068401
1990-09-20	0.063184
1990-09-21	0.062376
1990-09-24	0.056656
1990-09-25	0.059624
1990-09-26	0.058377
1990-09-27	0.053235
1990-09-28	0.055858
1990-10-01	0.063122
1990-10-02	0.063307
1990-10-03	0.058768
1990-10-04	0.057777
1990-10-05	0.056682
1990-10-08	0.057822
1990-10-09	0.052079
1990-10-10	0.048332
1990-10-11	0.044675
1990-10-12	0.045905
1990-10-15	0.048078
1990-10-16	0.044787
1990-10-17	0.046229
1990-10-18	0.050463
1990-10-19	0.052426
1990-10-22	0.055976
1990-10-23	0.055816
1990-10-24	0.055878
1990-10-25	0.054813
1990-10-26	0.051906
1990-10-29	0.049708
1990-10-30	0.050781
1990-10-31	0.050390
1990-11-01	0.050675
1990-11-02	0.054171
1990-11-05	0.057471
1990-11-06	0.057275
1990-11-07	0.054240
1990-11-08	0.054810
1990-11-09	0.059003
1990-11-12	0.065244
1990-11-13	0.066489
1990-11-14	0.069189
1990-11-15	0.066056
1990-11-16	0.061253
1990-11-19	0.063315
1990-11-20	0.059527
1990-11-21	0.060127
1990-11-23	0.060461
1990-11-26	0.061283
1990-11-27	0.065306
1990-11-28	0.065840
1990-11-29	0.067308
1990-11-30	0.068857
1990-12-03	0.070938
1990-12-04	0.072114
1990-12-05	0.075892
1990-12-06	0.076412
1990-12-07	0.076246
1990-12-10	0.076349
1990-12-11	0.073030
1990-12-12	0.074664
1990-12-13	0.074664
1990-12-14	0.072515
1990-12-17	0.071312
1990-12-18	0.075897
1990-12-19	0.077234
1990-12-20	0.078500
1990-12-21	0.079943
1990-12-24	0.078122
1990-12-26	0.077359
1990-12-27	0.075722
1990-12-28	0.076013
1990-12-31	0.077277
1991-01-02	0.076387
1991-01-03	0.072515
1991-01-04	0.072986
1991-01-07	0.068003
1991-01-08	0.067722
1991-01-09	0.067289
1991-01-10	0.071912
1991-01-11	0.072033
1991-01-14	0.069357
1991-01-15	0.071033
1991-01-16	0.079340
1991-01-17	0.086729
1991-01-18	0.089502
1991-01-21	0.093139
1991-01-22	0.090017
1991-01-23	0.094921
1991-01-24	0.100132
1991-01-25	0.101806
1991-01-28	0.103492
1991-01-29	0.106599
1991-01-30	0.113437
1991-01-31	0.118104
1991-02-01	0.121183
1991-02-04	0.124926
1991-02-05	0.132346
1991-02-06	0.141360
1991-02-07	0.135118
1991-02-08	0.136857
1991-02-11	0.144958
1991-02-12	0.143020
1991-02-13	0.146701
1991-02-14	0.138348
1991-02-15	0.142977
1991-02-19	0.147250
1991-02-20	0.141858
1991-02-21	0.140294
1991-02-22	0.143318
1991-02-25	0.145737
1991-02-26	0.141819
1991-02-27	0.145088
1991-02-28	0.145774
1991-03-01	0.149741
1991-03-04	0.151493
1991-03-05	0.167266
1991-03-06	0.169110
1991-03-07	0.171826
1991-03-08	0.168491
1991-03-11	0.153710
1991-03-12	0.145549
1991-03-13	0.156687
1991-03-14	0.154344
1991-03-15	0.152224
1991-03-18	0.153997
1991-03-19	0.150778
1991-03-20	0.154759
1991-03-21	0.149091
1991-03-22	0.147842
1991-03-25	0.153994
1991-03-26	0.170049
1991-03-27	0.173670
1991-03-28	0.170432
1991-04-01	0.169821
1991-04-02	0.187629
1991-04-03	0.190287
1991-04-04	0.194703
1991-04-05	0.190802
1991-04-08	0.191235
1991-04-09	0.185560
1991-04-10	0.181732
1991-04-11	0.196573
1991-04-12	0.198157
1991-04-15	0.196195
1991-04-16	0.204090
1991-04-17	0.207017
1991-04-18	0.194718
1991-04-19	0.186766
1991-04-22	0.181272
1991-04-23	0.182902
1991-04-24	0.187707
1991-04-25	0.182422
1991-04-26	0.181071
1991-04-29	0.170736
1991-04-30	0.165931
1991-05-01	0.166986
1991-05-02	0.171325
1991-05-03	0.172460
1991-05-06	0.172873
1991-05-07	0.170756
1991-05-08	0.172514
1991-05-09	0.180395
1991-05-10	0.175334
1991-05-13	0.175869
1991-05-14	0.170168
1991-05-15	0.154846
1991-05-16	0.159487
1991-05-17	0.159053
1991-05-20	0.155661
1991-05-21	0.160408
1991-05-22	0.168566
1991-05-23	0.171380
1991-05-24	0.175851
1991-05-28	0.183414
1991-05-29	0.185383
1991-05-30	0.191207
1991-05-31	0.194835
1991-06-03	0.198874
1991-06-04	0.199274
1991-06-05	0.191253
1991-06-06	0.184713
1991-06-07	0.177343
1991-06-10	0.173014
1991-06-11	0.174704
1991-06-12	0.166973
1991-06-13	0.166017
1991-06-14	0.171666
1991-06-17	0.171211
1991-06-18	0.167187
1991-06-19	0.157331
1991-06-20	0.157846
1991-06-21	0.157325
1991-06-24	0.140278
1991-06-25	0.140452
1991-06-26	0.142884
1991-06-27	0.147637
1991-06-28	0.145787
1991-07-01	0.154250
1991-07-02	0.148827
1991-07-03	0.142427
1991-07-05	0.141655
1991-07-08	0.153374
1991-07-09	0.156473
1991-07-10	0.161224
1991-07-11	0.162158
1991-07-12	0.168784
1991-07-15	0.171536
1991-07-16	0.163055
1991-07-17	0.161018
1991-07-18	0.166243
1991-07-19	0.167523
1991-07-22	0.162644
1991-07-23	0.153366
1991-07-24	0.150755
1991-07-25	0.156611
1991-07-26	0.162032
1991-07-29	0.162765
1991-07-30	0.171407
1991-07-31	0.176818
1991-08-01	0.180868
1991-08-02	0.183289
1991-08-05	0.176668
1991-08-06	0.181680
1991-08-07	0.185238
1991-08-08	0.189685
1991-08-09	0.188436
1991-08-12	0.192680
1991-08-13	0.197245
1991-08-14	0.201955
1991-08-15	0.195737
1991-08-16	0.190930
1991-08-19	0.175444
1991-08-20	0.179767
1991-08-21	0.203090
1991-08-22	0.199859
1991-08-23	0.204522
1991-08-26	0.204347
1991-08-27	0.204492
1991-08-28	0.211109
1991-08-29	0.208286
1991-08-30	0.205705
1991-09-03	0.199087
1991-09-04	0.193790
1991-09-05	0.191548
1991-09-06	0.189957
1991-09-09	0.192742
1991-09-10	0.182545
1991-09-11	0.189010
1991-09-12	0.200949
1991-09-13	0.188151
1991-09-16	0.186280
1991-09-17	0.185293
1991-09-18	0.191167
1991-09-19	0.196203
1991-09-20	0.202677
1991-09-23	0.198907
1991-09-24	0.204088
1991-09-25	0.207578
1991-09-26	0.205246
1991-09-27	0.201008
1991-09-30	0.204357
1991-10-01	0.206122
1991-10-02	0.199009
1991-10-03	0.189256
1991-10-04	0.189455
1991-10-07	0.186158
1991-10-08	0.188408
1991-10-09	0.181299
1991-10-10	0.186410
1991-10-11	0.191175
1991-10-14	0.202703
1991-10-15	0.215700
1991-10-16	0.225271
1991-10-17	0.213471
1991-10-18	0.214867
1991-10-21	0.209903
1991-10-22	0.209726
1991-10-23	0.206595
1991-10-24	0.198665
1991-10-25	0.192996
1991-10-28	0.200011
1991-10-29	0.207770
1991-10-30	0.217714
1991-10-31	0.212789
1991-11-01	0.207318
1991-11-04	0.200719
1991-11-05	0.205143
1991-11-06	0.205937
1991-11-07	0.213275
1991-11-08	0.219104
1991-11-11	0.224192
1991-11-12	0.233479
1991-11-13	0.235468
1991-11-14	0.231287
1991-11-15	0.193183
1991-11-18	0.201459
1991-11-19	0.192649
1991-11-20	0.194291
1991-11-21	0.201235
1991-11-22	0.196430
1991-11-25	0.189614
1991-11-26	0.191841
1991-11-27	0.194045
1991-11-29	0.193143
1991-12-02	0.211725
1991-12-03	0.211742
1991-12-04	0.214244
1991-12-05	0.212541
1991-12-06	0.216435
1991-12-09	0.215608
1991-12-10	0.216806
1991-12-11	0.213531
1991-12-12	0.220327
1991-12-13	0.227753
1991-12-16	0.231568
1991-12-17	0.222071
1991-12-18	0.223671
1991-12-19	0.212278
1991-12-20	0.215051
1991-12-23	0.231338
1991-12-24	0.239993
1991-12-26	0.255438
1991-12-27	0.262981
1991-12-30	0.287767
1991-12-31	0.298632
1992-01-02	0.305407
1992-01-03	0.309397
1992-01-06	0.315113
1992-01-07	0.322807
1992-01-08	0.336027
1992-01-09	0.353659
1992-01-10	0.343911
1992-01-13	0.347319
1992-01-14	0.360233
1992-01-15	0.369418
1992-01-16	0.357921
1992-01-17	0.351228
1992-01-20	0.327341
1992-01-21	0.287756
1992-01-22	0.335840
1992-01-23	0.335103
1992-01-24	0.333277
1992-01-27	0.318854
1992-01-28	0.319856
1992-01-29	0.309825
1992-01-30	0.312820
1992-01-31	0.312603
1992-02-03	0.321076
1992-02-04	0.336670
1992-02-05	0.348131
1992-02-06	0.342777
1992-02-07	0.336080
1992-02-10	0.331491
1992-02-11	0.329076
1992-02-12	0.362217
1992-02-13	0.343371
1992-02-14	0.334173
1992-02-18	0.310582
1992-02-19	0.309224
1992-02-20	0.329165
1992-02-21	0.320720
1992-02-24	0.311072
1992-02-25	0.309301
1992-02-26	0.335278
1992-02-27	0.334039
1992-02-28	0.329658
1992-03-02	0.331793
1992-03-03	0.329098
1992-03-04	0.317379
1992-03-05	0.305957
1992-03-06	0.293642
1992-03-09	0.294454
1992-03-10	0.312998
1992-03-11	0.298420
1992-03-12	0.297824
1992-03-13	0.302179
1992-03-16	0.307020
1992-03-17	0.319645
1992-03-18	0.318796
1992-03-19	0.318564
1992-03-20	0.313839
1992-03-23	0.308762
1992-03-24	0.303002
1992-03-25	0.304922
1992-03-26	0.293088
1992-03-27	0.269126
1992-03-30	0.264449
1992-03-31	0.266153
1992-04-01	0.268271
1992-04-02	0.252723
1992-04-03	0.249649
1992-04-06	0.268959
1992-04-07	0.240113
1992-04-08	0.235250
1992-04-09	0.254951
1992-04-10	0.239254
1992-04-13	0.248788
1992-04-14	0.256772
1992-04-15	0.270018
1992-04-16	0.253018
1992-04-20	0.225989
1992-04-21	0.221017
1992-04-22	0.229495
1992-04-23	0.224985
1992-04-24	0.216837
1992-04-27	0.207903
1992-04-28	0.197429
1992-04-29	0.214200
1992-04-30	0.224546
1992-05-01	0.223687
1992-05-04	0.230742
1992-05-05	0.239759
1992-05-06	0.240507
1992-05-07	0.235040
1992-05-08	0.231731
1992-05-11	0.233132
1992-05-12	0.228944
1992-05-13	0.226070
1992-05-14	0.216816
1992-05-15	0.213533
1992-05-18	0.216815
1992-05-19	0.220718
1992-05-20	0.227487
1992-05-21	0.223921
1992-05-22	0.224865
1992-05-26	0.219412
1992-05-27	0.224087
1992-05-28	0.232592
1992-05-29	0.239990
1992-06-01	0.248387
1992-06-02	0.244292
1992-06-03	0.244517
1992-06-04	0.241251
1992-06-05	0.235071
1992-06-08	0.228266
1992-06-09	0.216385
1992-06-10	0.211567
1992-06-11	0.211499
1992-06-12	0.214703
1992-06-15	0.214168
1992-06-16	0.204299
1992-06-17	0.192393
1992-06-18	0.189497
1992-06-19	0.199084
1992-06-22	0.195810
1992-06-23	0.200173
1992-06-24	0.195808
1992-06-25	0.187766
1992-06-26	0.185384
1992-06-29	0.206013
1992-06-30	0.206891
1992-07-01	0.216766
1992-07-02	0.205796
1992-07-06	0.208911
1992-07-07	0.196181
1992-07-08	0.198739
1992-07-09	0.208001
1992-07-10	0.209318
1992-07-13	0.213751
1992-07-14	0.222702
1992-07-15	0.223000
1992-07-16	0.227070
1992-07-17	0.214492
1992-07-20	0.203746
1992-07-21	0.213202
1992-07-22	0.204947
1992-07-23	0.207637
1992-07-24	0.209537
1992-07-27	0.206238
1992-07-28	0.216298
1992-07-29	0.223369
1992-07-30	0.225146
1992-07-31	0.225042
1992-08-03	0.229054
1992-08-04	0.225357
1992-08-05	0.215583
1992-08-06	0.211295
1992-08-07	0.208688
1992-08-10	0.210562
1992-08-11	0.206975
1992-08-12	0.203768
1992-08-13	0.204403
1992-08-14	0.206332
1992-08-17	0.202538
1992-08-18	0.202635
1992-08-19	0.198320
1992-08-20	0.200520
1992-08-21	0.193001
1992-08-24	0.183245
1992-08-25	0.185823
1992-08-26	0.193672
1992-08-27	0.200043
1992-08-28	0.199377
1992-08-31	0.199613
1992-09-01	0.205021
1992-09-02	0.214365
1992-09-03	0.217716
1992-09-04	0.213938
1992-09-08	0.212614
1992-09-09	0.221401
1992-09-10	0.231723
1992-09-11	0.232534
1992-09-14	0.253411
1992-09-15	0.242280
1992-09-16	0.238991
1992-09-17	0.240752
1992-09-18	0.242261
1992-09-21	0.240756
1992-09-22	0.229472
1992-09-23	0.232828
1992-09-24	0.236615
1992-09-25	0.220257
1992-09-28	0.215224
1992-09-29	0.221039
1992-09-30	0.226434
1992-10-01	0.217416
1992-10-02	0.207597
1992-10-05	0.206139
1992-10-06	0.214829
1992-10-07	0.209414
1992-10-08	0.215509
1992-10-09	0.209790
1992-10-12	0.214872
1992-10-13	0.219093
1992-10-14	0.217922
1992-10-15	0.223291
1992-10-16	0.232395
1992-10-19	0.246481
1992-10-20	0.247826
1992-10-21	0.253993
1992-10-22	0.254033
1992-10-23	0.252483
1992-10-26	0.256491
1992-10-27	0.248841
1992-10-28	0.255160
1992-10-29	0.265487
1992-10-30	0.260813
1992-11-02	0.263587
1992-11-03	0.253119
1992-11-04	0.257282
1992-11-05	0.277821
1992-11-06	0.281900
1992-11-09	0.287982
1992-11-10	0.297613
1992-11-11	0.306574
1992-11-12	0.303763
1992-11-13	0.308181
1992-11-16	0.297918
1992-11-17	0.281299
1992-11-18	0.296448
1992-11-19	0.302742
1992-11-20	0.308089
1992-11-23	0.293850
1992-11-24	0.310603
1992-11-25	0.309742
1992-11-27	0.308802
1992-11-30	0.313142
1992-12-01	0.317697
1992-12-02	0.314701
1992-12-03	0.323325
1992-12-04	0.333171
1992-12-07	0.342726
1992-12-08	0.339121
1992-12-09	0.331308
1992-12-10	0.322229
1992-12-11	0.312226
1992-12-14	0.308226
1992-12-15	0.301693
1992-12-16	0.306902
1992-12-17	0.327710
1992-12-18	0.330579
1992-12-21	0.334545
1992-12-22	0.324201
1992-12-23	0.326515
1992-12-24	0.329418
1992-12-28	0.333553
1992-12-29	0.335605
1992-12-30	0.335930
1992-12-31	0.336606
1993-01-04	0.325886
1993-01-05	0.336465
1993-01-06	0.355312
1993-01-07	0.346703
1993-01-08	0.351035
1993-01-11	0.366178
1993-01-12	0.357559
1993-01-13	0.380698
1993-01-14	0.397353
1993-01-15	0.390743
1993-01-18	0.389231
1993-01-19	0.380771
1993-01-20	0.379862
1993-01-21	0.390783
1993-01-22	0.386057
1993-01-25	0.395946
1993-01-26	0.390680
1993-01-27	0.369752
1993-01-28	0.363934
1993-01-29	0.363599
1993-02-01	0.378040
1993-02-02	0.383948
1993-02-03	0.381158
1993-02-04	0.374176
1993-02-05	0.358416
1993-02-08	0.348847
1993-02-09	0.340881
1993-02-10	0.353112
1993-02-11	0.350274
1993-02-12	0.335519
1993-02-16	0.295643
1993-02-17	0.293116
1993-02-18	0.299120
1993-02-19	0.298157
1993-02-22	0.278686
1993-02-23	0.280852
1993-02-24	0.302770
1993-02-25	0.306743
1993-02-26	0.305347
1993-03-01	0.299989
1993-03-02	0.318310
1993-03-03	0.328340
1993-03-04	0.316193
1993-03-05	0.316263
1993-03-08	0.326580
1993-03-09	0.326447
1993-03-10	0.331492
1993-03-11	0.332775
1993-03-12	0.335276
1993-03-15	0.339870
1993-03-16	0.337872
1993-03-17	0.315672
1993-03-18	0.315236
1993-03-19	0.304718
1993-03-22	0.299131
1993-03-23	0.295822
1993-03-24	0.296744
1993-03-25	0.311716
1993-03-26	0.307128
1993-03-29	0.303866
1993-03-30	0.320226
1993-03-31	0.324768
1993-04-01	0.310960
1993-04-02	0.276303
1993-04-05	0.284847
1993-04-06	0.274539
1993-04-07	0.285716
1993-04-08	0.276694
1993-04-12	0.294767
1993-04-13	0.286802
1993-04-14	0.288323
1993-04-15	0.281824
1993-04-16	0.273826
1993-04-19	0.266101
1993-04-20	0.269878
1993-04-21	0.272569
1993-04-22	0.268427
1993-04-23	0.256940
1993-04-26	0.242182
1993-04-27	0.258414
1993-04-28	0.270119
1993-04-29	0.268477
1993-04-30	0.270750
1993-05-03	0.282737
1993-05-04	0.303149
1993-05-05	0.308443
1993-05-06	0.298968
1993-05-07	0.302809
1993-05-10	0.306941
1993-05-11	0.302143
1993-05-12	0.296870
1993-05-13	0.288601
1993-05-14	0.293784
1993-05-17	0.300994
1993-05-18	0.309498
1993-05-19	0.332101
1993-05-20	0.347868
1993-05-21	0.337180
1993-05-24	0.338314
1993-05-25	0.335884
1993-05-26	0.358215
1993-05-27	0.353553
1993-05-28	0.340380
1993-06-01	0.352617
1993-06-02	0.353031
1993-06-03	0.351229
1993-06-04	0.341475
1993-06-07	0.329584
1993-06-08	0.319750
1993-06-09	0.318423
1993-06-10	0.316544
1993-06-11	0.325831
1993-06-14	0.336765
1993-06-15	0.336272
1993-06-16	0.330860
1993-06-17	0.328103
1993-06-18	0.311719
1993-06-21	0.311448
1993-06-22	0.307078
1993-06-23	0.303784
1993-06-24	0.311183
1993-06-25	0.322639
1993-06-28	0.339250
1993-06-29	0.332347
1993-06-30	0.332772
1993-07-01	0.326218
1993-07-02	0.327499
1993-07-06	0.318249
1993-07-07	0.310472
1993-07-08	0.317828
1993-07-09	0.322458
1993-07-12	0.323528
1993-07-13	0.321124
1993-07-14	0.325785
1993-07-15	0.316961
1993-07-16	0.292155
1993-07-19	0.287115
1993-07-20	0.303627
1993-07-21	0.295604
1993-07-22	0.284806
1993-07-23	0.296694
1993-07-26	0.304736
1993-07-27	0.293453
1993-07-28	0.305424
1993-07-29	0.306737
1993-07-30	0.295216
1993-08-02	0.301180
1993-08-03	0.303651
1993-08-04	0.313563
1993-08-05	0.319536
1993-08-06	0.321456
1993-08-09	0.319176
1993-08-10	0.309506
1993-08-11	0.312305
1993-08-12	0.311423
1993-08-13	0.314129
1993-08-16	0.340630
1993-08-17	0.350421
1993-08-18	0.355046
1993-08-19	0.339290
1993-08-20	0.340928
1993-08-23	0.339855
1993-08-24	0.341234
1993-08-25	0.332807
1993-08-26	0.323869
1993-08-27	0.328721
1993-08-30	0.336245
1993-08-31	0.345357
1993-09-01	0.349530
1993-09-02	0.350640
1993-09-03	0.348199
1993-09-07	0.328537
1993-09-08	0.323580
1993-09-09	0.332749
1993-09-10	0.339054
1993-09-13	0.330673
1993-09-14	0.321486
1993-09-15	0.329739
1993-09-16	0.325459
1993-09-17	0.326624
1993-09-20	0.329998
1993-09-21	0.325098
1993-09-22	0.347359
1993-09-23	0.355874
1993-09-24	0.358609
1993-09-27	0.371289
1993-09-28	0.381498
1993-09-29	0.384049
1993-09-30	0.371588
1993-10-01	0.371838
1993-10-04	0.376138
1993-10-05	0.367243
1993-10-06	0.364745
1993-10-07	0.357743
1993-10-08	0.367144
1993-10-11	0.365210
1993-10-12	0.370681
1993-10-13	0.381511
1993-10-14	0.398327
1993-10-15	0.399715
1993-10-18	0.391742
1993-10-19	0.370250
1993-10-20	0.373705
1993-10-21	0.383679
1993-10-22	0.386132
1993-10-25	0.383762
1993-10-26	0.375398
1993-10-27	0.391915
1993-10-28	0.388858
1993-10-29	0.394045
1993-11-01	0.406246
1993-11-02	0.407111
1993-11-03	0.384250
1993-11-04	0.353125
1993-11-05	0.370415
1993-11-08	0.373908
1993-11-09	0.376985
1993-11-10	0.397676
1993-11-11	0.402732
1993-11-12	0.404279
1993-11-15	0.391805
1993-11-16	0.398553
1993-11-17	0.375484
1993-11-18	0.363617
1993-11-19	0.360233
1993-11-22	0.339775
1993-11-23	0.361181
1993-11-24	0.371998
1993-11-26	0.375681
1993-11-29	0.366522
1993-11-30	0.376754
1993-12-01	0.394801
1993-12-02	0.404478
1993-12-03	0.421632
1993-12-06	0.412880
1993-12-07	0.406579
1993-12-08	0.399867
1993-12-09	0.376867
1993-12-10	0.375993
1993-12-13	0.378356
1993-12-14	0.363839
1993-12-15	0.369843
1993-12-16	0.373375
1993-12-17	0.381629
1993-12-20	0.383617
1993-12-21	0.380016
1993-12-22	0.379680
1993-12-23	0.385268
1993-12-27	0.389741
1993-12-28	0.398366
1993-12-29	0.400275
1993-12-30	0.407368
1993-12-31	0.409043
1994-01-03	0.400540
1994-01-04	0.408592
1994-01-05	0.417428
1994-01-06	0.427202
1994-01-07	0.428978
1994-01-10	0.442077
1994-01-11	0.438607
1994-01-12	0.440575
1994-01-13	0.439022
1994-01-14	0.451096
1994-01-17	0.447908
1994-01-18	0.448398
1994-01-19	0.433406
1994-01-20	0.449852
1994-01-21	0.450016
1994-01-24	0.442242
1994-01-25	0.433294
1994-01-26	0.435533
1994-01-27	0.444293
1994-01-28	0.452682
1994-01-31	0.457489
1994-02-01	0.444957
1994-02-02	0.450001
1994-02-03	0.444296
1994-02-04	0.403404
1994-02-07	0.409890
1994-02-08	0.415522
1994-02-09	0.423100
1994-02-10	0.414898
1994-02-11	0.416481
1994-02-14	0.426649
1994-02-15	0.436633
1994-02-16	0.438077
1994-02-17	0.433705
1994-02-18	0.435430
1994-02-22	0.443531
1994-02-23	0.438410
1994-02-24	0.418693
1994-02-25	0.430076
1994-02-28	0.448202
1994-03-01	0.440079
1994-03-02	0.435181
1994-03-03	0.435117
1994-03-04	0.447302
1994-03-07	0.458050
1994-03-08	0.446999
1994-03-09	0.450579
1994-03-10	0.439715
1994-03-11	0.438588
1994-03-14	0.449804
1994-03-15	0.449444
1994-03-16	0.457511
1994-03-17	0.467855
1994-03-18	0.464701
1994-03-21	0.449542
1994-03-22	0.441933
1994-03-23	0.441352
1994-03-24	0.420096
1994-03-25	0.407398
1994-03-28	0.389212
1994-03-29	0.356815
1994-03-30	0.349103
1994-03-31	0.356542
1994-04-04	0.335456
1994-04-05	0.372666
1994-04-06	0.371059
1994-04-07	0.377360
1994-04-08	0.359756
1994-04-11	0.356786
1994-04-12	0.333365
1994-04-13	0.311472
1994-04-14	0.307378
1994-04-15	0.308970
1994-04-18	0.294194
1994-04-19	0.286582
1994-04-20	0.281798
1994-04-21	0.309467
1994-04-22	0.314655
1994-04-25	0.329236
1994-04-26	0.330978
1994-04-28	0.322994
1994-04-29	0.325051
1994-05-02	0.342192
1994-05-03	0.334735
1994-05-04	0.335935
1994-05-05	0.337779
1994-05-06	0.327949
1994-05-09	0.310668
1994-05-10	0.315761
1994-05-11	0.303347
1994-05-12	0.306964
1994-05-13	0.302370
1994-05-16	0.291582
1994-05-17	0.291585
1994-05-18	0.311194
1994-05-19	0.319073
1994-05-20	0.315599
1994-05-23	0.314349
1994-05-24	0.332454
1994-05-25	0.335710
1994-05-26	0.329188
1994-05-27	0.331818
1994-05-31	0.337183
1994-06-01	0.338173
1994-06-02	0.341974
1994-06-03	0.347663
1994-06-06	0.347692
1994-06-07	0.340010
1994-06-08	0.315853
1994-06-09	0.314042
1994-06-10	0.325061
1994-06-13	0.317853
1994-06-14	0.331932
1994-06-15	0.332964
1994-06-16	0.332992
1994-06-17	0.317473
1994-06-20	0.306925
1994-06-21	0.289756
1994-06-22	0.295153
1994-06-23	0.271387
1994-06-24	0.267383
1994-06-27	0.288799
1994-06-28	0.290913
1994-06-29	0.292531
1994-06-30	0.286631
1994-07-01	0.285965
1994-07-05	0.278510
1994-07-06	0.270788
1994-07-07	0.283656
1994-07-08	0.283824
1994-07-11	0.282571
1994-07-12	0.288505
1994-07-13	0.307240
1994-07-14	0.303173
1994-07-15	0.302458
1994-07-18	0.304758
1994-07-19	0.296144
1994-07-20	0.283480
1994-07-21	0.289799
1994-07-22	0.296618
1994-07-25	0.299156
1994-07-26	0.293986
1994-07-27	0.288634
1994-07-28	0.289403
1994-07-29	0.308610
1994-08-01	0.317141
1994-08-02	0.315080
1994-08-03	0.309225
1994-08-04	0.301866
1994-08-05	0.300859
1994-08-08	0.305114
1994-08-09	0.309484
1994-08-10	0.317652
1994-08-11	0.319056
1994-08-12	0.325346
1994-08-15	0.325633
1994-08-16	0.334547
1994-08-17	0.351323
1994-08-18	0.347838
1994-08-19	0.343726
1994-08-22	0.340185
1994-08-23	0.350637
1994-08-24	0.355235
1994-08-25	0.363577
1994-08-26	0.385199
1994-08-29	0.382797
1994-08-30	0.392281
1994-08-31	0.381003
1994-09-01	0.362907
1994-09-02	0.362324
1994-09-06	0.368629
1994-09-07	0.378041
1994-09-08	0.388582
1994-09-09	0.371362
1994-09-12	0.362390
1994-09-13	0.376298
1994-09-14	0.379401
1994-09-15	0.406012
1994-09-16	0.398113
1994-09-19	0.396342
1994-09-20	0.375617
1994-09-21	0.366673
1994-09-22	0.366200
1994-09-23	0.356821
1994-09-26	0.353229
1994-09-27	0.354375
1994-09-28	0.361558
1994-09-29	0.359456
1994-09-30	0.366679
1994-10-03	0.363496
1994-10-04	0.335674
1994-10-05	0.346912
1994-10-06	0.335753
1994-10-07	0.347594
1994-10-10	0.362348
1994-10-11	0.382908
1994-10-12	0.381617
1994-10-13	0.381618
1994-10-14	0.378555
1994-10-17	0.372975
1994-10-18	0.376190
1994-10-19	0.392410
1994-10-20	0.390224
1994-10-21	0.383020
1994-10-24	0.378029
1994-10-25	0.377120
1994-10-26	0.392282
1994-10-27	0.397470
1994-10-28	0.415726
1994-10-31	0.419360
1994-11-01	0.410222
1994-11-02	0.406741
1994-11-03	0.404503
1994-11-04	0.384524
1994-11-07	0.380847
1994-11-08	0.401518
1994-11-09	0.404090
1994-11-10	0.397529
1994-11-11	0.393565
1994-11-14	0.415092
1994-11-15	0.413883
1994-11-16	0.416688
1994-11-17	0.411387
1994-11-18	0.415711
1994-11-21	0.406156
1994-11-22	0.372336
1994-11-23	0.370175
1994-11-25	0.381333
1994-11-28	0.388862
1994-11-29	0.404087
1994-11-30	0.391375
1994-12-01	0.370579
1994-12-02	0.382797
1994-12-05	0.384683
1994-12-06	0.376832
1994-12-07	0.364849
1994-12-08	0.338686
1994-12-09	0.344789
1994-12-12	0.345430
1994-12-13	0.341807
1994-12-14	0.352684
1994-12-15	0.358196
1994-12-16	0.353557
1994-12-19	0.349229
1994-12-20	0.349714
1994-12-21	0.369000
1994-12-22	0.374538
1994-12-23	0.378305
1994-12-27	0.386425
1994-12-28	0.375580
1994-12-29	0.392583
1994-12-30	0.386642
1995-01-03	0.368624
1995-01-04	0.373181
1995-01-05	0.368588
1995-01-06	0.378479
1995-01-09	0.383936
1995-01-10	0.395440
1995-01-11	0.394043
1995-01-12	0.394653
1995-01-13	0.403809
1995-01-16	0.413135
1995-01-17	0.422813
1995-01-18	0.429993
1995-01-19	0.425562
1995-01-20	0.402004
1995-01-23	0.407150
1995-01-24	0.412191
1995-01-25	0.403999
1995-01-26	0.391078
1995-01-27	0.393128
1995-01-30	0.377141
1995-01-31	0.387309
1995-02-01	0.392240
1995-02-02	0.404035
1995-02-03	0.418717
1995-02-06	0.433145
1995-02-07	0.432002
1995-02-08	0.447655
1995-02-09	0.450052
1995-02-10	0.463760
1995-02-13	0.457267
1995-02-14	0.460561
1995-02-15	0.469143
1995-02-16	0.463804
1995-02-17	0.446977
1995-02-21	0.444299
1995-02-22	0.458040
1995-02-23	0.463833
1995-02-24	0.455374
1995-02-27	0.443638
1995-02-28	0.467889
1995-03-01	0.459092
1995-03-02	0.465083
1995-03-03	0.481210
1995-03-06	0.483026
1995-03-07	0.466022
1995-03-08	0.481809
1995-03-09	0.481807
1995-03-10	0.497449
1995-03-13	0.494237
1995-03-14	0.512532
1995-03-15	0.503192
1995-03-16	0.506933
1995-03-17	0.504365
1995-03-20	0.513429
1995-03-21	0.515185
1995-03-22	0.515147
1995-03-23	0.520951
1995-03-24	0.543930
1995-03-27	0.549945
1995-03-28	0.562248
1995-03-29	0.530453
1995-03-30	0.518265
1995-03-31	0.513823
1995-04-03	0.518405
1995-04-04	0.495377
1995-04-05	0.504758
1995-04-06	0.488579
1995-04-07	0.502171
1995-04-10	0.520286
1995-04-11	0.534038
1995-04-12	0.546899
1995-04-13	0.553860
1995-04-17	0.547049
1995-04-18	0.533975
1995-04-19	0.511431
1995-04-20	0.518086
1995-04-21	0.526114
1995-04-24	0.543805
1995-04-25	0.553381
1995-04-26	0.567552
1995-04-27	0.576004
1995-04-28	0.591633
1995-05-01	0.578322
1995-05-02	0.575786
1995-05-03	0.611191
1995-05-04	0.607942
1995-05-05	0.593279
1995-05-08	0.617759
1995-05-09	0.614682
1995-05-10	0.602550
1995-05-11	0.628080
1995-05-12	0.642257
1995-05-15	0.654771
1995-05-16	0.673706
1995-05-17	0.688681
1995-05-18	0.660773
1995-05-19	0.668240
1995-05-22	0.689553
1995-05-23	0.723055
1995-05-24	0.711706
1995-05-25	0.716603
1995-05-26	0.692552
1995-05-30	0.633949
1995-05-31	0.657652
1995-06-01	0.669164
1995-06-02	0.676026
1995-06-05	0.709569
1995-06-06	0.685331
1995-06-07	0.693711
1995-06-08	0.709191
1995-06-09	0.707227
1995-06-12	0.712603
1995-06-13	0.728019
1995-06-14	0.731294
1995-06-15	0.756817
1995-06-16	0.781506
1995-06-19	0.840156
1995-06-20	0.882948
1995-06-21	0.863099
1995-06-22	0.913997
1995-06-23	0.906901
1995-06-26	0.866023
1995-06-27	0.824071
1995-06-28	0.837172
1995-06-29	0.863425
1995-06-30	0.872154
1995-07-03	0.876662
1995-07-05	0.898166
1995-07-06	0.950067
1995-07-07	1.020446
1995-07-10	1.052735
1995-07-11	0.999907
1995-07-12	1.083500
1995-07-13	1.103270
1995-07-14	1.140643
1995-07-17	1.181517
1995-07-18	1.071872
1995-07-19	0.897577
1995-07-20	0.913310
1995-07-21	0.900548
1995-07-24	0.973771
1995-07-25	1.025985
1995-07-26	1.048106
1995-07-27	1.088421
1995-07-28	1.032062
1995-07-31	1.003407
1995-08-01	0.952165
1995-08-02	0.913019
1995-08-03	0.920401
1995-08-04	0.957878
1995-08-07	0.973546
1995-08-08	0.984149
1995-08-09	1.035119
1995-08-10	1.004070
1995-08-11	1.035137
1995-08-14	1.084099
1995-08-15	1.080238
1995-08-16	1.148852
1995-08-17	1.147901
1995-08-18	1.143428
1995-08-21	1.047553
1995-08-22	1.103719
1995-08-23	1.115270
1995-08-24	1.069017
1995-08-25	1.052111
1995-08-28	0.975588
1995-08-29	0.979498
1995-08-30	1.010584
1995-08-31	1.031363
1995-09-01	1.012190
1995-09-05	1.129455
1995-09-06	1.122315
1995-09-07	1.150682
1995-09-08	1.180156
1995-09-11	1.212177
1995-09-12	1.189664
1995-09-13	1.199648
1995-09-14	1.178359
1995-09-15	1.089855
1995-09-18	1.101544
1995-09-19	1.156752
1995-09-20	1.169197
1995-09-21	1.120614
1995-09-22	1.108042
1995-09-25	1.081543
1995-09-26	1.041950
1995-09-27	1.017384
1995-09-28	1.119116
1995-09-29	1.060620
1995-10-02	0.999578
1995-10-03	0.995795
1995-10-04	0.921867
1995-10-05	0.989877
1995-10-06	0.962169
1995-10-09	0.857865
1995-10-10	0.875825
1995-10-11	0.940498
1995-10-12	0.984277
1995-10-13	0.968233
1995-10-16	0.960314
1995-10-17	1.066520
1995-10-18	1.112799
1995-10-19	1.131085
1995-10-20	1.078066
1995-10-23	1.085583
1995-10-24	1.090773
1995-10-25	1.036176
1995-10-26	1.026205
1995-10-27	1.084588
1995-10-30	1.158900
1995-10-31	1.111169
1995-11-01	1.122946
1995-11-02	1.200118
1995-11-03	1.241148
1995-11-06	1.205182
1995-11-07	1.090648
1995-11-08	1.104233
1995-11-09	1.205018
1995-11-10	1.185359
1995-11-13	1.154615
1995-11-14	1.059781
1995-11-15	1.069376
1995-11-16	1.059676
1995-11-17	1.044071
1995-11-20	0.952817
1995-11-21	0.965498
1995-11-22	0.939299
1995-11-24	0.985185
1995-11-27	0.962575
1995-11-28	1.083718
1995-11-29	1.092229
1995-11-30	1.060124
1995-12-01	1.024157
1995-12-04	1.081552
1995-12-05	1.044740
1995-12-06	1.038037
1995-12-07	1.022918
1995-12-08	1.086871
1995-12-11	1.069002
1995-12-12	1.009369
1995-12-13	1.022235
1995-12-14	0.911244
1995-12-15	0.896648
1995-12-18	0.823803
1995-12-19	0.945366
1995-12-20	0.896665
1995-12-21	0.970899
1995-12-22	0.992996
1995-12-26	0.992466
1995-12-27	0.968374
1995-12-28	0.926206
1995-12-29	0.946882
1996-01-02	0.994680
1996-01-03	0.925092
1996-01-04	0.882301
1996-01-05	0.890034
1996-01-08	0.880567
1996-01-09	0.745732
1996-01-10	0.749320
1996-01-11	0.832877
1996-01-12	0.821611
1996-01-15	0.740075
1996-01-16	0.788252
1996-01-17	0.785856
1996-01-18	0.823874
1996-01-19	0.869829
1996-01-22	0.900313
1996-01-23	0.881808
1996-01-24	0.950706
1996-01-25	0.902231
1996-01-26	0.924820
1996-01-29	0.920810
1996-01-30	0.957944
1996-01-31	0.996406
1996-02-01	1.047145
1996-02-02	1.044668
1996-02-05	1.117806
1996-02-06	1.138048
1996-02-07	1.115193
1996-02-08	1.162597
1996-02-09	1.158095
1996-02-12	1.170725
1996-02-13	1.132726
1996-02-14	1.127424
1996-02-15	1.141799
1996-02-16	1.135144
1996-02-20	1.122904
1996-02-21	1.179893
1996-02-22	1.270826
1996-02-23	1.265875
1996-02-26	1.238183
1996-02-27	1.198380
1996-02-28	1.200230
1996-02-29	1.151045
1996-03-01	1.050776
1996-03-04	1.033707
1996-03-05	1.107769
1996-03-06	1.064304
1996-03-07	1.073209
1996-03-08	0.978900
1996-03-11	1.047170
1996-03-12	1.013576
1996-03-13	1.093351
1996-03-14	1.070915
1996-03-15	1.129507
1996-03-18	1.192376
1996-03-19	1.170428
1996-03-20	1.091514
1996-03-21	1.071476
1996-03-22	1.078599
1996-03-25	0.999008
1996-03-26	1.020292
1996-03-27	1.050619
1996-03-28	1.050646
1996-03-29	1.058914
1996-04-01	1.076031
1996-04-02	1.090803
1996-04-03	1.105390
1996-04-04	1.102254
1996-04-08	1.062631
1996-04-09	1.064903
1996-04-10	1.054630
1996-04-11	1.028374
1996-04-12	1.033304
1996-04-15	1.064123
1996-04-16	1.141676
1996-04-17	1.112975
1996-04-18	1.181371
1996-04-19	1.178879
1996-04-22	1.241814
1996-04-23	1.300703
1996-04-24	1.357366
1996-04-25	1.373641
1996-04-26	1.373356
1996-04-29	1.375418
1996-04-30	1.373648
1996-05-01	1.414526
1996-05-02	1.309619
1996-05-03	1.335487
1996-05-06	1.346662
1996-05-07	1.333706
1996-05-08	1.350017
1996-05-09	1.343875
1996-05-10	1.404628
1996-05-13	1.504650
1996-05-14	1.549843
1996-05-15	1.514495
1996-05-16	1.547893
1996-05-17	1.518125
1996-05-20	1.534232
1996-05-21	1.498202
1996-05-22	1.501818
1996-05-23	1.525661
1996-05-24	1.504519
1996-05-28	1.479251
1996-05-29	1.427450
1996-05-30	1.471302
1996-05-31	1.525075
1996-06-03	1.504214
1996-06-04	1.525972
1996-06-05	1.570543
1996-06-06	1.487292
1996-06-07	1.516085
1996-06-10	1.498740
1996-06-11	1.512338
1996-06-12	1.553071
1996-06-13	1.517403
1996-06-14	1.446822
1996-06-17	1.429575
1996-06-18	1.351274
1996-06-19	1.361217
1996-06-20	1.341119
1996-06-21	1.389947
1996-06-24	1.418615
1996-06-25	1.361131
1996-06-26	1.309993
1996-06-27	1.378168
1996-06-28	1.415953
1996-07-01	1.477125
1996-07-02	1.432514
1996-07-03	1.392415
1996-07-05	1.292134
1996-07-08	1.282138
1996-07-09	1.309954
1996-07-10	1.290173
1996-07-11	1.162504
1996-07-12	1.158469
1996-07-15	1.004222
1996-07-16	1.040685
1996-07-17	1.127269
1996-07-18	1.193827
1996-07-19	1.134265
1996-07-22	1.085698
1996-07-23	0.951531
1996-07-24	0.983474
1996-07-25	1.058205
1996-07-26	1.124650
1996-07-29	1.055959
1996-07-30	1.105964
1996-07-31	1.135835
1996-08-01	1.216438
1996-08-02	1.310346
1996-08-05	1.270107
1996-08-06	1.331519
1996-08-07	1.394936
1996-08-08	1.365090
1996-08-09	1.369766
1996-08-12	1.376209
1996-08-13	1.313576
1996-08-14	1.361009
1996-08-15	1.360428
1996-08-16	1.331335
1996-08-19	1.319178
1996-08-20	1.275506
1996-08-21	1.301678
1996-08-22	1.384725
1996-08-23	1.359880
1996-08-26	1.331783
1996-08-27	1.368082
1996-08-28	1.371729
1996-08-29	1.319740
1996-08-30	1.275220
1996-09-03	1.308104
1996-09-04	1.307481
1996-09-05	1.208446
1996-09-06	1.274493
1996-09-09	1.319069
1996-09-10	1.317029
1996-09-11	1.337346
1996-09-12	1.399825
1996-09-13	1.535755
1996-09-16	1.544494
1996-09-17	1.631143
1996-09-18	1.665769
1996-09-19	1.728351
1996-09-20	1.775096
1996-09-23	1.703262
1996-09-24	1.725433
1996-09-25	1.789114
1996-09-26	1.781209
1996-09-27	1.781940
1996-09-30	1.730415
1996-10-01	1.708681
1996-10-02	1.799631
1996-10-03	1.768661
1996-10-04	1.881608
1996-10-07	1.923856
1996-10-08	1.836329
1996-10-09	1.841534
1996-10-10	1.822861
1996-10-11	1.926068
1996-10-14	1.973850
1996-10-15	1.997408
1996-10-16	1.939743
1996-10-17	1.849846
1996-10-18	1.857274
1996-10-21	1.779469
1996-10-22	1.710380
1996-10-23	1.801226
1996-10-24	1.791796
1996-10-25	1.756759
1996-10-28	1.743093
1996-10-29	1.669424
1996-10-30	1.704576
1996-10-31	1.812996
1996-11-01	1.838323
1996-11-04	1.843444
1996-11-05	1.943352
1996-11-06	2.071865
1996-11-07	2.139011
1996-11-08	2.164994
1996-11-11	2.214118
1996-11-12	2.126214
1996-11-13	2.163089
1996-11-14	2.252710
1996-11-15	2.166499
1996-11-18	2.116340
1996-11-19	2.216149
1996-11-20	2.237522
1996-11-21	2.171594
1996-11-22	2.317118
1996-11-25	2.341327
1996-11-26	2.377677
1996-11-27	2.436779
1996-11-29	2.451004
1996-12-02	2.544456
1996-12-03	2.483538
1996-12-04	2.454369
1996-12-05	2.464335
1996-12-06	2.388173
1996-12-09	2.642894
1996-12-10	2.571618
1996-12-11	2.638859
1996-12-12	2.518399
1996-12-13	2.384556
1996-12-16	2.179992
1996-12-17	2.269304
1996-12-18	2.442301
1996-12-19	2.505097
1996-12-20	2.418692
1996-12-23	2.337955
1996-12-24	2.428010
1996-12-26	2.493924
1996-12-27	2.427000
1996-12-30	2.348649
1996-12-31	2.304743
1997-01-02	2.256087
1997-01-03	2.526205
1997-01-06	2.571412
1997-01-07	2.673387
1997-01-08	2.566881
1997-01-09	2.601537
1997-01-10	2.679944
1997-01-13	2.668603
1997-01-14	2.825860
1997-01-15	2.661273
1997-01-16	2.747356
1997-01-17	2.839706
1997-01-20	2.997068
1997-01-21	3.136246
1997-01-22	3.257420
1997-01-23	3.122242
1997-01-24	2.974546
1997-01-27	2.889401
1997-01-28	2.898639
1997-01-29	2.914730
1997-01-30	3.103126
1997-01-31	3.203374
1997-02-03	3.166225
1997-02-04	3.148300
1997-02-05	2.850076
1997-02-06	2.831850
1997-02-07	2.969027
1997-02-10	2.693829
1997-02-11	2.690389
1997-02-12	2.956760
1997-02-13	3.025890
1997-02-14	2.949350
1997-02-18	2.925735
1997-02-19	2.926695
1997-02-20	2.756582
1997-02-21	2.606069
1997-02-24	2.750433
1997-02-25	2.766917
1997-02-26	2.754481
1997-02-27	2.452542
1997-02-28	2.468664
1997-03-03	2.517424
1997-03-04	2.569818
1997-03-05	2.659332
1997-03-06	2.471048
1997-03-07	2.379630
1997-03-10	2.496679
1997-03-11	2.440946
1997-03-12	2.361541
1997-03-13	2.371329
1997-03-14	2.358291
1997-03-17	2.301282
1997-03-18	2.262374
1997-03-19	2.132875
1997-03-20	2.210988
1997-03-21	2.138179
1997-03-24	2.056255
1997-03-25	2.093162
1997-03-26	2.304533
1997-03-27	2.174773
1997-03-31	2.001852
1997-04-01	1.999671
1997-04-02	1.902627
1997-04-03	2.053573
1997-04-04	2.189168
1997-04-07	2.268147
1997-04-08	2.333793
1997-04-09	2.236729
1997-04-10	2.112682
1997-04-11	1.929733
1997-04-14	2.052855
1997-04-15	1.985608
1997-04-16	1.990539
1997-04-17	2.061723
1997-04-18	2.124402
1997-04-21	2.015507
1997-04-22	2.132749
1997-04-23	2.288154
1997-04-24	2.286184
1997-04-25	2.128993
1997-04-28	2.213262
1997-04-29	2.428212
1997-04-30	2.585253
1997-05-01	2.650498
1997-05-02	2.897020
1997-05-05	3.120418
1997-05-06	2.939666
1997-05-07	2.885375
1997-05-08	2.980551
1997-05-09	2.978097
1997-05-12	3.031927
1997-05-13	2.893298
1997-05-14	2.886890
1997-05-15	3.095220
1997-05-16	2.930173
1997-05-19	2.913441
1997-05-20	3.186276
1997-05-21	3.271475
1997-05-22	3.225495
1997-05-23	3.358016
1997-05-27	3.625934
1997-05-28	3.603463
1997-05-29	3.470518
1997-05-30	3.344859
1997-06-02	3.342941
1997-06-03	3.040584
1997-06-04	2.963351
1997-06-05	3.046542
1997-06-06	3.187548
1997-06-09	3.286181
1997-06-10	3.145718
1997-06-11	3.223899
1997-06-12	3.233855
1997-06-13	3.380675
1997-06-16	3.502313
1997-06-17	3.646098
1997-06-18	3.448817
1997-06-19	3.559320
1997-06-20	3.553187
1997-06-23	3.418789
1997-06-24	3.602274
1997-06-25	3.523131
1997-06-26	3.394645
1997-06-27	3.348812
1997-06-30	3.288999
1997-07-01	3.248973
1997-07-02	3.478649
1997-07-03	3.591637
1997-07-07	3.640743
1997-07-08	3.803257
1997-07-09	3.851644
1997-07-10	3.850677
1997-07-11	3.914215
1997-07-14	4.217549
1997-07-15	4.425390
1997-07-16	4.981804
1997-07-17	4.865227
1997-07-18	4.546789
1997-07-21	4.386745
1997-07-22	4.790388
1997-07-23	4.804794
1997-07-24	4.753230
1997-07-25	4.716322
1997-07-28	4.582882
1997-07-29	4.745458
1997-07-30	4.916012
1997-07-31	4.996695
1997-08-01	5.022192
1997-08-04	5.227525
1997-08-05	5.399166
1997-08-06	5.475881
1997-08-07	5.386136
1997-08-08	5.092772
1997-08-11	4.902761
1997-08-12	4.763492
1997-08-13	4.872145
1997-08-14	4.930436
1997-08-15	4.570316
1997-08-18	4.734004
1997-08-19	5.145948
1997-08-20	5.474519
1997-08-21	5.096186
1997-08-22	4.989082
1997-08-25	4.946143
1997-08-26	4.751016
1997-08-27	4.733460
1997-08-28	4.455840
1997-08-29	4.498969
1997-09-02	4.859294
1997-09-03	4.828401
1997-09-04	4.898866
1997-09-05	4.969347
1997-09-08	5.058473
1997-09-09	5.179065
1997-09-10	4.850769
1997-09-11	4.878255
1997-09-12	4.891274
1997-09-15	4.548904
1997-09-16	5.006245
1997-09-17	4.899748
1997-09-18	4.908142
1997-09-19	5.032424
1997-09-22	5.099129
1997-09-23	5.253821
1997-09-24	4.987376
1997-09-25	4.860973
1997-09-26	4.865099
1997-09-29	5.022325
1997-09-30	4.730927
1997-10-01	4.793968
1997-10-02	4.934296
1997-10-03	5.088238
1997-10-06	5.108095
1997-10-07	5.309290
1997-10-08	5.373131
1997-10-09	5.413131
1997-10-10	5.265081
1997-10-13	5.302318
1997-10-14	5.175706
1997-10-15	5.005705
1997-10-16	4.741114
1997-10-17	4.426902
1997-10-20	4.588770
1997-10-21	4.870530
1997-10-22	4.714393
1997-10-23	4.404337
1997-10-24	4.191185
1997-10-27	3.248939
1997-10-28	3.933678
1997-10-29	3.740516
1997-10-30	3.423569
1997-10-31	3.617504
1997-11-03	3.948259
1997-11-04	3.913024
1997-11-05	3.904895
1997-11-06	3.761942
1997-11-07	3.697825
1997-11-10	3.516534
1997-11-11	3.510229
1997-11-12	3.188726
1997-11-13	3.433768
1997-11-14	3.665110
1997-11-17	3.898581
1997-11-18	3.749106
1997-11-19	3.779329
1997-11-20	4.034047
1997-11-21	3.966549
1997-11-24	3.669272
1997-11-25	3.752775
1997-11-26	3.819526
1997-11-28	3.888048
1997-12-01	4.206652
1997-12-02	3.888749
1997-12-03	3.994364
1997-12-04	3.894065
1997-12-05	4.088085
1997-12-08	4.232743
1997-12-09	3.854273
1997-12-10	3.661840
1997-12-11	3.328460
1997-12-12	3.095097
1997-12-15	3.150764
1997-12-16	3.274691
1997-12-17	3.139696
1997-12-18	2.978018
1997-12-19	3.006726
1997-12-22	3.060167
1997-12-23	2.814358
1997-12-24	2.720080
1997-12-26	2.850934
1997-12-29	3.069999
1997-12-30	3.257357
1997-12-31	3.182443
1998-01-02	3.349871
1998-01-05	3.441229
1998-01-06	3.328042
1998-01-07	3.177982
1998-01-08	3.210068
1998-01-09	2.838395
1998-01-12	2.971589
1998-01-13	3.190577
1998-01-14	3.203041
1998-01-15	3.195189
1998-01-16	3.294029
1998-01-20	3.500199
1998-01-21	3.496263
1998-01-22	3.435824
1998-01-23	3.474354
1998-01-26	3.391996
1998-01-27	3.585576
1998-01-28	3.870288
1998-01-29	3.933346
1998-01-30	3.956570
1998-02-02	4.287174
1998-02-03	4.406833
1998-02-04	4.563311
1998-02-05	4.446343
1998-02-06	4.678852
1998-02-09	4.534968
1998-02-10	4.741488
1998-02-11	4.728912
1998-02-12	4.803187
1998-02-13	4.700755
1998-02-17	4.600416
1998-02-18	4.748165
1998-02-19	4.947737
1998-02-20	4.985614
1998-02-23	5.317989
1998-02-24	5.140907
1998-02-25	5.508735
1998-02-26	5.598921
1998-02-27	5.419826
1998-03-02	5.194218
1998-03-03	5.169094
1998-03-04	5.223453
1998-03-05	4.518624
1998-03-06	4.954747
1998-03-09	4.510417
1998-03-10	4.752803
1998-03-11	4.817751
1998-03-12	4.935143
1998-03-13	5.011402
1998-03-16	5.150927
1998-03-17	4.989760
1998-03-18	5.106290
1998-03-19	5.225005
1998-03-20	5.003538
1998-03-23	5.128322
1998-03-24	5.371017
1998-03-25	5.599443
1998-03-26	5.642177
1998-03-27	5.554211
1998-03-30	5.485045
1998-03-31	5.675837
1998-04-01	5.783531
1998-04-02	5.808109
1998-04-03	5.856976
1998-04-06	5.453615
1998-04-07	5.137774
1998-04-08	5.253834
1998-04-09	5.330731
1998-04-13	5.411445
1998-04-14	5.548027
1998-04-15	5.797875
1998-04-16	5.743352
1998-04-17	5.795147
1998-04-20	6.103390
1998-04-21	6.345354
1998-04-22	6.662734
1998-04-23	6.161806
1998-04-24	6.037394
1998-04-27	5.601006
1998-04-28	5.634339
1998-04-29	5.869810
1998-04-30	5.990986
1998-05-01	6.039653
1998-05-04	6.101319
1998-05-05	5.976256
1998-05-06	5.903659
1998-05-07	5.624216
1998-05-08	6.056427
1998-05-11	5.818804
1998-05-12	6.082836
1998-05-13	6.179268
1998-05-14	6.223875
1998-05-15	5.977739
1998-05-18	5.876979
1998-05-19	6.062295
1998-05-20	5.803446
1998-05-21	5.605392
1998-05-22	5.473472
1998-05-26	5.283595
1998-05-27	5.406568
1998-05-28	5.478189
1998-05-29	5.169885
1998-06-01	4.824465
1998-06-02	5.092334
1998-06-03	4.793795
1998-06-04	5.179056
1998-06-05	5.328305
1998-06-08	5.332155
1998-06-09	5.549908
1998-06-10	5.220586
1998-06-11	5.034767
1998-06-12	5.058360
1998-06-15	4.886422
1998-06-16	5.352361
1998-06-17	5.526743
1998-06-18	5.570360
1998-06-19	5.738517
1998-06-22	6.074437
1998-06-23	6.628508
1998-06-24	7.067299
1998-06-25	6.752058
1998-06-26	6.898920
1998-06-29	7.192509
1998-06-30	7.153812
1998-07-01	7.454991
1998-07-02	7.065079
1998-07-06	7.224417
1998-07-07	7.284264
1998-07-08	7.795350
1998-07-09	7.886095
1998-07-10	8.020468
1998-07-13	8.529612
1998-07-14	8.484858
1998-07-15	9.048746
1998-07-16	9.105016
1998-07-17	9.317776
1998-07-20	9.353757
1998-07-21	8.702218
1998-07-22	8.677698
1998-07-23	8.226130
1998-07-24	8.274681
1998-07-27	8.587241
1998-07-28	7.988975
1998-07-29	7.761327
1998-07-30	8.468857
1998-07-31	7.668013
1998-08-03	7.520134
1998-08-04	6.675491
1998-08-05	6.867479
1998-08-06	7.424214
1998-08-07	7.394319
1998-08-10	7.374428
1998-08-11	6.842267
1998-08-12	7.220319
1998-08-13	6.959635
1998-08-14	6.828867
1998-08-17	7.409832
1998-08-18	7.952924
1998-08-19	7.901603
1998-08-20	7.900008
1998-08-21	7.502285
1998-08-24	7.438708
1998-08-25	7.721893
1998-08-26	7.482724
1998-08-27	6.460773
1998-08-28	5.773254
1998-08-31	4.065554
1998-09-01	4.864436
1998-09-02	4.940705
1998-09-03	4.788901
1998-09-04	4.746365
1998-09-08	5.703552
1998-09-09	5.374615
1998-09-10	5.036863
1998-09-11	5.707155
1998-09-14	5.946004
1998-09-15	6.163187
1998-09-16	6.264108
1998-09-17	5.703884
1998-09-18	5.821492
1998-09-21	6.183596
1998-09-22	6.301767
1998-09-23	7.128439
1998-09-24	6.542319
1998-09-25	7.028442
1998-09-28	6.924178
1998-09-29	6.948301
1998-09-30	6.354607
1998-10-01	5.337674
1998-10-02	5.371228
1998-10-05	4.502816
1998-10-06	4.247010
1998-10-07	3.883774
1998-10-08	3.658681
1998-10-09	4.329200
1998-10-12	4.822532
1998-10-13	4.397483
1998-10-14	4.711643
1998-10-15	5.443286
1998-10-16	5.370641
1998-10-19	5.572721
1998-10-20	5.228551
1998-10-21	5.824924
1998-10-22	6.128065
1998-10-23	5.929693
1998-10-26	6.305186
1998-10-27	6.089305
1998-10-28	6.448188
1998-10-29	6.676776
1998-10-30	6.736825
1998-11-02	6.999982
1998-11-03	6.746960
1998-11-04	7.212444
1998-11-05	7.333232
1998-11-06	7.581367
1998-11-09	7.725700
1998-11-10	7.880689
1998-11-11	7.931798
1998-11-12	7.703505
1998-11-13	7.682140
1998-11-16	7.844846
1998-11-17	8.210307
1998-11-18	8.478279
1998-11-19	8.856439
1998-11-20	8.972788
1998-11-23	9.753771
1998-11-24	9.601508
1998-11-25	9.922411
1998-11-27	10.477931
1998-11-30	9.118352
1998-12-01	10.427006
1998-12-02	10.168719
1998-12-03	9.314267
1998-12-04	10.311963
1998-12-07	11.200943
1998-12-08	11.025187
1998-12-09	11.365812
1998-12-10	10.705038
1998-12-11	11.136600
1998-12-14	9.920674
1998-12-15	10.836179
1998-12-16	10.688846
1998-12-17	11.333740
1998-12-18	12.245914
1998-12-21	13.352447
1998-12-22	12.914880
1998-12-23	14.034753
1998-12-24	13.734665
1998-12-28	14.143183
1998-12-29	14.126333
1998-12-30	13.838483
1998-12-31	14.411501
1999-01-04	14.843262
1999-01-05	16.009458
1999-01-06	17.546559
1999-01-07	17.609606
1999-01-08	17.804715
1999-01-11	18.521140
1999-01-12	16.822475
1999-01-13	17.071882
1999-01-14	15.951293
1999-01-15	17.845585
1999-01-19	19.251579
1999-01-20	19.250174
1999-01-21	17.205631
1999-01-22	17.268837
1999-01-25	18.136642
1999-01-26	19.907243
1999-01-27	18.983697
1999-01-28	21.064447
1999-01-29	21.741502
1999-02-01	21.854591
1999-02-02	20.245692
1999-02-03	21.449494
1999-02-04	18.646872
1999-02-05	17.566514
1999-02-08	18.775287
1999-02-09	16.035998
1999-02-10	16.254821
1999-02-11	18.774403
1999-02-12	16.401851
1999-02-16	16.297399
1999-02-17	14.717242
1999-02-18	15.059787
1999-02-19	15.663105
1999-02-22	17.229335
1999-02-23	18.062171
1999-02-24	17.016519
1999-02-25	16.636730
1999-02-26	15.394075
1999-03-01	15.690871
1999-03-02	14.498397
1999-03-03	14.754119
1999-03-04	15.527011
1999-03-05	16.413625
1999-03-08	18.016737
1999-03-09	17.869800
1999-03-10	17.868495
1999-03-11	18.129634
1999-03-12	16.803397
1999-03-15	18.249629
1999-03-16	18.713408
1999-03-17	18.306689
1999-03-18	19.370455
1999-03-19	17.883446
1999-03-22	17.227486
1999-03-23	15.406634
1999-03-24	16.973776
1999-03-25	18.832843
1999-03-26	18.223954
1999-03-29	20.203459
1999-03-30	19.778162
1999-03-31	18.906215
1999-04-01	20.087158
1999-04-05	22.265520
1999-04-06	22.395543
1999-04-07	21.695414
1999-04-08	22.211269
1999-04-09	22.622565
1999-04-12	22.164949
1999-04-13	21.263703
1999-04-14	19.075025
1999-04-15	19.852457
1999-04-16	18.112609
1999-04-19	15.562632
1999-04-20	16.621960
1999-04-21	19.081728
1999-04-22	20.628400
1999-04-23	21.441636
1999-04-26	22.921023
1999-04-27	21.865519
1999-04-28	19.619746
1999-04-29	19.139766
1999-04-30	19.508202
1999-05-03	19.200352
1999-05-04	18.289447
1999-05-05	19.950790
1999-05-06	17.774786
1999-05-07	18.539352
1999-05-10	19.095831
1999-05-11	19.997917
1999-05-12	21.238423
1999-05-13	20.052304
1999-05-14	18.911255
1999-05-17	19.930668
1999-05-18	19.662842
1999-05-19	20.478848
1999-05-20	18.789236
1999-05-21	18.267999
1999-05-24	16.873875
1999-05-25	15.214930
1999-05-26	16.487299
1999-05-27	16.440831
1999-05-28	17.252637
1999-06-01	16.101220
1999-06-02	16.915979
1999-06-03	16.194365
1999-06-04	17.681627
1999-06-07	18.784142
1999-06-08	17.371500
1999-06-09	18.241920
1999-06-10	17.613583
1999-06-11	16.811450
1999-06-14	15.859067
1999-06-15	16.567565
1999-06-16	19.119241
1999-06-17	19.754361
1999-06-18	20.023205
1999-06-21	21.820101
1999-06-22	19.843578
1999-06-23	20.780768
1999-06-24	19.541300
1999-06-25	19.464578
1999-06-28	20.847934
1999-06-29	21.701746
1999-06-30	22.703991
1999-07-01	23.164063
1999-07-02	24.041995
1999-07-06	23.579861
1999-07-07	23.691742
1999-07-08	24.639724
1999-07-09	25.378687
1999-07-12	24.979227
1999-07-13	24.623385
1999-07-14	25.878082
1999-07-15	26.590821
1999-07-16	27.326764
1999-07-19	26.489949
1999-07-20	23.422038
1999-07-21	23.758693
1999-07-22	21.944681
1999-07-23	22.042017
1999-07-26	20.417006
1999-07-27	21.648750
1999-07-28	22.920114
1999-07-29	21.448759
1999-07-30	21.128987
1999-08-02	20.952451
1999-08-03	20.541977
1999-08-04	19.424220
1999-08-05	20.348945
1999-08-06	19.690853
1999-08-09	18.930348
1999-08-10	18.417183
1999-08-11	20.234178
1999-08-12	19.520142
1999-08-13	22.069131
1999-08-16	22.596850
1999-08-17	22.932370
1999-08-18	22.157691
1999-08-19	21.364721
1999-08-20	22.381093
1999-08-23	24.515022
1999-08-24	25.012733
1999-08-25	26.607521
1999-08-26	25.277182
1999-08-27	24.521030
1999-08-30	23.482596
1999-08-31	24.264058
1999-09-01	24.786316
1999-09-02	24.523591
1999-09-03	27.899094
1999-09-07	27.521335
1999-09-08	26.402474
1999-09-09	27.526914
1999-09-10	28.476006
1999-09-13	27.448345
1999-09-14	27.900236
1999-09-15	26.281998
1999-09-16	26.239961
1999-09-17	28.599247
1999-09-20	28.798298
1999-09-21	26.722228
1999-09-22	27.569670
1999-09-23	24.140359
1999-09-24	24.232932
1999-09-27	24.741652
1999-09-28	25.084882
1999-09-29	23.574091
1999-09-30	24.314457
1999-10-01	24.341110
1999-10-04	25.978490
1999-10-05	26.530423
1999-10-06	28.123159
1999-10-07	27.923070
1999-10-08	28.802690
1999-10-11	30.018175
1999-10-12	27.970284
1999-10-13	25.478316
1999-10-14	25.953681
1999-10-15	23.654514
1999-10-18	22.754649
1999-10-19	23.122855
1999-10-20	25.236499
1999-10-21	26.470731
1999-10-22	26.110026
1999-10-25	26.147582
1999-10-26	25.513138
1999-10-27	25.394532
1999-10-28	28.029056
1999-10-29	30.963677
1999-11-01	30.475766
1999-11-02	30.528140
1999-11-03	32.351685
1999-11-04	33.439880
1999-11-05	34.459145
1999-11-08	36.541275
1999-11-09	35.799918
1999-11-10	37.205937
1999-11-11	39.196423
1999-11-12	40.740792
1999-11-15	40.499688
1999-11-16	43.579720
1999-11-17	41.806746
1999-11-18	45.649171
1999-11-19	46.870896
1999-11-22	44.722121
1999-11-23	45.336797
1999-11-24	49.812329
1999-11-26	50.291175
1999-11-29	47.799252
1999-11-30	42.341289
1999-12-01	45.092591
1999-12-02	49.381724
1999-12-03	52.530187
1999-12-06	53.957837
1999-12-07	53.953897
1999-12-08	51.986115
1999-12-09	52.723800
1999-12-10	54.029826
1999-12-13	56.228581
1999-12-14	53.181730
1999-12-15	56.249638
1999-12-16	60.409000
1999-12-17	61.972742
1999-12-20	64.395259
1999-12-21	74.775475
1999-12-22	74.064599
1999-12-23	76.707123
1999-12-27	75.346560
1999-12-28	73.923323
1999-12-29	82.315950
1999-12-30	79.640255
1999-12-31	79.307984
2000-01-03	88.090087
2000-01-04	69.954369
2000-01-05	64.598506
2000-01-06	51.284465
2000-01-07	70.309758
2000-01-10	76.163895
2000-01-11	65.042548
2000-01-12	60.741628
2000-01-13	71.720904
2000-01-14	76.726389
2000-01-18	77.953329
2000-01-19	83.241469
2000-01-20	80.796564
2000-01-21	83.818638
2000-01-24	71.729466
2000-01-25	74.953523
2000-01-26	65.881110
2000-01-27	68.782793
2000-01-28	58.381999
2000-01-31	65.887777
2000-02-01	71.186092
2000-02-02	72.992509
2000-02-03	81.533985
2000-02-04	83.191529
2000-02-07	86.637201
2000-02-08	97.515551
2000-02-09	87.174960
2000-02-10	95.753924
2000-02-11	89.074665
2000-02-14	88.733674
2000-02-15	90.645326
2000-02-16	89.369945
2000-02-17	95.060750
2000-02-18	84.756561
2000-02-22	85.557591
2000-02-23	99.846925
2000-02-24	106.304635
2000-02-25	98.997722
2000-02-28	98.812318
2000-02-29	106.643344
2000-03-01	109.258030
2000-03-02	101.659998
2000-03-03	118.854027
2000-03-06	121.654518
2000-03-07	116.143831
2000-03-08	119.295500
2000-03-09	131.350386
2000-03-10	129.627699
2000-03-13	119.429118
2000-03-14	106.165402
2000-03-15	92.809679
2000-03-16	108.703491
2000-03-17	114.880422
2000-03-20	105.152909
2000-03-21	117.045843
2000-03-22	124.107136
2000-03-23	130.630005
2000-03-24	135.899219
2000-03-27	136.539656
2000-03-28	126.093371
2000-03-29	110.425443
2000-03-30	102.135415
2000-03-31	108.556153
2000-04-03	89.030491
2000-04-04	86.429292
2000-04-05	81.812800
2000-04-06	87.628555
2000-04-07	98.201891
2000-04-10	80.235152
2000-04-11	74.519480
2000-04-12	61.363613
2000-04-13	53.355248
2000-04-14	39.481910
2000-04-17	53.110426
2000-04-18	57.328767
2000-04-19	52.066893
2000-04-20	48.669822
2000-04-24	44.482530
2000-04-25	53.484076
2000-04-26	47.993206
2000-04-27	54.375031
2000-04-28	60.627962
2000-05-01	62.303209
2000-05-02	51.548373
2000-05-03	49.828666
2000-05-04	50.139453
2000-05-05	53.714674
2000-05-08	47.432520
2000-05-09	44.392726
2000-05-10	34.710893
2000-05-11	41.073892
2000-05-12	41.070893
2000-05-15	46.436713
2000-05-16	50.377033
2000-05-17	47.252981
2000-05-18	42.168962
2000-05-19	36.172447
2000-05-22	36.086786
2000-05-23	27.048613
2000-05-24	32.130988
2000-05-25	30.006742
2000-05-26	30.004551
2000-05-30	39.047183
2000-05-31	35.707205
2000-06-01	41.181476
2000-06-02	50.015721
2000-06-05	50.387647
2000-06-06	46.181482
2000-06-07	49.878962
2000-06-08	49.176603
2000-06-09	49.964022
2000-06-12	45.163779
2000-06-13	50.386151
2000-06-14	46.974379
2000-06-15	49.456651
2000-06-16	50.244412
2000-06-19	56.238058
2000-06-20	55.588332
2000-06-21	57.719523
2000-06-22	51.366914
2000-06-23	45.296247
2000-06-26	49.005729
2000-06-27	47.242626
2000-06-28	48.955945
2000-06-29	45.266026
2000-06-30	47.925457
2000-07-03	50.710878
2000-07-05	44.817500
2000-07-06	48.393555
2000-07-07	51.382468
2000-07-10	49.043920
2000-07-11	49.843184
2000-07-12	53.381113
2000-07-13	55.435513
2000-07-14	59.019434
2000-07-17	60.994605
2000-07-18	56.943819
2000-07-19	53.076663
2000-07-20	58.189296
2000-07-21	52.315512
2000-07-24	49.075620
2000-07-25	50.234338
2000-07-26	50.033992
2000-07-27	44.143957
2000-07-28	36.933575
2000-07-31	40.199102
2000-08-01	38.594981
2000-08-02	36.542100
2000-08-03	41.281819
2000-08-04	40.850847
2000-08-07	43.737412
2000-08-08	46.401167
2000-08-09	42.700399
2000-08-10	40.163279
2000-08-11	41.837229
2000-08-14	44.504660
2000-08-15	44.501411
2000-08-16	45.843994
2000-08-17	48.494241
2000-08-18	47.731046
2000-08-21	48.103386
2000-08-22	48.099874
2000-08-23	50.457353
2000-08-24	52.792848
2000-08-25	51.935427
2000-08-28	52.676563
2000-08-29	53.474979
2000-08-30	53.268465
2000-08-31	57.709286
2000-09-01	59.408606
2000-09-05	53.977221
2000-09-06	48.277223
2000-09-07	51.479618
2000-09-08	46.754074
2000-09-11	43.340898
2000-09-12	41.323909
2000-09-13	44.203941
2000-09-14	43.491552
2000-09-15	41.120910
2000-09-18	39.175861
2000-09-19	43.504719
2000-09-20	45.514804
2000-09-21	35.590778
2000-09-22	41.900258
2000-09-25	38.558121
2000-09-26	37.236746
2000-09-27	37.390152
2000-09-28	39.892255
2000-09-29	36.213306
2000-10-02	33.762426
2000-10-03	30.549114
2000-10-04	32.319846
2000-10-05	32.600572
2000-10-06	29.323871
2000-10-09	28.924307
2000-10-10	24.393144
2000-10-11	23.223300
2000-10-12	21.469986
2000-10-13	26.719815
2000-10-16	27.457831
2000-10-17	23.688728
2000-10-18	23.459906
2000-10-19	29.830736
2000-10-20	31.143647
2000-10-23	31.006106
2000-10-24	27.024022
2000-10-25	22.477163
2000-10-26	24.207303
2000-10-27	24.063468
2000-10-30	21.387443
2000-10-31	25.512773
2000-11-01	24.852262
2000-11-02	25.770894
2000-11-03	26.770755
2000-11-06	26.164510
2000-11-07	25.865028
2000-11-08	19.795511
2000-11-09	19.781843
2000-11-10	16.693004
2000-11-13	16.768138
2000-11-14	19.556146
2000-11-15	20.739180
2000-11-16	17.119191
2000-11-17	17.084911
2000-11-20	14.994323
2000-11-21	14.922821
2000-11-22	12.915959
2000-11-24	15.132301
2000-11-27	14.567263
2000-11-28	11.984538
2000-11-29	10.601818
2000-11-30	10.624738
2000-12-01	11.137919
2000-12-04	11.659206
2000-12-05	14.718899
2000-12-06	13.038996
2000-12-07	12.175176
2000-12-08	12.998164
2000-12-11	16.652976
2000-12-12	14.825504
2000-12-13	13.010852
2000-12-14	11.102186
2000-12-15	10.337179
2000-12-18	10.397098
2000-12-19	8.020448
2000-12-20	6.640026
2000-12-21	6.756814
2000-12-22	8.360785
2000-12-26	8.515630
2000-12-27	8.803535
2000-12-28	8.749266
2000-12-29	7.440241
2001-01-02	5.551759
2001-01-03	8.356448
2001-01-04	7.904139
2001-01-05	6.090688
2001-01-08	6.291925
2001-01-09	6.291466
2001-01-10	7.259446
2001-01-11	7.892144
2001-01-12	8.196178
2001-01-16	7.901617
2001-01-17	8.624089
2001-01-18	9.712014
2001-01-19	9.601877
2001-01-22	9.628316
2001-01-23	10.232801
2001-01-24	9.941845
2001-01-25	8.774750
2001-01-26	9.201367
2001-01-29	9.812655
2001-01-30	9.702089
2001-01-31	8.633065
2001-02-01	8.974804
2001-02-02	7.486374
2001-02-05	7.467604
2001-02-06	7.503468
2001-02-07	7.137494
2001-02-08	6.497423
2001-02-09	5.704533
2001-02-12	5.910448
2001-02-13	5.341542
2001-02-14	5.979245
2001-02-15	6.275426
2001-02-16	5.220823
2001-02-20	4.612464
2001-02-21	4.223041
2001-02-22	4.099731
2001-02-23	4.142840
2001-02-26	4.378094
2001-02-27	3.584430
2001-02-28	3.244011
2001-03-01	3.520658
2001-03-02	3.065893
2001-03-05	3.233081
2001-03-06	3.610204
2001-03-07	3.614325
2001-03-08	3.412211
2001-03-09	2.694336
2001-03-12	2.192320
2001-03-13	2.526446
2001-03-14	2.406903
2001-03-15	2.142658
2001-03-16	1.997621
2001-03-19	2.297115
2001-03-20	1.833386
2001-03-21	1.833252
2001-03-22	2.167056
2001-03-23	2.166897
2001-03-26	2.016377
2001-03-27	2.224569
2001-03-28	1.676619
2001-03-29	1.581477
2001-03-30	1.605723
2001-04-02	1.390278
2001-04-03	1.084612
2001-04-04	1.027268
2001-04-05	1.322249
2001-04-06	1.177560
2001-04-09	1.285568
2001-04-10	1.571733
2001-04-11	1.713786
2001-04-12	1.939376
2001-04-16	1.592592
2001-04-17	1.711178
2001-04-18	2.246189
2001-04-19	2.652853
2001-04-20	2.669135
2001-04-23	2.131258
2001-04-24	2.010727
2001-04-25	2.119512
2001-04-26	1.957226
2001-04-27	2.117404
2001-04-30	2.257938
2001-05-01	2.536652
2001-05-02	2.683755
2001-05-03	2.325215
2001-05-04	2.533718
2001-05-07	2.375831
2001-05-08	2.526666
2001-05-09	2.267001
2001-05-10	2.152875
2001-05-11	2.121674
2001-05-14	2.019511
2001-05-15	2.063974
2001-05-16	2.338101
2001-05-17	2.449507
2001-05-18	2.470805
2001-05-21	2.935056
2001-05-22	2.908971
2001-05-23	2.522996
2001-05-24	2.717282
2001-05-25	2.568424
2001-05-29	2.116833
2001-05-30	1.883976
2001-05-31	1.922001
2001-06-01	2.092020
2001-06-04	2.061884
2001-06-05	2.334370
2001-06-06	2.280046
2001-06-07	2.455638
2001-06-08	2.251241
2001-06-11	2.065656
2001-06-12	2.031860
2001-06-13	1.865349
2001-06-14	1.576302
2001-06-15	1.615362
2001-06-18	1.550402
2001-06-19	1.527050
2001-06-20	1.631004
2001-06-21	1.697239
2001-06-22	1.685371
2001-06-25	1.698107
2001-06-26	1.715607
2001-06-27	1.748605
2001-06-28	1.815557
2001-06-29	1.981222
2001-07-02	1.948562
2001-07-03	1.972857
2001-07-05	1.688714
2001-07-06	1.478718
2001-07-09	1.516953
2001-07-10	1.353269
2001-07-11	1.403291
2001-07-12	1.670153
2001-07-13	1.618318
2001-07-16	1.528189
2001-07-17	1.630921
2001-07-18	1.444357
2001-07-19	1.547246
2001-07-20	1.439363
2001-07-23	1.331433
2001-07-24	1.286094
2001-07-25	1.319635
2001-07-26	1.378187
2001-07-27	1.463593
2001-07-30	1.437322
2001-07-31	1.443420
2001-08-01	1.582265
2001-08-02	1.671358
2001-08-03	1.587878
2001-08-06	1.512743
2001-08-07	1.489139
2001-08-08	1.300955
2001-08-09	1.317240
2001-08-10	1.279249
2001-08-13	1.357283
2001-08-14	1.307649
2001-08-15	1.162616
2001-08-16	1.203563
2001-08-17	1.039189
2001-08-20	1.082046
2001-08-21	0.947136
2001-08-22	1.024510
2001-08-23	0.994263
2001-08-24	1.152440
2001-08-27	1.156756
2001-08-28	1.048198
2001-08-29	1.001923
2001-08-30	0.890616
2001-08-31	0.924531
2001-09-04	0.836628
2001-09-05	0.826662
2001-09-06	0.726222
2001-09-07	0.713316
2001-09-10	0.738663
2001-09-17	0.550153
2001-09-18	0.513083
2001-09-19	0.486299
2001-09-20	0.437584
2001-09-21	0.402207
2001-09-24	0.462959
2001-09-25	0.467146
2001-09-26	0.418509
2001-09-27	0.410159
2001-09-28	0.431731
2001-10-01	0.420527
2001-10-02	0.424448
2001-10-03	0.520735
2001-10-04	0.535815
2001-10-05	0.559400
2001-10-08	0.564643
2001-10-09	0.523663
2001-10-10	0.594872
2001-10-11	0.715634
2001-10-12	0.706301
2001-10-15	0.697050
2001-10-16	0.731041
2001-10-17	0.573529
2001-10-18	0.620148
2001-10-19	0.632382
2001-10-22	0.683228
2001-10-23	0.693888
2001-10-24	0.738920
2001-10-25	0.827838
2001-10-26	0.774463
2001-10-29	0.647301
2001-10-30	0.609602
2001-10-31	0.638047
2001-11-01	0.719309
2001-11-02	0.735133
2001-11-05	0.806940
2001-11-06	0.901053
2001-11-07	0.897448
2001-11-08	0.869852
2001-11-09	0.868407
2001-11-12	0.886987
2001-11-13	0.982156
2001-11-14	1.003045
2001-11-15	0.990827
2001-11-16	0.982471
2001-11-19	1.066248
2001-11-20	0.918440
2001-11-21	0.904102
2001-11-23	0.964750
2001-11-26	1.036150
2001-11-27	1.032216
2001-11-28	0.920443
2001-11-29	1.005891
2001-11-30	0.983153
2001-12-03	0.932501
2001-12-04	1.065953
2001-12-05	1.224085
2001-12-06	1.229138
2001-12-07	1.127646
2001-12-10	1.068385
2001-12-11	1.086287
2001-12-12	1.112292
2001-12-13	0.967686
2001-12-14	0.993172
2001-12-17	1.044353
2001-12-18	1.079601
2001-12-19	1.020650
2001-12-20	0.890570
2001-12-21	0.938029
2001-12-24	0.926556
2001-12-26	0.952644
2001-12-27	0.975616
2001-12-28	0.998955
2001-12-31	0.893363
2002-01-02	0.975954
2002-01-03	1.077345
2002-01-04	1.090507
2002-01-07	1.054314
2002-01-08	1.075727
2002-01-09	1.046090
2002-01-10	1.066625
2002-01-11	1.025563
2002-01-14	0.958456
2002-01-15	0.985731
2002-01-16	0.871300
2002-01-17	0.929875
2002-01-18	0.855230
2002-01-22	0.776050
2002-01-23	0.840111
2002-01-24	0.873496
2002-01-25	0.866031
2002-01-28	0.880688
2002-01-29	0.808230
2002-01-30	0.826684
2002-01-31	0.842178
2002-02-01	0.817839
2002-02-04	0.739298
2002-02-05	0.702601
2002-02-06	0.688036
2002-02-07	0.638186
2002-02-08	0.691458
2002-02-11	0.717789
2002-02-12	0.700100
2002-02-13	0.735893
2002-02-14	0.731656
2002-02-15	0.666134
2002-02-19	0.604649
2002-02-20	0.629188
2002-02-21	0.539463
2002-02-22	0.547641
2002-02-25	0.614001
2002-02-26	0.607117
2002-02-27	0.582008
2002-02-28	0.550495
2002-03-01	0.646280
2002-03-04	0.722722
2002-03-05	0.738428
2002-03-06	0.749029
2002-03-07	0.753756
2002-03-08	0.813113
2002-03-11	0.804223
2002-03-12	0.770976
2002-03-13	0.714924
2002-03-14	0.702145
2002-03-15	0.723238
2002-03-18	0.735424
2002-03-19	0.731835
2002-03-20	0.654251
2002-03-21	0.706457
2002-03-22	0.686941
2002-03-25	0.623965
2002-03-26	0.641290
2002-03-27	0.626235
2002-03-28	0.649929
2002-04-01	0.687190
2002-04-02	0.594019
2002-04-03	0.590929
2002-04-04	0.577221
2002-04-05	0.557751
2002-04-08	0.578644
2002-04-09	0.518243
2002-04-10	0.529777
2002-04-11	0.490286
2002-04-12	0.513428
2002-04-15	0.525797
2002-04-16	0.591580
2002-04-17	0.582462
2002-04-18	0.548989
2002-04-19	0.554222
2002-04-22	0.512206
2002-04-23	0.485635
2002-04-24	0.463091
2002-04-25	0.459637
2002-04-26	0.400909
2002-04-29	0.403979
2002-04-30	0.427705
2002-05-01	0.420800
2002-05-02	0.378769
2002-05-03	0.350064
2002-05-06	0.322848
2002-05-07	0.313797
2002-05-08	0.414474
2002-05-09	0.382350
2002-05-10	0.330807
2002-05-13	0.371070
2002-05-14	0.436547
2002-05-15	0.446166
2002-05-16	0.448173
2002-05-17	0.451005
2002-05-20	0.421389
2002-05-21	0.386820
2002-05-22	0.389384
2002-05-23	0.412793
2002-05-24	0.382220
2002-05-28	0.377053
2002-05-29	0.347200
2002-05-30	0.356119
2002-05-31	0.338602
2002-06-03	0.302733
2002-06-04	0.314620
2002-06-05	0.324241
2002-06-06	0.298637
2002-06-07	0.280622
2002-06-10	0.279115
2002-06-11	0.255678
2002-06-12	0.266832
2002-06-13	0.261641
2002-06-14	0.259920
2002-06-17	0.286440
2002-06-18	0.300259
2002-06-19	0.248090
2002-06-20	0.224116
2002-06-21	0.207837
2002-06-24	0.220138
2002-06-25	0.198300
2002-06-26	0.202725
2002-06-27	0.215988
2002-06-28	0.213253
2002-07-01	0.182598
2002-07-02	0.162745
2002-07-03	0.179042
2002-07-05	0.213535
2002-07-08	0.190171
2002-07-09	0.173973
2002-07-10	0.157875
2002-07-11	0.175698
2002-07-12	0.175686
2002-07-15	0.192037
2002-07-16	0.183461
2002-07-17	0.193499
2002-07-18	0.172664
2002-07-19	0.157151
2002-07-22	0.145545
2002-07-23	0.126875
2002-07-24	0.147596
2002-07-25	0.121903
2002-07-26	0.128797
2002-07-29	0.148559
2002-07-30	0.157525
2002-07-31	0.148572
2002-08-01	0.127630
2002-08-02	0.119535
2002-08-05	0.106471
2002-08-06	0.122255
2002-08-07	0.127137
2002-08-08	0.140008
2002-08-09	0.135721
2002-08-12	0.136933
2002-08-13	0.122879
2002-08-14	0.146358
2002-08-15	0.155297
2002-08-16	0.158514
2002-08-19	0.170054
2002-08-20	0.167824
2002-08-21	0.179004
2002-08-22	0.187542
2002-08-23	0.165806
2002-08-26	0.167772
2002-08-27	0.150218
2002-08-28	0.133749
2002-08-29	0.139037
2002-08-30	0.133767
2002-09-03	0.119236
2002-09-04	0.120649
2002-09-05	0.111723
2002-09-06	0.121995
2002-09-09	0.125670
2002-09-10	0.134972
2002-09-11	0.131538
2002-09-12	0.120758
2002-09-13	0.123608
2002-09-16	0.118276
2002-09-17	0.110751
2002-09-18	0.106998
2002-09-19	0.101868
2002-09-20	0.103135
2002-09-23	0.093846
2002-09-24	0.093974
2002-09-25	0.105227
2002-09-26	0.101322
2002-09-27	0.097234
2002-09-30	0.089151
2002-10-01	0.105408
2002-10-02	0.094898
2002-10-03	0.088058
2002-10-04	0.083084
2002-10-07	0.080751
2002-10-08	0.081226
2002-10-09	0.079531
2002-10-10	0.091657
2002-10-11	0.106521
2002-10-14	0.110252
2002-10-15	0.126135
2002-10-16	0.113598
2002-10-17	0.125109
2002-10-18	0.129243
2002-10-21	0.137050
2002-10-22	0.134501
2002-10-23	0.142181
2002-10-24	0.131420
2002-10-25	0.143248
2002-10-28	0.139584
2002-10-29	0.129827
2002-10-30	0.140239
2002-10-31	0.140057
2002-11-01	0.152028
2002-11-04	0.163757
2002-11-05	0.167539
2002-11-06	0.174652
2002-11-07	0.156230
2002-11-08	0.147594
2002-11-11	0.134160
2002-11-12	0.144415
2002-11-13	0.149618
2002-11-14	0.165085
2002-11-15	0.171524
2002-11-18	0.163922
2002-11-19	0.156358
2002-11-20	0.176281
2002-11-21	0.195847
2002-11-22	0.195621
2002-11-25	0.201323
2002-11-26	0.181025
2002-11-27	0.198278
2002-11-29	0.194214
2002-12-02	0.200085
2002-12-03	0.182277
2002-12-04	0.170188
2002-12-05	0.163066
2002-12-06	0.168095
2002-12-09	0.144269
2002-12-10	0.150780
2002-12-11	0.152889
2002-12-12	0.155374
2002-12-13	0.140583
2002-12-16	0.154215
2002-12-17	0.155636
2002-12-18	0.145721
2002-12-19	0.140198
2002-12-20	0.144552
2002-12-23	0.150535
2002-12-24	0.144895
2002-12-26	0.143684
2002-12-27	0.135830
2002-12-30	0.132701
2002-12-31	0.128489
2003-01-02	0.144771
2003-01-03	0.149548
2003-01-06	0.160718
2003-01-07	0.166752
2003-01-08	0.152661
2003-01-09	0.166796
2003-01-10	0.174281
2003-01-13	0.171181
2003-01-14	0.173837
2003-01-15	0.167277
2003-01-16	0.161634
2003-01-17	0.140899
2003-01-21	0.136212
2003-01-22	0.134570
2003-01-23	0.143952
2003-01-24	0.132261
2003-01-27	0.127615
2003-01-28	0.131507
2003-01-29	0.137389
2003-01-30	0.126726
2003-01-31	0.125786
2003-02-03	0.126549
2003-02-04	0.121889
2003-02-05	0.120217
2003-02-06	0.122155
2003-02-07	0.116092
2003-02-10	0.119155
2003-02-11	0.121081
2003-02-12	0.116108
2003-02-13	0.117855
2003-02-14	0.125969
2003-02-18	0.137688
2003-02-19	0.134896
2003-02-20	0.133273
2003-02-21	0.136304
2003-02-24	0.129308
2003-02-25	0.129769
2003-02-26	0.121116
2003-02-27	0.129358
2003-02-28	0.135459
2003-03-03	0.127211
2003-03-04	0.124880
2003-03-05	0.125635
2003-03-06	0.124705
2003-03-07	0.125460
2003-03-10	0.117322
2003-03-11	0.114235
2003-03-12	0.120418
2003-03-13	0.141133
2003-03-14	0.142776
2003-03-17	0.157420
2003-03-18	0.163268
2003-03-19	0.159072
2003-03-20	0.160848
2003-03-21	0.167498
2003-03-24	0.146588
2003-03-25	0.152825
2003-03-26	0.155418
2003-03-27	0.152071
2003-03-28	0.147043
2003-03-31	0.132993
2003-04-01	0.136144
2003-04-02	0.147368
2003-04-03	0.152936
2003-04-04	0.145475
2003-04-07	0.146134
2003-04-08	0.145619
2003-04-09	0.135551
2003-04-10	0.140492
2003-04-11	0.136229
2003-04-14	0.144550
2003-04-15	0.148705
2003-04-16	0.147675
2003-04-17	0.157802
2003-04-21	0.159556
2003-04-22	0.168613
2003-04-23	0.172289
2003-04-24	0.169470
2003-04-25	0.159652
2003-04-28	0.169059
2003-04-29	0.173661
2003-04-30	0.168388
2003-05-01	0.172792
2003-05-02	0.183825
2003-05-05	0.183227
2003-05-06	0.190218
2003-05-07	0.183821
2003-05-08	0.173672
2003-05-09	0.185667
2003-05-12	0.194083
2003-05-13	0.190435
2003-05-14	0.189225
2003-05-15	0.195563
2003-05-16	0.191086
2003-05-19	0.170898
2003-05-20	0.172367
2003-05-21	0.170864
2003-05-22	0.178257
2003-05-23	0.178434
2003-05-27	0.197471
2003-05-28	0.199289
2003-05-29	0.201732
2003-05-30	0.211628
2003-06-02	0.207137
2003-06-03	0.213004
2003-06-04	0.224973
2003-06-05	0.229837
2003-06-06	0.218344
2003-06-09	0.209632
2003-06-10	0.219136
2003-06-11	0.226526
2003-06-12	0.229404
2003-06-13	0.213894
2003-06-16	0.233583
2003-06-17	0.230843
2003-06-18	0.234428
2003-06-19	0.223039
2003-06-20	0.222142
2003-06-23	0.211816
2003-06-24	0.206914
2003-06-25	0.203553
2003-06-26	0.218018
2003-06-27	0.209561
2003-06-30	0.212075
2003-07-01	0.220557
2003-07-02	0.234058
2003-07-03	0.225198
2003-07-07	0.254123
2003-07-08	0.263428
2003-07-09	0.261450
2003-07-10	0.246816
2003-07-11	0.252421
2003-07-14	0.261441
2003-07-15	0.262395
2003-07-16	0.259936
2003-07-17	0.236154
2003-07-18	0.238409
2003-07-21	0.229246
2003-07-22	0.239474
2003-07-23	0.245416
2003-07-24	0.235613
2003-07-25	0.249651
2003-07-28	0.251753
2003-07-29	0.246050
2003-07-30	0.240668
2003-07-31	0.249383
2003-08-01	0.241365
2003-08-04	0.241117
2003-08-05	0.212580
2003-08-06	0.212142
2003-08-07	0.214656
2003-08-08	0.209541
2003-08-11	0.216425
2003-08-12	0.226234
2003-08-13	0.226437
2003-08-14	0.227081
2003-08-15	0.233017
2003-08-18	0.250941
2003-08-19	0.260342
2003-08-20	0.258393
2003-08-21	0.266777
2003-08-22	0.261853
2003-08-25	0.263529
2003-08-26	0.264239
2003-08-27	0.270554
2003-08-28	0.277710
2003-08-29	0.285244
2003-09-02	0.297524
2003-09-03	0.296975
2003-09-04	0.305113
2003-09-05	0.299196
2003-09-08	0.313984
2003-09-09	0.302766
2003-09-10	0.280896
2003-09-11	0.290247
2003-09-12	0.294885
2003-09-15	0.286232
2003-09-16	0.309543
2003-09-17	0.305741
2003-09-18	0.319641
2003-09-19	0.314103
2003-09-22	0.296095
2003-09-23	0.311786
2003-09-24	0.276538
2003-09-25	0.265780
2003-09-26	0.260654
2003-09-29	0.274075
2003-09-30	0.256192
2003-10-01	0.273479
2003-10-02	0.276181
2003-10-03	0.299329
2003-10-06	0.305873
2003-10-07	0.311446
2003-10-08	0.305491
2003-10-09	0.312390
2003-10-10	0.321012
2003-10-13	0.327316
2003-10-14	0.329799
2003-10-15	0.325574
2003-10-16	0.333324
2003-10-17	0.309330
2003-10-20	0.320837
2003-10-21	0.326581
2003-10-22	0.307658
2003-10-23	0.296956
2003-10-24	0.297716
2003-10-27	0.297956
2003-10-28	0.327982
2003-10-29	0.326845
2003-10-30	0.328764
2003-10-31	0.322888
2003-11-03	0.338834
2003-11-04	0.331988
2003-11-05	0.340936
2003-11-06	0.343764
2003-11-07	0.334845
2003-11-10	0.322415
2003-11-11	0.318818
2003-11-12	0.339255
2003-11-13	0.338094
2003-11-14	0.317369
2003-11-17	0.307564
2003-11-18	0.286257
2003-11-19	0.294601
2003-11-20	0.286054
2003-11-21	0.294898
2003-11-24	0.319430
2003-11-25	0.319406
2003-11-26	0.323741
2003-11-28	0.324817
2003-12-01	0.339115
2003-12-02	0.333423
2003-12-03	0.320790
2003-12-04	0.331142
2003-12-05	0.314667
2003-12-08	0.320033
2003-12-09	0.297940
2003-12-10	0.301293
2003-12-11	0.320626
2003-12-12	0.318968
2003-12-15	0.306453
2003-12-16	0.308281
2003-12-17	0.309850
2003-12-18	0.327136
2003-12-19	0.324352
2003-12-22	0.327347
2003-12-23	0.334778
2003-12-24	0.336828
2003-12-26	0.335395
2003-12-29	0.351930
2003-12-30	0.355382
2003-12-31	0.352440
2004-01-02	0.349514
2004-01-05	0.370540
2004-01-06	0.378006
2004-01-07	0.388303
2004-01-08	0.397550
2004-01-09	0.389670
2004-01-12	0.408232
2004-01-13	0.396061
2004-01-14	0.400102
2004-01-15	0.403225
2004-01-16	0.415552
2004-01-20	0.414553
2004-01-21	0.409358
2004-01-22	0.401969
2004-01-23	0.397514
2004-01-26	0.415683
2004-01-27	0.388184
2004-01-28	0.368407
2004-01-29	0.372551
2004-01-30	0.367421
2004-02-02	0.364421
2004-02-03	0.363212
2004-02-04	0.345482
2004-02-05	0.349451
2004-02-06	0.368397
2004-02-09	0.368074
2004-02-10	0.369831
2004-02-11	0.381740
2004-02-12	0.371656
2004-02-13	0.362350
2004-02-17	0.377037
2004-02-18	0.380333
2004-02-19	0.362985
2004-02-20	0.359424
2004-02-23	0.347404
2004-02-24	0.344806
2004-02-25	0.351040
2004-02-26	0.353605
2004-02-27	0.350687
2004-03-01	0.364470
2004-03-02	0.351753
2004-03-03	0.345964
2004-03-04	0.355628
2004-03-05	0.351829
2004-03-08	0.327023
2004-03-09	0.323982
2004-03-10	0.311148
2004-03-11	0.302636
2004-03-12	0.319279
2004-03-15	0.302532
2004-03-16	0.304070
2004-03-17	0.318403
2004-03-18	0.314075
2004-03-19	0.298321
2004-03-22	0.286968
2004-03-23	0.279921
2004-03-24	0.289524
2004-03-25	0.312719
2004-03-26	0.309511
2004-03-29	0.324516
2004-03-30	0.327756
2004-03-31	0.325816
2004-04-01	0.334519
2004-04-02	0.360583
2004-04-05	0.370761
2004-04-06	0.356775
2004-04-07	0.355591
2004-04-08	0.355565
2004-04-12	0.362181
2004-04-13	0.346370
2004-04-14	0.351450
2004-04-15	0.332521
2004-04-16	0.330840
2004-04-19	0.342917
2004-04-20	0.318954
2004-04-21	0.327245
2004-04-22	0.352589
2004-04-23	0.360872
2004-04-26	0.352990
2004-04-27	0.350957
2004-04-28	0.331799
2004-04-29	0.316376
2004-04-30	0.293184
2004-05-03	0.301511
2004-05-04	0.305354
2004-05-05	0.312608
2004-05-06	0.305459
2004-05-07	0.297900
2004-05-10	0.290211
2004-05-11	0.303248
2004-05-12	0.305036
2004-05-13	0.298525
2004-05-14	0.291852
2004-05-17	0.283516
2004-05-18	0.291156
2004-05-19	0.290129
2004-05-20	0.294122
2004-05-21	0.298405
2004-05-24	0.304518
2004-05-25	0.322632
2004-05-26	0.328799
2004-05-27	0.335044
2004-05-28	0.338607
2004-06-01	0.337194
2004-06-02	0.334951
2004-06-03	0.322787
2004-06-04	0.328415
2004-06-07	0.351805
2004-06-08	0.353203
2004-06-09	0.338325
2004-06-10	0.345515
2004-06-14	0.330859
2004-06-15	0.343679
2004-06-16	0.341973
2004-06-17	0.332451
2004-06-18	0.333797
2004-06-21	0.325804
2004-06-22	0.340109
2004-06-23	0.352325
2004-06-24	0.350305
2004-06-25	0.358222
2004-06-28	0.349271
2004-06-29	0.359152
2004-06-30	0.369794
2004-07-01	0.349190
2004-07-02	0.342942
2004-07-06	0.320843
2004-07-07	0.322690
2004-07-08	0.311940
2004-07-09	0.313228
2004-07-12	0.309262
2004-07-13	0.307936
2004-07-14	0.298559
2004-07-15	0.295483
2004-07-16	0.285350
2004-07-19	0.283601
2004-07-20	0.303990
2004-07-21	0.277455
2004-07-22	0.288807
2004-07-23	0.272388
2004-07-26	0.268785
2004-07-27	0.279892
2004-07-28	0.276224
2004-07-29	0.285845
2004-07-30	0.288537
2004-08-02	0.290252
2004-08-03	0.272049
2004-08-04	0.272267
2004-08-05	0.256980
2004-08-06	0.236770
2004-08-09	0.238489
2004-08-10	0.247415
2004-08-11	0.240916
2004-08-12	0.231019
2004-08-13	0.232069
2004-08-16	0.239973
2004-08-17	0.248054
2004-08-18	0.261237
2004-08-19	0.257050
2004-08-20	0.264819
2004-08-23	0.266668
2004-08-24	0.266415
2004-08-25	0.277417
2004-08-26	0.273783
2004-08-27	0.277584
2004-08-30	0.263588
2004-08-31	0.264499
2004-09-01	0.270311
2004-09-02	0.282359
2004-09-03	0.266752
2004-09-07	0.273530
2004-09-08	0.270412
2004-09-09	0.277251
2004-09-10	0.289975
2004-09-13	0.301348
2004-09-14	0.302597
2004-09-15	0.292892
2004-09-16	0.294616
2004-09-17	0.297347
2004-09-20	0.297326
2004-09-21	0.300828
2004-09-22	0.285075
2004-09-23	0.284321
2004-09-24	0.281369
2004-09-27	0.274072
2004-09-28	0.275720
2004-09-29	0.287902
2004-09-30	0.289359
2004-10-01	0.313053
2004-10-04	0.318494
2004-10-05	0.319786
2004-10-06	0.327414
2004-10-07	0.316402
2004-10-08	0.299092
2004-10-11	0.303357
2004-10-12	0.301807
2004-10-13	0.299756
2004-10-14	0.295694
2004-10-15	0.300177
2004-10-18	0.313044
2004-10-19	0.306266
2004-10-20	0.310596
2004-10-21	0.324789
2004-10-22	0.303468
2004-10-25	0.299123
2004-10-26	0.303886
2004-10-27	0.327024
2004-10-28	0.333144
2004-10-29	0.331497
2004-11-01	0.335246
2004-11-02	0.338480
2004-11-03	0.345287
2004-11-04	0.351076
2004-11-05	0.360570
2004-11-08	0.361683
2004-11-09	0.359373
2004-11-10	0.355650
2004-11-11	0.369741
2004-11-12	0.380432
2004-11-15	0.385423
2004-11-16	0.378248
2004-11-17	0.393511
2004-11-18	0.398916
2004-11-19	0.380307
2004-11-22	0.391193
2004-11-23	0.389361
2004-11-24	0.399518
2004-11-26	0.395833
2004-11-29	0.395500
2004-11-30	0.393049
2004-12-01	0.417134
2004-12-02	0.421807
2004-12-03	0.423671
2004-12-06	0.428074
2004-12-07	0.406038
2004-12-08	0.413087
2004-12-09	0.420528
2004-12-10	0.416718
2004-12-13	0.427645
2004-12-14	0.433983
2004-12-15	0.429128
2004-12-16	0.416966
2004-12-17	0.413743
2004-12-20	0.405222
2004-12-21	0.420079
2004-12-22	0.421636
2004-12-23	0.422559
2004-12-27	0.417109
2004-12-28	0.429089
2004-12-29	0.430668
2004-12-30	0.429668
2004-12-31	0.427380
2005-01-03	0.413861
2005-01-04	0.391199
2005-01-05	0.383908
2005-01-06	0.378201
2005-01-07	0.384090
2005-01-10	0.383465
2005-01-11	0.375374
2005-01-12	0.384766
2005-01-13	0.369478
2005-01-14	0.379933
2005-01-18	0.388508
2005-01-19	0.369214
2005-01-20	0.347953
2005-01-21	0.339544
2005-01-24	0.325222
2005-01-25	0.330006
2005-01-26	0.341848
2005-01-27	0.340443
2005-01-28	0.335463
2005-01-31	0.348522
2005-02-01	0.351851
2005-02-02	0.353514
2005-02-03	0.341353
2005-02-04	0.357868
2005-02-07	0.355566
2005-02-08	0.357522
2005-02-09	0.339592
2005-02-10	0.340665
2005-02-11	0.355770
2005-02-14	0.360558
2005-02-15	0.367672
2005-02-16	0.363594
2005-02-17	0.348920
2005-02-18	0.345542
2005-02-22	0.332750
2005-02-23	0.334079
2005-02-24	0.346806
2005-02-25	0.352621
2005-02-28	0.341348
2005-03-01	0.352603
2005-03-02	0.352015
2005-03-03	0.343286
2005-03-04	0.349334
2005-03-07	0.364392
2005-03-08	0.353451
2005-03-09	0.350330
2005-03-10	0.348905
2005-03-11	0.339116
2005-03-14	0.343744
2005-03-15	0.335433
2005-03-16	0.323999
2005-03-17	0.326364
2005-03-18	0.321006
2005-03-21	0.322829
2005-03-22	0.310891
2005-03-23	0.314224
2005-03-24	0.314461
2005-03-28	0.316259
2005-03-29	0.308665
2005-03-30	0.326109
2005-03-31	0.321823
2005-04-01	0.312031
2005-04-04	0.318732
2005-04-05	0.321331
2005-04-06	0.319726
2005-04-07	0.331265
2005-04-08	0.323170
2005-04-11	0.318913
2005-04-12	0.323610
2005-04-13	0.307697
2005-04-14	0.294620
2005-04-15	0.274459
2005-04-18	0.274676
2005-04-19	0.280347
2005-04-20	0.273357
2005-04-21	0.295079
2005-04-22	0.281886
2005-04-25	0.288854
2005-04-26	0.280750
2005-04-27	0.281931
2005-04-28	0.273476
2005-04-29	0.278887
2005-05-02	0.282216
2005-05-03	0.286534
2005-05-04	0.296984
2005-05-05	0.297711
2005-05-06	0.300186
2005-05-09	0.304434
2005-05-10	0.297821
2005-05-11	0.302296
2005-05-12	0.299750
2005-05-13	0.309511
2005-05-16	0.315638
2005-05-17	0.321325
2005-05-18	0.334435
2005-05-19	0.342771
2005-05-20	0.346859
2005-05-23	0.352083
2005-05-24	0.355407
2005-05-25	0.350887
2005-05-26	0.361441
2005-05-27	0.361982
2005-05-31	0.358261
2005-06-01	0.366985
2005-06-02	0.374701
2005-06-03	0.358391
2005-06-06	0.358647
2005-06-07	0.349587
2005-06-08	0.347341
2005-06-09	0.353947
2005-06-10	0.342729
2005-06-13	0.347633
2005-06-14	0.343461
2005-06-15	0.346726
2005-06-16	0.352220
2005-06-17	0.352334
2005-06-20	0.352308
2005-06-21	0.351723
2005-06-22	0.350583
2005-06-23	0.338874
2005-06-24	0.327430
2005-06-27	0.322889
2005-06-28	0.332078
2005-06-29	0.329909
2005-06-30	0.322142
2005-07-01	0.320805
2005-07-05	0.330738
2005-07-06	0.325902
2005-07-07	0.329319
2005-07-08	0.348223
2005-07-11	0.357878
2005-07-12	0.362921
2005-07-13	0.365453
2005-07-14	0.376278
2005-07-15	0.379745
2005-07-18	0.375031
2005-07-19	0.388075
2005-07-20	0.396368
2005-07-21	0.396640
2005-07-22	0.395103
2005-07-25	0.390564
2005-07-26	0.395011
2005-07-27	0.404001
2005-07-28	0.409769
2005-07-29	0.399574
2005-08-01	0.401665
2005-08-02	0.414704
2005-08-03	0.414053
2005-08-04	0.401930
2005-08-05	0.396125
2005-08-08	0.387367
2005-08-09	0.395048
2005-08-10	0.384805
2005-08-11	0.394222
2005-08-12	0.387596
2005-08-15	0.394684
2005-08-16	0.375447
2005-08-17	0.382095
2005-08-18	0.376194
2005-08-19	0.375586
2005-08-22	0.376139
2005-08-23	0.372915
2005-08-24	0.366244
2005-08-25	0.368785
2005-08-26	0.365032
2005-08-29	0.373547
2005-08-30	0.369473
2005-08-31	0.379777
2005-09-01	0.377996
2005-09-02	0.373598
2005-09-06	0.390049
2005-09-07	0.392103
2005-09-08	0.391775
2005-09-09	0.398310
2005-09-12	0.401598
2005-09-13	0.398537
2005-09-14	0.384930
2005-09-15	0.384313
2005-09-16	0.391351
2005-09-19	0.382086
2005-09-20	0.377366
2005-09-21	0.364834
2005-09-22	0.368787
2005-09-23	0.371910
2005-09-26	0.372170
2005-09-27	0.369551
2005-09-28	0.369810
2005-09-29	0.384698
2005-09-30	0.392325
2005-10-03	0.395279
2005-10-04	0.387456
2005-10-05	0.371456
2005-10-06	0.356766
2005-10-07	0.359259
2005-10-10	0.353329
2005-10-11	0.348022
2005-10-12	0.335613
2005-10-13	0.343376
2005-10-14	0.350987
2005-10-17	0.354280
2005-10-18	0.346739
2005-10-19	0.367567
2005-10-20	0.357274
2005-10-21	0.363963
2005-10-24	0.381213
2005-10-25	0.376805
2005-10-26	0.370983
2005-10-27	0.348588
2005-10-28	0.356536
2005-10-31	0.371863
2005-11-01	0.370974
2005-11-02	0.385561
2005-11-03	0.402876
2005-11-04	0.407083
2005-11-07	0.408576
2005-11-08	0.408852
2005-11-09	0.409434
2005-11-10	0.422861
2005-11-11	0.426267
2005-11-14	0.426236
2005-11-15	0.420237
2005-11-16	0.427984
2005-11-17	0.444959
2005-11-18	0.449451
2005-11-21	0.452671
2005-11-22	0.457540
2005-11-23	0.460799
2005-11-25	0.463741
2005-11-28	0.452084
2005-11-29	0.445520
2005-11-30	0.442255
2005-12-01	0.466995
2005-12-02	0.470296
2005-12-05	0.459876
2005-12-06	0.464462
2005-12-07	0.461770
2005-12-08	0.451808
2005-12-09	0.456993
2005-12-12	0.461890
2005-12-13	0.467482
2005-12-14	0.462777
2005-12-15	0.465064
2005-12-16	0.455399
2005-12-19	0.433680
2005-12-20	0.434602
2005-12-21	0.440301
2005-12-22	0.448940
2005-12-23	0.448907
2005-12-27	0.437164
2005-12-28	0.435535
2005-12-29	0.426896
2005-12-30	0.417115
2006-01-03	0.444954
2006-01-04	0.458816
2006-01-05	0.464718
2006-01-06	0.489961
2006-01-09	0.495780
2006-01-10	0.496785
2006-01-11	0.508219
2006-01-12	0.500772
2006-01-13	0.500036
2006-01-17	0.490226
2006-01-18	0.473314
2006-01-19	0.483707
2006-01-20	0.440330
2006-01-23	0.440619
2006-01-24	0.446353
2006-01-25	0.440505
2006-01-26	0.449759
2006-01-27	0.467912
2006-01-30	0.470545
2006-01-31	0.464153
2006-02-01	0.469093
2006-02-02	0.445019
2006-02-03	0.428552
2006-02-06	0.425065
2006-02-07	0.419409
2006-02-08	0.433934
2006-02-09	0.421549
2006-02-10	0.429284
2006-02-13	0.414475
2006-02-14	0.427036
2006-02-15	0.435149
2006-02-16	0.447170
2006-02-17	0.436480
2006-02-21	0.421832
2006-02-22	0.437640
2006-02-23	0.434107
2006-02-24	0.437557
2006-02-27	0.452159
2006-02-28	0.431967
2006-03-01	0.449593
2006-03-02	0.450532
2006-03-03	0.442718
2006-03-06	0.431149
2006-03-07	0.423563
2006-03-08	0.424155
2006-03-09	0.413227
2006-03-10	0.414421
2006-03-13	0.418068
2006-03-14	0.439311
2006-03-15	0.450430
2006-03-16	0.439060
2006-03-17	0.442502
2006-03-20	0.445671
2006-03-21	0.431480
2006-03-22	0.434597
2006-03-23	0.430768
2006-03-24	0.437342
2006-03-27	0.437628
2006-03-28	0.432194
2006-03-29	0.456745
2006-03-30	0.460960
2006-03-31	0.456981
2006-04-03	0.458582
2006-04-04	0.466086
2006-04-05	0.479303
2006-04-06	0.483317
2006-04-07	0.469369
2006-04-10	0.467339
2006-04-11	0.456024
2006-04-12	0.456318
2006-04-13	0.461834
2006-04-17	0.447321
2006-04-18	0.473057
2006-04-19	0.479374
2006-04-20	0.474280
2006-04-21	0.457506
2006-04-24	0.456166
2006-04-25	0.453197
2006-04-26	0.452839
2006-04-27	0.465788
2006-04-28	0.452197
2006-05-01	0.438874
2006-05-02	0.442336
2006-05-03	0.440388
2006-05-04	0.451183
2006-05-05	0.461828
2006-05-08	0.463108
2006-05-09	0.457807
2006-05-10	0.445686
2006-05-11	0.415813
2006-05-12	0.398941
2006-05-15	0.398019
2006-05-16	0.389070
2006-05-17	0.373230
2006-05-18	0.365513
2006-05-19	0.373910
2006-05-22	0.363051
2006-05-23	0.352404
2006-05-24	0.359501
2006-05-25	0.373633
2006-05-26	0.377308
2006-05-30	0.352917
2006-05-31	0.357823
2006-06-01	0.383237
2006-06-02	0.380316
2006-06-05	0.355535
2006-06-06	0.354684
2006-06-07	0.346694
2006-06-08	0.345047
2006-06-09	0.338282
2006-06-12	0.318307
2006-06-13	0.314454
2006-06-14	0.324054
2006-06-15	0.350382
2006-06-16	0.342627
2006-06-19	0.334291
2006-06-20	0.335585
2006-06-21	0.351424
2006-06-22	0.338042
2006-06-23	0.336956
2006-06-26	0.339580
2006-06-27	0.320379
2006-06-28	0.327526
2006-06-29	0.357388
2006-06-30	0.352134
2006-07-03	0.358375
2006-07-05	0.334917
2006-07-06	0.333839
2006-07-07	0.322776
2006-07-10	0.314274
2006-07-11	0.321318
2006-07-12	0.303112
2006-07-13	0.287823
2006-07-14	0.279003
2006-07-17	0.281079
2006-07-18	0.283867
2006-07-19	0.294918
2006-07-20	0.281849
2006-07-21	0.272924
2006-07-24	0.289187
2006-07-25	0.294170
2006-07-26	0.293426
2006-07-27	0.287630
2006-07-28	0.305651
2006-07-31	0.305382
2006-08-01	0.290049
2006-08-02	0.299807
2006-08-03	0.305393
2006-08-04	0.301175
2006-08-07	0.295284
2006-08-08	0.289712
2006-08-09	0.290882
2006-08-10	0.297073
2006-08-11	0.290752
2006-08-14	0.296461
2006-08-15	0.318935
2006-08-16	0.341499
2006-08-17	0.345191
2006-08-18	0.346770
2006-08-21	0.336821
2006-08-22	0.337060
2006-08-23	0.329405
2006-08-24	0.332230
2006-08-25	0.334030
2006-08-28	0.341589
2006-08-29	0.344750
2006-08-30	0.349532
2006-08-31	0.348429
2006-09-01	0.354050
2006-09-05	0.364351
2006-09-06	0.342441
2006-09-07	0.337636
2006-09-08	0.343663
2006-09-11	0.350028
2006-09-12	0.369410
2006-09-13	0.376923
2006-09-14	0.378028
2006-09-15	0.382058
2006-09-18	0.382316
2006-09-19	0.374569
2006-09-20	0.390897
2006-09-21	0.383617
2006-09-22	0.374710
2006-09-25	0.394418
2006-09-26	0.400223
2006-09-27	0.398721
2006-09-28	0.401923
2006-09-29	0.396579
2006-10-02	0.381623
2006-10-03	0.386444
2006-10-04	0.414888
2006-10-05	0.420886
2006-10-06	0.418117
2006-10-09	0.422326
2006-10-10	0.424430
2006-10-11	0.421953
2006-10-12	0.442033
2006-10-13	0.449229
2006-10-16	0.450466
2006-10-17	0.435478
2006-10-18	0.429225
2006-10-19	0.432275
2006-10-20	0.435338
2006-10-23	0.448677
2006-10-24	0.439445
2006-10-25	0.448485
2006-10-26	0.460819
2006-10-27	0.441091
2006-10-30	0.449523
2006-10-31	0.452666
2006-11-01	0.434134
2006-11-02	0.435344
2006-11-03	0.431894
2006-11-06	0.450712
2006-11-07	0.459898
2006-11-08	0.466306
2006-11-09	0.459771
2006-11-10	0.466177
2006-11-13	0.480444
2006-11-14	0.495661
2006-11-15	0.501718
2006-11-16	0.508164
2006-11-17	0.508127
2006-11-20	0.511187
2006-11-21	0.513223
2006-11-22	0.522885
2006-11-24	0.520040
2006-11-27	0.484711
2006-11-28	0.489008
2006-11-29	0.499027
2006-11-30	0.497972
2006-12-01	0.485044
2006-12-04	0.505007
2006-12-05	0.510446
2006-12-06	0.504894
2006-12-07	0.485692
2006-12-08	0.492326
2006-12-11	0.497672
2006-12-12	0.488825
2006-12-13	0.491468
2006-12-14	0.507897
2006-12-15	0.511780
2006-12-18	0.496537
2006-12-19	0.491761
2006-12-20	0.486341
2006-12-21	0.475954
2006-12-22	0.461107
2006-12-26	0.466874
2006-12-27	0.473987
2006-12-28	0.467060
2006-12-29	0.468326
2007-01-03	0.470897
2007-01-04	0.497652
2007-01-05	0.490501
2007-01-08	0.491472
2007-01-09	0.498828
2007-01-10	0.516436
2007-01-11	0.532371
2007-01-12	0.540481
2007-01-16	0.539368
2007-01-17	0.526106
2007-01-18	0.496897
2007-01-19	0.499905
2007-01-22	0.483571
2007-01-23	0.479883
2007-01-24	0.503634
2007-01-25	0.484156
2007-01-26	0.478807
2007-01-29	0.480090
2007-01-30	0.480716
2007-01-31	0.495224
2007-02-01	0.492829
2007-02-02	0.498169
2007-02-05	0.496779
2007-02-06	0.494716
2007-02-07	0.508154
2007-02-08	0.507773
2007-02-09	0.488203
2007-02-12	0.482492
2007-02-13	0.487425
2007-02-14	0.512060
2007-02-15	0.520978
2007-02-16	0.515714
2007-02-20	0.527442
2007-02-21	0.532320
2007-02-22	0.540410
2007-02-23	0.534659
2007-02-26	0.526824
2007-02-27	0.461868
2007-02-28	0.466326
2007-03-01	0.459834
2007-03-02	0.439011
2007-03-05	0.428748
2007-03-06	0.450077
2007-03-07	0.444687
2007-03-08	0.453719
2007-03-09	0.452419
2007-03-12	0.461238
2007-03-13	0.434306
2007-03-14	0.453340
2007-03-15	0.450143
2007-03-16	0.449070
2007-03-19	0.462879
2007-03-20	0.472793
2007-03-21	0.500097
2007-03-22	0.494656
2007-03-23	0.489926
2007-03-26	0.495887
2007-03-27	0.485440
2007-03-28	0.469846
2007-03-29	0.471431
2007-03-30	0.470097
2007-04-02	0.472008
2007-04-03	0.490489
2007-04-04	0.496451
2007-04-05	0.503805
2007-04-09	0.500036
2007-04-10	0.507763
2007-04-11	0.491701
2007-04-12	0.503344
2007-04-13	0.506356
2007-04-16	0.520269
2007-04-17	0.523694
2007-04-18	0.518438
2007-04-19	0.523238
2007-04-20	0.531891
2007-04-23	0.534312
2007-04-24	0.542382
2007-04-25	0.564061
2007-04-26	0.572789
2007-04-27	0.573486
2007-04-30	0.550909
2007-05-01	0.549430
2007-05-02	0.567338
2007-05-03	0.573529
2007-05-04	0.574965
2007-05-07	0.574923
2007-05-08	0.578580
2007-05-09	0.582251
2007-05-10	0.558337
2007-05-11	0.579691
2007-05-14	0.567754
2007-05-15	0.554514
2007-05-16	0.570712
2007-05-17	0.562578
2007-05-18	0.576381
2007-05-21	0.587444
2007-05-22	0.588900
2007-05-23	0.580596
2007-05-24	0.555634
2007-05-25	0.566066
2007-05-29	0.579186
2007-05-30	0.593248
2007-05-31	0.601503
2007-06-01	0.602601
2007-06-04	0.607892
2007-06-05	0.607847
2007-06-06	0.588256
2007-06-07	0.560844
2007-06-08	0.581499
2007-06-11	0.578110
2007-06-12	0.567696
2007-06-13	0.586317
2007-06-14	0.597863
2007-06-15	0.614383
2007-06-18	0.614724
2007-06-19	0.614293
2007-06-20	0.596885
2007-06-21	0.613116
2007-06-22	0.595733
2007-06-25	0.588132
2007-06-26	0.577971
2007-06-27	0.604595
2007-06-28	0.603787
2007-06-29	0.606792
2007-07-02	0.623193
2007-07-03	0.634047
2007-07-05	0.647781
2007-07-06	0.655721
2007-07-09	0.656881
2007-07-10	0.640306
2007-07-11	0.653335
2007-07-12	0.683405
2007-07-13	0.697420
2007-07-16	0.695272
2007-07-17	0.711121
2007-07-18	0.708521
2007-07-19	0.714825
2007-07-20	0.703266
2007-07-23	0.704058
2007-07-24	0.672790
2007-07-25	0.675605
2007-07-26	0.658324
2007-07-27	0.618357
2007-07-30	0.639958
2007-07-31	0.599576
2007-08-01	0.613535
2007-08-02	0.630398
2007-08-03	0.594359
2007-08-06	0.614997
2007-08-07	0.628029
2007-08-08	0.648652
2007-08-09	0.603582
2007-08-10	0.587218
2007-08-13	0.599098
2007-08-14	0.568470
2007-08-15	0.535990
2007-08-16	0.520186
2007-08-17	0.549677
2007-08-20	0.557471
2007-08-21	0.575042
2007-08-22	0.598481
2007-08-23	0.593540
2007-08-24	0.618597
2007-08-27	0.606231
2007-08-28	0.562885
2007-08-29	0.611256
2007-08-30	0.620747
2007-08-31	0.641508
2007-09-04	0.673359
2007-09-05	0.652980
2007-09-06	0.651338
2007-09-07	0.615106
2007-09-10	0.613913
2007-09-11	0.641762
2007-09-12	0.642108
2007-09-13	0.651508
2007-09-14	0.653050
2007-09-17	0.636683
2007-09-18	0.684769
2007-09-19	0.690055
2007-09-20	0.684229
2007-09-21	0.698793
2007-09-24	0.708316
2007-09-25	0.728426
2007-09-26	0.739071
2007-09-27	0.750249
2007-09-28	0.742776
2007-10-01	0.768295
2007-10-02	0.768682
2007-10-03	0.752665
2007-10-04	0.757856
2007-10-05	0.803913
2007-10-08	0.818921
2007-10-09	0.829493
2007-10-10	0.835493
2007-10-11	0.795616
2007-10-12	0.834993
2007-10-15	0.815745
2007-10-16	0.804169
2007-10-17	0.835138
2007-10-18	0.845838
2007-10-19	0.782551
2007-10-22	0.810698
2007-10-23	0.861508
2007-10-24	0.841887
2007-10-25	0.808006
2007-10-26	0.848157
2007-10-29	0.858475
2007-10-30	0.863644
2007-10-31	0.900347
2007-11-01	0.849727
2007-11-02	0.869491
2007-11-05	0.852653
2007-11-06	0.881448
2007-11-07	0.817064
2007-11-08	0.742573
2007-11-09	0.668017
2007-11-12	0.617065
2007-11-13	0.693378
2007-11-14	0.666679
2007-11-15	0.655851
2007-11-16	0.673970
2007-11-19	0.650597
2007-11-20	0.658404
2007-11-21	0.635002
2007-11-23	0.655431
2007-11-26	0.621454
2007-11-27	0.658711
2007-11-28	0.718785
2007-11-29	0.727948
2007-11-30	0.711421
2007-12-03	0.693483
2007-12-04	0.684846
2007-12-05	0.721694
2007-12-06	0.752703
2007-12-07	0.753079
2007-12-10	0.762090
2007-12-11	0.708947
2007-12-12	0.727959
2007-12-13	0.716096
2007-12-14	0.693935
2007-12-17	0.643239
2007-12-18	0.649400
2007-12-19	0.648963
2007-12-20	0.688727
2007-12-21	0.729433
2007-12-24	0.745841
2007-12-26	0.756922
2007-12-27	0.729618
2007-12-28	0.727454
2007-12-31	0.702133
2008-01-02	0.668770
2008-01-03	0.677079
2008-01-04	0.587947
2008-01-07	0.579523
2008-01-08	0.534365
2008-01-09	0.568493
2008-01-10	0.570942
2008-01-11	0.537351
2008-01-14	0.565407
2008-01-15	0.518593
2008-01-16	0.501844
2008-01-17	0.480884
2008-01-18	0.478942
2008-01-22	0.441838
2008-01-23	0.436706
2008-01-24	0.463465
2008-01-25	0.434949
2008-01-28	0.445002
2008-01-29	0.447379
2008-01-30	0.446138
2008-01-31	0.469030
2008-02-01	0.483338
2008-02-04	0.462947
2008-02-05	0.423364
2008-02-06	0.398322
2008-02-07	0.406667
2008-02-08	0.420503
2008-02-11	0.434072
2008-02-12	0.426653
2008-02-13	0.454663
2008-02-14	0.429958
2008-02-15	0.425526
2008-02-19	0.423164
2008-02-20	0.428938
2008-02-21	0.416607
2008-02-22	0.421171
2008-02-25	0.427504
2008-02-26	0.432439
2008-02-27	0.438884
2008-02-28	0.433798
2008-02-29	0.399256
2008-03-03	0.391418
2008-03-04	0.397995
2008-03-05	0.403808
2008-03-06	0.377088
2008-03-07	0.374379
2008-03-10	0.352727
2008-03-11	0.392967
2008-03-12	0.389635
2008-03-13	0.398638
2008-03-14	0.376658
2008-03-17	0.356037
2008-03-18	0.403649
2008-03-19	0.373715
2008-03-20	0.396601
2008-03-24	0.437715
2008-03-25	0.445046
2008-03-26	0.441142
2008-03-27	0.411799
2008-03-28	0.405551
2008-03-31	0.411955
2008-04-01	0.464787
2008-04-02	0.461693
2008-04-03	0.464705
2008-04-04	0.472927
2008-04-07	0.469799
2008-04-08	0.458985
2008-04-09	0.443486
2008-04-10	0.462419
2008-04-11	0.424002
2008-04-14	0.418226
2008-04-15	0.419903
2008-04-16	0.454976
2008-04-17	0.451934
2008-04-18	0.495028
2008-04-21	0.505483
2008-04-22	0.482880
2008-04-23	0.498789
2008-04-24	0.512167
2008-04-25	0.508229
2008-04-28	0.511102
2008-04-29	0.522749
2008-04-30	0.509863
2008-05-01	0.558101
2008-05-02	0.560466
2008-05-05	0.555598
2008-05-06	0.565841
2008-05-07	0.534923
2008-05-08	0.546909
2008-05-09	0.540429
2008-05-12	0.569983
2008-05-13	0.574470
2008-05-14	0.570577
2008-05-15	0.600510
2008-05-16	0.601908
2008-05-19	0.588866
2008-05-20	0.575302
2008-05-21	0.537078
2008-05-22	0.542723
2008-05-23	0.537633
2008-05-27	0.566036
2008-05-28	0.572919
2008-05-29	0.588233
2008-05-30	0.599555
2008-06-02	0.577572
2008-06-03	0.568059
2008-06-04	0.589870
2008-06-05	0.617921
2008-06-06	0.562136
2008-06-09	0.553152
2008-06-10	0.545285
2008-06-11	0.505815
2008-06-12	0.507380
2008-06-13	0.537837
2008-06-16	0.552142
2008-06-17	0.543276
2008-06-18	0.525776
2008-06-19	0.550373
2008-06-20	0.505749
2008-06-23	0.493873
2008-06-24	0.486280
2008-06-25	0.509930
2008-06-26	0.448147
2008-06-27	0.448114
2008-06-30	0.433946
2008-07-01	0.452361
2008-07-02	0.419741
2008-07-03	0.417457
2008-07-07	0.425003
2008-07-08	0.455356
2008-07-09	0.419069
2008-07-10	0.433928
2008-07-11	0.413198
2008-07-14	0.403987
2008-07-15	0.404231
2008-07-16	0.434354
2008-07-17	0.442944
2008-07-18	0.412341
2008-07-21	0.417582
2008-07-22	0.417551
2008-07-23	0.434025
2008-07-24	0.414478
2008-07-25	0.430585
2008-07-28	0.406300
2008-07-29	0.431515
2008-07-30	0.438051
2008-07-31	0.434847
2008-08-01	0.418171
2008-08-04	0.405561
2008-08-05	0.446609
2008-08-06	0.466995
2008-08-07	0.456145
2008-08-08	0.487166
2008-08-11	0.500411
2008-08-12	0.501947
2008-08-13	0.498759
2008-08-14	0.515976
2008-08-15	0.513050
2008-08-18	0.495116
2008-08-19	0.476669
2008-08-20	0.479068
2008-08-21	0.472318
2008-08-22	0.491028
2008-08-25	0.459974
2008-08-26	0.458158
2008-08-27	0.467006
2008-08-28	0.478364
2008-08-29	0.448171
2008-09-02	0.431522
2008-09-03	0.419270
2008-09-04	0.378538
2008-09-05	0.373049
2008-09-08	0.370961
2008-09-09	0.347327
2008-09-10	0.355892
2008-09-11	0.375822
2008-09-12	0.371399
2008-09-15	0.336737
2008-09-16	0.344636
2008-09-17	0.290977
2008-09-18	0.320480
2008-09-19	0.351886
2008-09-22	0.302154
2008-09-23	0.295257
2008-09-24	0.301349
2008-09-25	0.315712
2008-09-26	0.306104
2008-09-29	0.233207
2008-09-30	0.253353
2008-10-01	0.245326
2008-10-02	0.211855
2008-10-03	0.201982
2008-10-06	0.179859
2008-10-07	0.145639
2008-10-08	0.142149
2008-10-09	0.130684
2008-10-10	0.128187
2008-10-13	0.174958
2008-10-14	0.152236
2008-10-15	0.111323
2008-10-16	0.129432
2008-10-17	0.129904
2008-10-20	0.140754
2008-10-21	0.118867
2008-10-22	0.109003
2008-10-23	0.107713
2008-10-24	0.097319
2008-10-27	0.089199
2008-10-28	0.118760
2008-10-29	0.117857
2008-10-30	0.129642
2008-10-31	0.130224
2008-11-03	0.129383
2008-11-04	0.140373
2008-11-05	0.118402
2008-11-06	0.102515
2008-11-07	0.108848
2008-11-10	0.104442
2008-11-11	0.097612
2008-11-12	0.084082
2008-11-13	0.099452
2008-11-14	0.084948
2008-11-17	0.079577
2008-11-18	0.079319
2008-11-19	0.066886
2008-11-20	0.057170
2008-11-21	0.064614
2008-11-24	0.076456
2008-11-25	0.075397
2008-11-26	0.084866
2008-11-28	0.082865
2008-12-01	0.064163
2008-12-02	0.070591
2008-12-03	0.076598
2008-12-04	0.070089
2008-12-05	0.078627
2008-12-08	0.087913
2008-12-09	0.087293
2008-12-10	0.086414
2008-12-11	0.079300
2008-12-12	0.084120
2008-12-15	0.079692
2008-12-16	0.091165
2008-12-17	0.087847
2008-12-18	0.083214
2008-12-19	0.085256
2008-12-22	0.079682
2008-12-23	0.078449
2008-12-24	0.079091
2008-12-26	0.079004
2008-12-29	0.077045
2008-12-30	0.081840
2008-12-31	0.083915
2009-01-02	0.094829
2009-01-05	0.094730
2009-01-06	0.097563
2009-01-07	0.089242
2009-01-08	0.092050
2009-01-09	0.085848
2009-01-12	0.081131
2009-01-13	0.081208
2009-01-14	0.073777
2009-01-15	0.077405
2009-01-16	0.079953
2009-01-20	0.068044
2009-01-21	0.076727
2009-01-22	0.073642
2009-01-23	0.074712
2009-01-26	0.076335
2009-01-27	0.077981
2009-01-28	0.086194
2009-01-29	0.079628
2009-01-30	0.075422
2009-02-02	0.078142
2009-02-03	0.081803
2009-02-04	0.082126
2009-02-05	0.087556
2009-02-06	0.094424
2009-02-09	0.095591
2009-02-10	0.085023
2009-02-11	0.083840
2009-02-12	0.086915
2009-02-13	0.085715
2009-02-17	0.075484
2009-02-18	0.075633
2009-02-19	0.072136
2009-02-20	0.072732
2009-02-23	0.065093
2009-02-24	0.071537
2009-02-25	0.070115
2009-02-26	0.064224
2009-02-27	0.062416
2009-03-02	0.056359
2009-03-03	0.056227
2009-03-04	0.060722
2009-03-05	0.055252
2009-03-06	0.053935
2009-03-09	0.050486
2009-03-10	0.059838
2009-03-11	0.062592
2009-03-12	0.068813
2009-03-13	0.069312
2009-03-16	0.065834
2009-03-17	0.073308
2009-03-18	0.076077
2009-03-19	0.075917
2009-03-20	0.072445
2009-03-23	0.085251
2009-03-24	0.080527
2009-03-25	0.081636
2009-03-26	0.089185
2009-03-27	0.084153
2009-03-30	0.077922
2009-03-31	0.079938
2009-04-01	0.083491
2009-04-02	0.091544
2009-04-03	0.096639
2009-04-06	0.095915
2009-04-07	0.088329
2009-04-08	0.092792
2009-04-09	0.101411
2009-04-13	0.100942
2009-04-14	0.097252
2009-04-15	0.096436
2009-04-16	0.103930
2009-04-17	0.104579
2009-04-20	0.094493
2009-04-21	0.098443
2009-04-22	0.099339
2009-04-23	0.102241
2009-04-24	0.107606
2009-04-27	0.107981
2009-04-28	0.105572
2009-04-29	0.109916
2009-04-30	0.113212
2009-05-01	0.114095
2009-05-04	0.120859
2009-05-05	0.120540
2009-05-06	0.120634
2009-05-07	0.112154
2009-05-08	0.112342
2009-05-11	0.113515
2009-05-12	0.109343
2009-05-13	0.100538
2009-05-14	0.103910
2009-05-15	0.103715
2009-05-18	0.111820
2009-05-19	0.113379
2009-05-20	0.112185
2009-05-21	0.105991
2009-05-22	0.104944
2009-05-26	0.116670
2009-05-27	0.114247
2009-05-28	0.118206
2009-05-29	0.122561
2009-06-01	0.133048
2009-06-02	0.133587
2009-06-03	0.132367
2009-06-04	0.136839
2009-06-05	0.137276
2009-06-08	0.136034
2009-06-09	0.139140
2009-06-10	0.137662
2009-06-11	0.137652
2009-06-12	0.135735
2009-06-15	0.127392
2009-06-16	0.123657
2009-06-17	0.127196
2009-06-18	0.126442
2009-06-19	0.130505
2009-06-22	0.118802
2009-06-23	0.117980
2009-06-24	0.123938
2009-06-25	0.131242
2009-06-26	0.132100
2009-06-29	0.132962
2009-06-30	0.132187
2009-07-01	0.132395
2009-07-02	0.123656
2009-07-06	0.121667
2009-07-07	0.112587
2009-07-08	0.114340
2009-07-09	0.114924
2009-07-10	0.116403
2009-07-13	0.123095
2009-07-14	0.124435
2009-07-15	0.136967
2009-07-16	0.141854
2009-07-17	0.144122
2009-07-20	0.148255
2009-07-21	0.151294
2009-07-22	0.155087
2009-07-23	0.165348
2009-07-24	0.161554
2009-07-27	0.165265
2009-07-28	0.161852
2009-07-29	0.165070
2009-07-30	0.167953
2009-07-31	0.166413
2009-08-03	0.173867
2009-08-04	0.173854
2009-08-05	0.169804
2009-08-06	0.165304
2009-08-07	0.171588
2009-08-10	0.167961
2009-08-11	0.163623
2009-08-12	0.171238
2009-08-13	0.174060
2009-08-14	0.168056
2009-08-17	0.153413
2009-08-18	0.159980
2009-08-19	0.163289
2009-08-20	0.169011
2009-08-21	0.175757
2009-08-24	0.175221
2009-08-25	0.176775
2009-08-26	0.175842
2009-08-27	0.177139
2009-08-28	0.177652
2009-08-31	0.172236
2009-09-01	0.162542
2009-09-02	0.162158
2009-09-03	0.165368
2009-09-04	0.176029
2009-09-08	0.180989
2009-09-09	0.185640
2009-09-10	0.190912
2009-09-11	0.191451
2009-09-14	0.193650
2009-09-15	0.195448
2009-09-16	0.203988
2009-09-17	0.203829
2009-09-18	0.204839
2009-09-21	0.206706
2009-09-22	0.207857
2009-09-23	0.204917
2009-09-24	0.199399
2009-09-25	0.194124
2009-09-28	0.204025
2009-09-29	0.201268
2009-09-30	0.201683
2009-10-01	0.183767
2009-10-02	0.182140
2009-10-05	0.186538
2009-10-06	0.196437
2009-10-07	0.198109
2009-10-08	0.200638
2009-10-09	0.204043
2009-10-12	0.205325
2009-10-13	0.205455
2009-10-14	0.213836
2009-10-15	0.212334
2009-10-16	0.208176
2009-10-19	0.214438
2009-10-20	0.214571
2009-10-21	0.213364
2009-10-22	0.215871
2009-10-23	0.213164
2009-10-26	0.211072
2009-10-27	0.201483
2009-10-28	0.187906
2009-10-29	0.197426
2009-10-30	0.181510
2009-11-02	0.183757
2009-11-03	0.185486
2009-11-04	0.186417
2009-11-05	0.200205
2009-11-06	0.203736
2009-11-09	0.216778
2009-11-10	0.218406
2009-11-11	0.222596
2009-11-12	0.218777
2009-11-13	0.224173
2009-11-16	0.231034
2009-11-17	0.233200
2009-11-18	0.229261
2009-11-19	0.218543
2009-11-20	0.215224
2009-11-23	0.225613
2009-11-24	0.223296
2009-11-25	0.226173
2009-11-27	0.215867
2009-11-30	0.216595
2009-12-01	0.223292
2009-12-02	0.224189
2009-12-03	0.221426
2009-12-04	0.224890
2009-12-07	0.221663
2009-12-08	0.217558
2009-12-09	0.224122
2009-12-10	0.227462
2009-12-11	0.224826
2009-12-14	0.231229
2009-12-15	0.227320
2009-12-16	0.228227
2009-12-17	0.219876
2009-12-18	0.230610
2009-12-21	0.238373
2009-12-22	0.242651
2009-12-23	0.247944
2009-12-24	0.254783
2009-12-28	0.258754
2009-12-29	0.255544
2009-12-30	0.257857
2009-12-31	0.250801
2010-01-04	0.261802
2010-01-05	0.261783
2010-01-06	0.257027
2010-01-07	0.257509
2010-01-08	0.263848
2010-01-11	0.260599
2010-01-12	0.250799
2010-01-13	0.260148
2010-01-14	0.260803
2010-01-15	0.251676
2010-01-19	0.263844
2010-01-20	0.252442
2010-01-21	0.245331
2010-01-22	0.223795
2010-01-25	0.226059
2010-01-26	0.226655
2010-01-27	0.232005
2010-01-28	0.214081
2010-01-29	0.202858
2010-02-01	0.209527
2010-02-02	0.215179
2010-02-03	0.218713
2010-02-04	0.199711
2010-02-05	0.204757
2010-02-08	0.200311
2010-02-09	0.206493
2010-02-10	0.205185
2010-02-11	0.205185
2010-02-12	0.206025
2010-02-16	0.214005
2010-02-17	0.217637
2010-02-18	0.221763
2010-02-19	0.221763
2010-02-22	0.220206
2010-02-23	0.211609
2010-02-24	0.218008
2010-02-25	0.217884
2010-02-26	0.220602
2010-03-01	0.230064
2010-03-02	0.231448
2010-03-03	0.232733
2010-03-04	0.235302
2010-03-05	0.245703
2010-03-08	0.247013
2010-03-09	0.251386
2010-03-10	0.257537
2010-03-11	0.259909
2010-03-12	0.260502
2010-03-15	0.258748
2010-03-16	0.263640
2010-03-17	0.265469
2010-03-18	0.268161
2010-03-19	0.263418
2010-03-22	0.270533
2010-03-23	0.276191
2010-03-24	0.272262
2010-03-25	0.270558
2010-03-26	0.271967
2010-03-29	0.275697
2010-03-30	0.278588
2010-03-31	0.274832
2010-04-01	0.274289
2010-04-05	0.282219
2010-04-06	0.284369
2010-04-07	0.282763
2010-04-08	0.283776
2010-04-09	0.288890
2010-04-12	0.290051
2010-04-13	0.294425
2010-04-14	0.304801
2010-04-15	0.308877
2010-04-16	0.297883
2010-04-19	0.297414
2010-04-20	0.301811
2010-04-21	0.307123
2010-04-22	0.311669
2010-04-23	0.315795
2010-04-26	0.313448
2010-04-27	0.294103
2010-04-28	0.294795
2010-04-29	0.309841
2010-04-30	0.291583
2010-05-03	0.303491
2010-05-04	0.276661
2010-05-05	0.272114
2010-05-06	0.245456
2010-05-07	0.227594
2010-05-10	0.261540
2010-05-11	0.261367
2010-05-12	0.275450
2010-05-13	0.262998
2010-05-14	0.246815
2010-05-17	0.250151
2010-05-18	0.240589
2010-05-19	0.234240
2010-05-20	0.210546
2010-05-21	0.212177
2010-05-24	0.213931
2010-05-25	0.212424
2010-05-26	0.205852
2010-05-27	0.228137
2010-05-28	0.224950
2010-06-01	0.218724
2010-06-02	0.234116
2010-06-03	0.240194
2010-06-04	0.216476
2010-06-07	0.203925
2010-06-08	0.202789
2010-06-09	0.198316
2010-06-10	0.214771
2010-06-11	0.220380
2010-06-14	0.220503
2010-06-15	0.236612
2010-06-16	0.241380
2010-06-17	0.243801
2010-06-18	0.244468
2010-06-21	0.238044
2010-06-22	0.232412
2010-06-23	0.229299
2010-06-24	0.218181
2010-06-25	0.218033
2010-06-28	0.216080
2010-06-29	0.191968
2010-06-30	0.182480
2010-07-01	0.180702
2010-07-02	0.179713
2010-07-06	0.180652
2010-07-07	0.197723
2010-07-08	0.201059
2010-07-09	0.206693
2010-07-12	0.209040
2010-07-13	0.216180
2010-07-14	0.219638
2010-07-15	0.220405
2010-07-16	0.202665
2010-07-19	0.207236
2010-07-20	0.213783
2010-07-21	0.206297
2010-07-22	0.220206
2010-07-23	0.225938
2010-07-26	0.230904
2010-07-27	0.230855
2010-07-28	0.226136
2010-07-29	0.220750
2010-07-30	0.222257
2010-08-02	0.234215
2010-08-03	0.231794
2010-08-04	0.238489
2010-08-05	0.237081
2010-08-06	0.235969
2010-08-09	0.240095
2010-08-10	0.235005
2010-08-11	0.215661
2010-08-12	0.209582
2010-08-13	0.205407
2010-08-16	0.206568
2010-08-17	0.214426
2010-08-18	0.216353
2010-08-19	0.208397
2010-08-20	0.207680
2010-08-23	0.201949
2010-08-24	0.190361
2010-08-25	0.196069
2010-08-26	0.189670
2010-08-27	0.195945
2010-08-30	0.189596
2010-08-31	0.188657
2010-09-01	0.204469
2010-09-02	0.211486
2010-09-03	0.222257
2010-09-07	0.216847
2010-09-08	0.224506
2010-09-09	0.227346
2010-09-10	0.229793
2010-09-13	0.239922
2010-09-14	0.242961
2010-09-15	0.247087
2010-09-16	0.250571
2010-09-17	0.253239
2010-09-20	0.266432
2010-09-21	0.265592
2010-09-22	0.264332
2010-09-23	0.263541
2010-09-24	0.278464
2010-09-27	0.275277
2010-09-28	0.275968
2010-09-29	0.273745
2010-09-30	0.270039
2010-10-01	0.269199
2010-10-04	0.259860
2010-10-05	0.279205
2010-10-06	0.272090
2010-10-07	0.274758
2010-10-08	0.280293
2010-10-11	0.280861
2010-10-12	0.286692
2010-10-13	0.293658
2010-10-14	0.292028
2010-10-15	0.310656
2010-10-18	0.310656
2010-10-19	0.298303
2010-10-20	0.304505
2010-10-21	0.306629
2010-10-22	0.312608
2010-10-25	0.317351
2010-10-26	0.319254
2010-10-27	0.322540
2010-10-28	0.324393
2010-10-29	0.322836
2010-11-01	0.323578
2010-11-02	0.333386
2010-11-03	0.338203
2010-11-04	0.350186
2010-11-05	0.350606
2010-11-08	0.351496
2010-11-09	0.345813
2010-11-10	0.351100
2010-11-11	0.345195
2010-11-12	0.327630
2010-11-15	0.324121
2010-11-16	0.308038
2010-11-17	0.310952
2010-11-18	0.325406
2010-11-19	0.326172
2010-11-22	0.334770
2010-11-23	0.318957
2010-11-24	0.337586
2010-11-26	0.335461
2010-11-29	0.330792
2010-11-30	0.318216
2010-12-01	0.338451
2010-12-02	0.348728
2010-12-03	0.351644
2010-12-06	0.351026
2010-12-07	0.351348
2010-12-08	0.356215
2010-12-09	0.356585
2010-12-10	0.364071
2010-12-13	0.359797
2010-12-14	0.361303
2010-12-15	0.357622
2010-12-16	0.365084
2010-12-17	0.366196
2010-12-20	0.367184
2010-12-21	0.373236
2010-12-22	0.373632
2010-12-23	0.370791
2010-12-27	0.370940
2010-12-28	0.369334
2010-12-29	0.371533
2010-12-30	0.368741
2010-12-31	0.365355
2011-01-03	0.381859
2011-01-04	0.381266
2011-01-05	0.390729
2011-01-06	0.394262
2011-01-07	0.393347
2011-01-10	0.397770
2011-01-11	0.399599
2011-01-12	0.407703
2011-01-13	0.408987
2011-01-14	0.417857
2011-01-18	0.421191
2011-01-19	0.407085
2011-01-20	0.397943
2011-01-21	0.388851
2011-01-24	0.404911
2011-01-25	0.406318
2011-01-26	0.412619
2011-01-27	0.420574
2011-01-28	0.388851
2011-01-31	0.394608
2011-02-01	0.416522
2011-02-02	0.414644
2011-02-03	0.416251
2011-02-04	0.423762
2011-02-07	0.429913
2011-02-08	0.439080
2011-02-09	0.436411
2011-02-10	0.438536
2011-02-11	0.447529
2011-02-14	0.450346
2011-02-15	0.449184
2011-02-16	0.457486
2011-02-17	0.457090
2011-02-18	0.454496
2011-02-22	0.414472
2011-02-23	0.404244
2011-02-24	0.409999
2011-02-25	0.427566
2011-02-28	0.430679
2011-03-01	0.409975
2011-03-02	0.415756
2011-03-03	0.440561
2011-03-04	0.434039
2011-03-07	0.416745
2011-03-08	0.421093
2011-03-09	0.412594
2011-03-10	0.393718
2011-03-11	0.400290
2011-03-14	0.396387
2011-03-15	0.380179
2011-03-16	0.352261
2011-03-17	0.361452
2011-03-18	0.359475
2011-03-21	0.379537
2011-03-22	0.378499
2011-03-23	0.384231
2011-03-24	0.405133
2011-03-25	0.408097
2011-03-28	0.401180
2011-03-29	0.412693
2011-03-30	0.418770
2011-03-31	0.420549
2011-04-01	0.421191
2011-04-04	0.417387
2011-04-05	0.412643
2011-04-06	0.415756
2011-04-07	0.415658
2011-04-08	0.409432
2011-04-11	0.405725
2011-04-12	0.397721
2011-04-13	0.407208
2011-04-14	0.404984
2011-04-15	0.402366
2011-04-18	0.394608
2011-04-19	0.401724
2011-04-20	0.428456
2011-04-21	0.439326
2011-04-25	0.442587
2011-04-26	0.450197
2011-04-27	0.459536
2011-04-28	0.458844
2011-04-29	0.456620
2011-05-02	0.454150
2011-05-03	0.447331
2011-05-04	0.444712
2011-05-05	0.438042
2011-05-06	0.441846
2011-05-09	0.446639
2011-05-10	0.458103
2011-05-11	0.448220
2011-05-12	0.456126
2011-05-13	0.439968
2011-05-16	0.417090
2011-05-17	0.420500
2011-05-18	0.430728
2011-05-19	0.434435
2011-05-20	0.424849
2011-05-23	0.406417
2011-05-24	0.398759
2011-05-25	0.403206
2011-05-26	0.410766
2011-05-27	0.416893
2011-05-31	0.436954
2011-06-01	0.409036
2011-06-02	0.411408
2011-06-03	0.392730
2011-06-06	0.383243
2011-06-07	0.381020
2011-06-08	0.372817
2011-06-09	0.374448
2011-06-10	0.357252
2011-06-13	0.357499
2011-06-14	0.370791
2011-06-15	0.350532
2011-06-16	0.345640
2011-06-17	0.343071
2011-06-20	0.347616
2011-06-21	0.370791
2011-06-22	0.362440
2011-06-23	0.372471
2011-06-24	0.352854
2011-06-27	0.370000
2011-06-28	0.386603
2011-06-29	0.391445
2011-06-30	0.406318
2011-07-01	0.425145
2011-07-05	0.431272
2011-07-06	0.435867
2011-07-07	0.453508
2011-07-08	0.449753
2011-07-11	0.425639
2011-07-12	0.415262
2011-07-13	0.420797
2011-07-14	0.406318
2011-07-15	0.422477
2011-07-18	0.415510
2011-07-19	0.444811
2011-07-20	0.438585
2011-07-21	0.447480
2011-07-22	0.461364
2011-07-25	0.458647
2011-07-26	0.461167
2011-07-27	0.426183
2011-07-28	0.428456
2011-07-29	0.424305
2011-08-01	0.418573
2011-08-02	0.386800
2011-08-03	0.396831
2011-08-04	0.342823
2011-08-05	0.335263
2011-08-08	0.276364
2011-08-09	0.314214
2011-08-10	0.277154
2011-08-11	0.312731
2011-08-12	0.320687
2011-08-15	0.334522
2011-08-16	0.325925
2011-08-17	0.320638
2011-08-18	0.274140
2011-08-19	0.258773
2011-08-22	0.261095
2011-08-23	0.293411
2011-08-24	0.300329
2011-08-25	0.285900
2011-08-26	0.306555
2011-08-29	0.332645
2011-08-30	0.339414
2011-08-31	0.341391
2011-09-01	0.331756
2011-09-02	0.308531
2011-09-06	0.308482
2011-09-07	0.331805
2011-09-08	0.327209
2011-09-09	0.305666
2011-09-12	0.317129
2011-09-13	0.329433
2011-09-14	0.343664
2011-09-15	0.359278
2011-09-16	0.368667
2011-09-19	0.369605
2011-09-20	0.364368
2011-09-21	0.345837
2011-09-22	0.312188
2011-09-23	0.321922
2011-09-26	0.332842
2011-09-27	0.343022
2011-09-28	0.326863
2011-09-29	0.317179
2011-09-30	0.292521
2011-10-03	0.269595
2011-10-04	0.285999
2011-10-05	0.307741
2011-10-06	0.323553
2011-10-07	0.316882
2011-10-10	0.349395
2011-10-11	0.356857
2011-10-12	0.362589
2011-10-13	0.372323
2011-10-14	0.392829
2011-10-17	0.374645
2011-10-18	0.388234
2011-10-19	0.365850
2011-10-20	0.361205
2011-10-21	0.374052
2011-10-24	0.397424
2011-10-25	0.374892
2011-10-26	0.373410
2011-10-27	0.403503
2011-10-28	0.404837
2011-10-31	0.384775
2011-11-01	0.354979
2011-11-02	0.363725
2011-11-03	0.385862
2011-11-04	0.379883
2011-11-07	0.388333
2011-11-08	0.401279
2011-11-09	0.359772
2011-11-10	0.358289
2011-11-11	0.378400
2011-11-14	0.371977
2011-11-15	0.383935
2011-11-16	0.365010
2011-11-17	0.339908
2011-11-18	0.331756
2011-11-21	0.312484
2011-11-22	0.315202
2011-11-23	0.294251
2011-11-25	0.287581
2011-11-28	0.317277
2011-11-29	0.311545
2011-11-30	0.345739
2011-12-01	0.353151
2011-12-02	0.349791
2011-12-05	0.361254
2011-12-06	0.358488
2011-12-07	0.359031
2011-12-08	0.340749
2011-12-09	0.356906
2011-12-12	0.345195
2011-12-13	0.333535
2011-12-14	0.318018
2011-12-15	0.315548
2011-12-16	0.319501
2011-12-19	0.310656
2011-12-20	0.338228
2011-12-21	0.324146
2011-12-22	0.332052
2011-12-23	0.340650
2011-12-27	0.343268
2011-12-28	0.332249
2011-12-29	0.338722
2011-12-30	0.335956
2012-01-03	0.355078
2012-01-04	0.359327
2012-01-05	0.368172
2012-01-06	0.371977
2012-01-09	0.368864
2012-01-10	0.376424
2012-01-11	0.379043
2012-01-12	0.383540
2012-01-13	0.379141
2012-01-17	0.389321
2012-01-18	0.404787
2012-01-19	0.412890
2012-01-20	0.411062
2012-01-23	0.411013
2012-01-24	0.408739
2012-01-25	0.424354
2012-01-26	0.419858
2012-01-27	0.424008
2012-01-30	0.424700
2012-01-31	0.426183
2012-02-01	0.436657
2012-02-02	0.441154
2012-02-03	0.458696
2012-02-06	0.458251
2012-02-07	0.460227
2012-02-08	0.467886
2012-02-09	0.478264
2012-02-10	0.468034
2012-02-13	0.480635
2012-02-14	0.484835
2012-02-15	0.474013
2012-02-16	0.493828
2012-02-17	0.489628
2012-02-21	0.493779
2012-02-22	0.487257
2012-02-23	0.496496
2012-02-24	0.501339
2012-02-27	0.503760
2012-02-28	0.518831
2012-02-29	0.512012
2012-03-01	0.524464
2012-03-02	0.522883
2012-03-05	0.506576
2012-03-06	0.492049
2012-03-07	0.503217
2012-03-08	0.519177
2012-03-09	0.525452
2012-03-12	0.526292
2012-03-13	0.555940
2012-03-14	0.562165
2012-03-15	0.566464
2012-03-16	0.565229
2012-03-19	0.577533
2012-03-20	0.580695
2012-03-21	0.580497
2012-03-22	0.576989
2012-03-23	0.576199
2012-03-26	0.606291
2012-03-27	0.608613
2012-03-28	0.601497
2012-03-29	0.595321
2012-03-30	0.591171
2012-04-02	0.609206
2012-04-03	0.609256
2012-04-04	0.584401
2012-04-05	0.595074
2012-04-09	0.581387
2012-04-10	0.553321
2012-04-11	0.561326
2012-04-12	0.580151
2012-04-13	0.553914
2012-04-16	0.536471
2012-04-17	0.568095
2012-04-18	0.563944
2012-04-19	0.545711
2012-04-20	0.539831
2012-04-23	0.526243
2012-04-24	0.516953
2012-04-25	0.558015
2012-04-26	0.567996
2012-04-27	0.577730
2012-04-30	0.565723
2012-05-01	0.568936
2012-05-02	0.572690
2012-05-03	0.554902
2012-05-04	0.514186
2012-05-07	0.514927
2012-05-08	0.509245
2012-05-09	0.506428
2012-05-10	0.501240
2012-05-11	0.500746
2012-05-14	0.486910
2012-05-15	0.482661
2012-05-16	0.472185
2012-05-17	0.443131
2012-05-18	0.425342
2012-05-21	0.461117
2012-05-22	0.459437
2012-05-23	0.462006
2012-05-24	0.453705
2012-05-25	0.451136
2012-05-29	0.467936
2012-05-30	0.456571
2012-05-31	0.450049
2012-06-01	0.414669
2012-06-04	0.423563
2012-06-05	0.429394
2012-06-06	0.458746
2012-06-07	0.453606
2012-06-08	0.466948
2012-06-11	0.444613
2012-06-12	0.458647
2012-06-13	0.449653
2012-06-14	0.454694
2012-06-15	0.471493
2012-06-18	0.483649
2012-06-19	0.499560
2012-06-20	0.501339
2012-06-21	0.463785
2012-06-22	0.478214
2012-06-25	0.449851
2012-06-26	0.458547
2012-06-27	0.466948
2012-06-28	0.450147
2012-06-29	0.494124
2012-07-02	0.498078
2012-07-03	0.509937
2012-07-05	0.511715
2012-07-06	0.491555
2012-07-09	0.489875
2012-07-10	0.474854
2012-07-11	0.468331
2012-07-12	0.454792
2012-07-13	0.474557
2012-07-16	0.470999
2012-07-17	0.478214
2012-07-18	0.497682
2012-07-19	0.513890
2012-07-20	0.494124
2012-07-23	0.475842
2012-07-24	0.464971
2012-07-25	0.454595
2012-07-26	0.472383
2012-07-27	0.508158
2012-07-30	0.505094
2012-07-31	0.505390
2012-08-01	0.500449
2012-08-02	0.495211
2012-08-03	0.523377
2012-08-06	0.535137
2012-08-07	0.548380
2012-08-08	0.547490
2012-08-09	0.552134
2012-08-10	0.554408
2012-08-13	0.557768
2012-08-14	0.558558
2012-08-15	0.562512
2012-08-16	0.582672
2012-08-17	0.590676
2012-08-20	0.592949
2012-08-21	0.586131
2012-08-22	0.592455
2012-08-23	0.579312
2012-08-24	0.589589
2012-08-27	0.592455
2012-08-28	0.592357
2012-08-29	0.592554
2012-08-30	0.574469
2012-08-31	0.586724
2012-09-04	0.584253
2012-09-05	0.581585
2012-09-06	0.620028
2012-09-07	0.617359
2012-09-10	0.594630
2012-09-11	0.592061
2012-09-12	0.597199
2012-09-13	0.621015
2012-09-14	0.636926
2012-09-17	0.638112
2012-09-18	0.639298
2012-09-19	0.643547
2012-09-20	0.642066
2012-09-21	0.642066
2012-09-24	0.630206
2012-09-25	0.604907
2012-09-26	0.588996
2012-09-27	0.614000
2012-09-28	0.599275
2012-10-01	0.596704
2012-10-02	0.600559
2012-10-03	0.611924
2012-10-04	0.619039
2012-10-05	0.608366
2012-10-08	0.592258
2012-10-09	0.561820
2012-10-10	0.555001
2012-10-11	0.550060
2012-10-12	0.549961
2012-10-15	0.560930
2012-10-16	0.585340
2012-10-17	0.583561
2012-10-18	0.563599
2012-10-19	0.522883
2012-10-22	0.531085
2012-10-23	0.515372
2012-10-24	0.510233
2012-10-25	0.510233
2012-10-26	0.515570
2012-10-31	0.505589
2012-11-01	0.527033
2012-11-02	0.507762
2012-11-05	0.520214
2012-11-06	0.523377
2012-11-07	0.485823
2012-11-08	0.463093
2012-11-09	0.468134
2012-11-12	0.468826
2012-11-13	0.458647
2012-11-14	0.442242
2012-11-15	0.438288
2012-11-16	0.443230
2012-11-19	0.475150
2012-11-20	0.475249
2012-11-21	0.478609
2012-11-23	0.500548
2012-11-26	0.506972
2012-11-27	0.501240
2012-11-28	0.514680
2012-11-29	0.523574
2012-11-30	0.521697
2012-12-03	0.519128
2012-12-04	0.515767
2012-12-05	0.499857
2012-12-06	0.509048
2012-12-07	0.500351
2012-12-10	0.504797
2012-12-11	0.524266
2012-12-12	0.520708
2012-12-13	0.508948
2012-12-14	0.494520
2012-12-17	0.513791
2012-12-18	0.537608
2012-12-19	0.529899
2012-12-20	0.530294
2012-12-21	0.513791
2012-12-24	0.509442
2012-12-26	0.497386
2012-12-27	0.494618
2012-12-28	0.480289
2012-12-31	0.511617
2013-01-02	0.559349
2013-01-03	0.551246
2013-01-04	0.545810
2013-01-07	0.546403
2013-01-08	0.543240
2013-01-09	0.548775
2013-01-10	0.558460
2013-01-11	0.560535
2013-01-14	0.553321
2013-01-15	0.545118
2013-01-16	0.551246
2013-01-17	0.559744
2013-01-18	0.556582
2013-01-22	0.558855
2013-01-23	0.567947
2013-01-24	0.545316
2013-01-25	0.553419
2013-01-28	0.557373
2013-01-29	0.557373
2013-01-30	0.554309
2013-01-31	0.550751
2013-02-01	0.568836
2013-02-04	0.539881
2013-02-05	0.563599
2013-02-06	0.558361
2013-02-07	0.559744
2013-02-08	0.576743
2013-02-11	0.576544
2013-02-12	0.569824
2013-02-13	0.576446
2013-02-14	0.575260
2013-02-15	0.570319
2013-02-19	0.582771
2013-02-20	0.556186
2013-02-21	0.538102
2013-02-22	0.553914
2013-02-25	0.533259
2013-02-26	0.539683
2013-02-27	0.556088
2013-02-28	0.554012
2013-03-01	0.559744
2013-03-04	0.566958
2013-03-05	0.591862
2013-03-06	0.588107
2013-03-07	0.593246
2013-03-08	0.593938
2013-03-11	0.600065
2013-03-12	0.592752
2013-03-13	0.590875
2013-03-14	0.596903
2013-03-15	0.591269
2013-03-18	0.587217
2013-03-19	0.584845
2013-03-20	0.596013
2013-03-21	0.576940
2013-03-22	0.592851
2013-03-25	0.586823
2013-03-26	0.595815
2013-03-27	0.598977
2013-03-28	0.602437
2013-04-01	0.590775
2013-04-02	0.604117
2013-04-03	0.588107
2013-04-04	0.588403
2013-04-05	0.573975
2013-04-08	0.582771
2013-04-09	0.594234
2013-04-10	0.629021
2013-04-11	0.627933
2013-04-12	0.627242
2013-04-15	0.589096
2013-04-16	0.613703
2013-04-17	0.577830
2013-04-18	0.552826
2013-04-19	0.575754
2013-04-22	0.593444
2013-04-23	0.610935
2013-04-24	0.609453
2013-04-25	0.619336
2013-04-26	0.614098
2013-04-29	0.630404
2013-04-30	0.644240
2013-05-01	0.636038
2013-05-02	0.659064
2013-05-03	0.682089
2013-05-06	0.690885
2013-05-07	0.689205
2013-05-08	0.699977
2013-05-09	0.697506
2013-05-10	0.709365
2013-05-13	0.712132
2013-05-14	0.722608
2013-05-15	0.727945
2013-05-16	0.725276
2013-05-17	0.745733
2013-05-20	0.742373
2013-05-21	0.745140
2013-05-22	0.726956
2013-05-23	0.719050
2013-05-24	0.718655
2013-05-28	0.733479
2013-05-29	0.722410
2013-05-30	0.734170
2013-05-31	0.713219
2013-06-03	0.717370
2013-06-04	0.706598
2013-06-05	0.679520
2013-06-06	0.687821
2013-06-07	0.716580
2013-06-10	0.716876
2013-06-11	0.696123
2013-06-12	0.672009
2013-06-13	0.696123
2013-06-14	0.683868
2013-06-17	0.702842
2013-06-18	0.719445
2013-06-19	0.696814
2013-06-20	0.645426
2013-06-21	0.636333
2013-06-24	0.616667
2013-06-25	0.629811
2013-06-26	0.647007
2013-06-27	0.654221
2013-06-28	0.656000
2013-07-01	0.670033
2013-07-02	0.670330
2013-07-03	0.679421
2013-07-05	0.694443
2013-07-08	0.696716
2013-07-09	0.709464
2013-07-10	0.721422
2013-07-11	0.766388
2013-07-12	0.774392
2013-07-15	0.780420
2013-07-16	0.777357
2013-07-17	0.782891
2013-07-18	0.777159
2013-07-19	0.753540
2013-07-22	0.758975
2013-07-23	0.742077
2013-07-24	0.749093
2013-07-25	0.762632
2013-07-26	0.775282
2013-07-29	0.771724
2013-07-30	0.783188
2013-07-31	0.788129
2013-08-01	0.812144
2013-08-02	0.825683
2013-08-05	0.827461
2013-08-06	0.812736
2013-08-07	0.808091
2013-08-08	0.818863
2013-08-09	0.810068
2013-08-12	0.815108
2013-08-13	0.828647
2013-08-14	0.819456
2013-08-15	0.778345
2013-08-16	0.775578
2013-08-19	0.772514
2013-08-20	0.783089
2013-08-21	0.775282
2013-08-22	0.797418
2013-08-23	0.814218
2013-08-26	0.814910
2013-08-27	0.763620
2013-08-28	0.773503
2013-08-29	0.789513
2013-08-30	0.774787
2013-09-03	0.787535
2013-09-04	0.813231
2013-09-05	0.816788
2013-09-06	0.819753
2013-09-09	0.848609
2013-09-10	0.861457
2013-09-11	0.857109
2013-09-12	0.853254
2013-09-13	0.856022
2013-09-16	0.848808
2013-09-17	0.865805
2013-09-18	0.897627
2013-09-19	0.903161
2013-09-20	0.893279
2013-09-23	0.888238
2013-09-24	0.888436
2013-09-25	0.880036
2013-09-26	0.900196
2013-09-27	0.895947
2013-09-30	0.890314
2013-10-01	0.916997
2013-10-02	0.915317
2013-10-03	0.883495
2013-10-04	0.906224
2013-10-07	0.883792
2013-10-08	0.833785
2013-10-09	0.824595
2013-10-10	0.876972
2013-10-11	0.896737
2013-10-14	0.915317
2013-10-15	0.905532
2013-10-16	0.936464
2013-10-17	0.951585
2013-10-18	0.998625
2013-10-21	1.004358
2013-10-22	1.007817
2013-10-23	0.991609
2013-10-24	1.003962
2013-10-25	1.024024
2013-10-28	1.026099
2013-10-29	1.031040
2013-10-30	1.027779
2013-10-31	1.021158
2013-11-01	1.020663
2013-11-04	1.025605
2013-11-05	1.029953
2013-11-06	1.028174
2013-11-07	0.971153
2013-11-08	1.009497
2013-11-11	1.004654
2013-11-12	1.009596
2013-11-13	1.045766
2013-11-14	1.053869
2013-11-15	1.061182
2013-11-18	1.031831
2013-11-19	1.021652
2013-11-20	1.014537
2013-11-21	1.045567
2013-11-22	1.062071
2013-11-25	1.069088
2013-11-26	1.086778
2013-11-27	1.108519
2013-11-29	1.126702
2013-12-02	1.119686
2013-12-03	1.116425
2013-12-04	1.119291
2013-12-05	1.115832
2013-12-06	1.138859
2013-12-09	1.152497
2013-12-10	1.150421
2013-12-11	1.107432
2013-12-12	1.098439
2013-12-13	1.093201
2013-12-16	1.111977
2013-12-17	1.104962
2013-12-18	1.143108
2013-12-19	1.132830
2013-12-20	1.166925
2013-12-23	1.204676
2013-12-24	1.206356
2013-12-26	1.218115
2013-12-27	1.209221
2013-12-30	1.202897
2013-12-31	1.226516
2014-01-02	1.197857
2014-01-03	1.171767
2014-01-06	1.159315
2014-01-07	1.189358
2014-01-08	1.198252
2014-01-09	1.185899
2014-01-10	1.197758
2014-01-13	1.144491
2014-01-14	1.210012
2014-01-15	1.238276
2014-01-16	1.240846
2014-01-17	1.218808
2014-01-21	1.246084
2014-01-22	1.257646
2014-01-23	1.242526
2014-01-24	1.168900
2014-01-27	1.134905
2014-01-28	1.134510
2014-01-29	1.098736
2014-01-30	1.156647
2014-01-31	1.148543
2014-02-03	1.072448
2014-02-04	1.093399
2014-02-05	1.083318
2014-02-06	1.124825
2014-02-07	1.184515
2014-02-10	1.206257
2014-02-11	1.247566
2014-02-12	1.253495
2014-02-13	1.285712
2014-02-14	1.289468
2014-02-18	1.309628
2014-02-19	1.280968
2014-02-20	1.299548
2014-02-21	1.292827
2014-02-24	1.315557
2014-02-25	1.310814
2014-02-26	1.306465
2014-02-27	1.332160
2014-02-28	1.325439
2014-03-03	1.296385
2014-03-04	1.348564
2014-03-05	1.359633
2014-03-06	1.354494
2014-03-07	1.335125
2014-03-10	1.337891
2014-03-11	1.321289
2014-03-12	1.336113
2014-03-13	1.279388
2014-03-14	1.253099
2014-03-17	1.286503
2014-03-18	1.332753
2014-03-19	1.310814
2014-03-20	1.321092
2014-03-21	1.272667
2014-03-24	1.240648
2014-03-25	1.252112
2014-03-26	1.204478
2014-03-27	1.183132
2014-03-28	1.190840
2014-03-31	1.214558
2014-04-01	1.280375
2014-04-02	1.290455
2014-04-03	1.260018
2014-04-04	1.160006
2014-04-07	1.125221
2014-04-08	1.156647
2014-04-09	1.215942
2014-04-10	1.103676
2014-04-11	1.065134
2014-04-14	1.089051
2014-04-15	1.099921
2014-04-16	1.142614
2014-04-17	1.143206
2014-04-21	1.169099
2014-04-22	1.197758
2014-04-23	1.165146
2014-04-24	1.199537
2014-04-25	1.141625
2014-04-28	1.153880
2014-04-29	1.179376
2014-04-30	1.189852
2014-05-01	1.200525
2014-05-02	1.194596
2014-05-05	1.211593
2014-05-06	1.164750
2014-05-07	1.154275
2014-05-08	1.150322
2014-05-09	1.163763
2014-05-12	1.220487
2014-05-13	1.223058
2014-05-14	1.204873
2014-05-15	1.177005
2014-05-16	1.198944
2014-05-19	1.224638
2014-05-20	1.211198
2014-05-21	1.245391
2014-05-22	1.260808
2014-05-23	1.289072
2014-05-27	1.337496
2014-05-28	1.324847
2014-05-29	1.351727
2014-05-30	1.350542
2014-06-02	1.347181
2014-06-03	1.345205
2014-06-04	1.359436
2014-06-05	1.394815
2014-06-06	1.417347
2014-06-09	1.414778
2014-06-10	1.422881
2014-06-11	1.420707
2014-06-12	1.383549
2014-06-13	1.393036
2014-06-16	1.398175
2014-06-17	1.400151
2014-06-18	1.425647
2014-06-19	1.420114
2014-06-20	1.425253
2014-06-23	1.426834
2014-06-24	1.422881
2014-06-25	1.449015
2014-06-26	1.452968
2014-06-27	1.467399
2014-06-30	1.478272
2014-07-01	1.527890
2014-07-02	1.533820
2014-07-03	1.563275
2014-07-07	1.548252
2014-07-08	1.494284
2014-07-09	1.528088
2014-07-10	1.513657
2014-07-11	1.539949
2014-07-14	1.569403
2014-07-15	1.552996
2014-07-16	1.570589
2014-07-17	1.507925
2014-07-18	1.579287
2014-07-21	1.573554
2014-07-22	1.604789
2014-07-23	1.634837
2014-07-24	1.629104
2014-07-25	1.609137
2014-07-28	1.611115
2014-07-29	1.603010
2014-07-30	1.622185
2014-07-31	1.523344
2014-08-01	1.505750
2014-08-04	1.536588
2014-08-05	1.500610
2014-08-06	1.498040
2014-08-07	1.483610
2014-08-08	1.515238
2014-08-11	1.542716
2014-08-12	1.539158
2014-08-13	1.589172
2014-08-14	1.613684
2014-08-15	1.635627
2014-08-18	1.675164
2014-08-19	1.704025
2014-08-20	1.704025
2014-08-21	1.713712
2014-08-22	1.720433
2014-08-25	1.739608
2014-08-26	1.745539
2014-08-27	1.745737
2014-08-28	1.738620
2014-08-29	1.758982
2014-09-02	1.773610
2014-09-03	1.743166
2014-09-04	1.737632
2014-09-05	1.764516
2014-09-08	1.773412
2014-09-09	1.730318
2014-09-10	1.770447
2014-09-11	1.769063
2014-09-12	1.741190
2014-09-15	1.688804
2014-09-16	1.734469
2014-09-17	1.742969
2014-09-18	1.780528
2014-09-19	1.776575
2014-09-22	1.728340
2014-09-23	1.713316
2014-09-24	1.768866
2014-09-25	1.656581
2014-09-26	1.709561
2014-09-29	1.703828
2014-09-30	1.710154
2014-10-01	1.628313
2014-10-02	1.627522
2014-10-03	1.676548
2014-10-06	1.665082
2014-10-07	1.594707
2014-10-08	1.686827
2014-10-09	1.602812
2014-10-10	1.482818
2014-10-13	1.413432
2014-10-14	1.416002
2014-10-15	1.385757
2014-10-16	1.364208
2014-10-17	1.417583
2014-10-20	1.478667
2014-10-21	1.594311
2014-10-22	1.569602
2014-10-23	1.641360
2014-10-24	1.679117
2014-10-27	1.685443
2014-10-28	1.760761
2014-10-29	1.739608
2014-10-30	1.750481
2014-10-31	1.822635
2014-11-03	1.841415
2014-11-04	1.821845
2014-11-05	1.821647
2014-11-06	1.837264
2014-11-07	1.832717
2014-11-10	1.851497
2014-11-11	1.869091
2014-11-12	1.879370
2014-11-13	1.903488
2014-11-14	1.921081
2014-11-17	1.903092
2014-11-18	1.945792
2014-11-19	1.921081
2014-11-20	1.946582
2014-11-21	1.960618
2014-11-24	2.004899
2014-11-25	2.011423
2014-11-26	2.052540
2014-11-28	2.083181
2014-12-01	2.006282
2014-12-02	2.027830
2014-12-03	2.046214
2014-12-04	2.040086
2014-12-05	2.041470
2014-12-08	1.997387
2014-12-09	2.016760
2014-12-10	1.919104
2014-12-11	1.949152
2014-12-12	1.884708
2014-12-15	1.828170
2014-12-16	1.737434
2014-12-17	1.830740
2014-12-18	1.964967
2014-12-19	1.986909
2014-12-22	2.005238
2014-12-23	1.986059
2014-12-24	1.990211
2014-12-26	2.030545
2014-12-29	2.030941
2014-12-30	1.989024
2014-12-31	1.926744
2015-01-02	1.910927
2015-01-05	1.824921
2015-01-06	1.752557
2015-01-07	1.819977
2015-01-08	1.923778
2015-01-09	1.884829
2015-01-12	1.826898
2015-01-13	1.825316
2015-01-14	1.797240
2015-01-15	1.725865
2015-01-16	1.787354
2015-01-20	1.826898
2015-01-21	1.854973
2015-01-22	1.958181
2015-01-23	1.971230
2015-01-26	1.966880
2015-01-27	1.814639
2015-01-28	1.783400
2015-01-29	1.835004
2015-01-30	1.792891
2015-02-02	1.839947
2015-02-03	1.890167
2015-02-04	1.885224
2015-02-05	1.935246
2015-02-06	1.900052
2015-02-09	1.879095
2015-02-10	1.969056
2015-02-11	1.991200
2015-02-12	2.060796
2015-02-13	2.112795
2015-02-17	2.118529
2015-02-18	2.127624
2015-02-19	2.159654
2015-02-20	2.201174
2015-02-23	2.209874
2015-02-24	2.214421
2015-02-25	2.196627
2015-02-26	2.230042
2015-02-27	2.200581
2015-03-02	2.259896
2015-03-03	2.227470
2015-03-04	2.202757
2015-03-05	2.212445
2015-03-06	2.136324
2015-03-09	2.156885
2015-03-10	2.037465
2015-03-11	2.001680
2015-03-12	2.040036
2015-03-13	2.013739
2015-03-16	2.090849
2015-03-17	2.102515
2015-03-18	2.163015
2015-03-19	2.173494
2015-03-20	2.218573
2015-03-23	2.199988
2015-03-24	2.177646
2015-03-25	2.025805
2015-03-26	2.009195
2015-03-27	2.028574
2015-03-30	2.101538
2015-03-31	2.036483
2015-04-01	2.002076
2015-04-02	2.005438
2015-04-06	2.053685
2015-04-07	2.044194
2015-04-08	2.092837
2015-04-09	2.131791
2015-04-10	2.157299
2015-04-13	2.141283
2015-04-14	2.122893
2015-04-15	2.160463
2015-04-16	2.152949
2015-04-17	2.052301
2015-04-20	2.144051
2015-04-21	2.171536
2015-04-22	2.206733
2015-04-23	2.233230
2015-04-24	2.320629
2015-04-27	2.305798
2015-04-28	2.290771
2015-04-29	2.247071
2015-04-30	2.141480
2015-05-01	2.228089
2015-05-04	2.235997
2015-05-05	2.130012
2015-05-06	2.084532
2015-05-07	2.120322
2015-05-08	2.198032
2015-05-11	2.173909
2015-05-12	2.145829
2015-05-13	2.156904
2015-05-14	2.252410
2015-05-15	2.252213
2015-05-18	2.279895
2015-05-19	2.273369
2015-05-20	2.277127
2015-05-21	2.312917
2015-05-22	2.306589
2015-05-26	2.226705
2015-05-27	2.333877
2015-05-28	2.316674
2015-05-29	2.277523
2015-06-01	2.297494
2015-06-02	2.276534
2015-06-03	2.296505
2015-06-04	2.246478
2015-06-05	2.229472
2015-06-08	2.161253
2015-06-09	2.150575
2015-06-10	2.235801
2015-06-11	2.248060
2015-06-12	2.190913
2015-06-15	2.160660
2015-06-16	2.193682
2015-06-17	2.212071
2015-06-18	2.305601
2015-06-19	2.270404
2015-06-22	2.325177
2015-06-23	2.330910
2015-06-24	2.295121
2015-06-25	2.280094
2015-06-26	2.237777
2015-06-29	2.079589
2015-06-30	2.103317
2015-07-01	2.146423
2015-07-02	2.154530
2015-07-06	2.136339
2015-07-07	2.147215
2015-07-08	2.039646
2015-07-09	2.033713
2015-07-10	2.128232
2015-07-13	2.236987
2015-07-14	2.281873
2015-07-15	2.292748
2015-07-16	2.382322
2015-07-17	2.491275
2015-07-20	2.519156
2015-07-21	2.512235
2015-07-22	2.429779
2015-07-23	2.400712
2015-07-24	2.332493
2015-07-27	2.272579
2015-07-28	2.332493
2015-07-29	2.358594
2015-07-30	2.391418
2015-07-31	2.384102
2015-08-03	2.362153
2015-08-04	2.346927
2015-08-05	2.401898
2015-08-06	2.286618
2015-08-07	2.277523
2015-08-10	2.354441
2015-08-11	2.264670
2015-08-12	2.284640
2015-08-13	2.274359
2015-08-14	2.286618
2015-08-17	2.342775
2015-08-18	2.305403
2015-08-19	2.262099
2015-08-20	2.075831
2015-08-21	1.817589
2015-08-24	1.602255
2015-08-25	1.581096
2015-08-26	1.809284
2015-08-27	1.950665
2015-08-28	1.949083
2015-08-31	1.876712
2015-09-01	1.706462
2015-09-02	1.845272
2015-09-03	1.814820
2015-09-04	1.754115
2015-09-08	1.903011
2015-09-09	1.836769
2015-09-10	1.895496
2015-09-11	1.926146
2015-09-14	1.908943
2015-09-15	1.975579
2015-09-16	2.008601
2015-09-17	2.014137
2015-09-18	1.928914
2015-09-21	1.945325
2015-09-22	1.859509
2015-09-23	1.862475
2015-09-24	1.840921
2015-09-25	1.796233
2015-09-28	1.641406
2015-09-29	1.617085
2015-09-30	1.724059
2015-10-01	1.748183
2015-10-02	1.838944
2015-10-05	1.922784
2015-10-06	1.895299
2015-10-07	1.925750
2015-10-08	1.949281
2015-10-09	1.973008
2015-10-12	1.989619
2015-10-13	1.950665
2015-10-14	1.942360
2015-10-15	2.037272
2015-10-16	2.062584
2015-10-19	2.099560
2015-10-20	2.064759
2015-10-21	2.031540
2015-10-22	2.151960
2015-10-23	2.330910
2015-10-26	2.337832
2015-10-27	2.353058
2015-10-28	2.407634
2015-10-29	2.398735
2015-10-30	2.365910
2015-11-02	2.446586
2015-11-03	2.469920
2015-11-04	2.470908
2015-11-05	2.449157
2015-11-06	2.457264
2015-11-09	2.378170
2015-11-10	2.361362
2015-11-11	2.350882
2015-11-12	2.282664
2015-11-13	2.148401
2015-11-16	2.237976
2015-11-17	2.245687
2015-11-18	2.374413
2015-11-19	2.377973
2015-11-20	2.425231
2015-11-23	2.405655
2015-11-24	2.398142
2015-11-25	2.403480
2015-11-27	2.412180
2015-11-30	2.396955
2015-12-01	2.468140
2015-12-02	2.423254
2015-12-03	2.299669
2015-12-04	2.457660
2015-12-07	2.427604
2015-12-08	2.427802
2015-12-09	2.314697
2015-12-10	2.347520
2015-12-11	2.186564
2015-12-14	2.235603
2015-12-15	2.273568
2015-12-16	2.374017
2015-12-17	2.275149
2015-12-18	2.150181
2015-12-21	2.214048
2015-12-22	2.255969
2015-12-23	2.307578
2015-12-24	2.302833
2015-12-28	2.302239
2015-12-29	2.407237
2015-12-30	2.345742
2015-12-31	2.258738
2016-01-04	2.120718
2016-01-05	2.101735
2016-01-06	2.045381
2016-01-07	1.850808
2016-01-08	1.807108
2016-01-11	1.822927
2016-01-12	1.884424
2016-01-13	1.687280
2016-01-14	1.796430
2016-01-15	1.631321
2016-01-19	1.638242
2016-01-20	1.623412
2016-01-21	1.629344
2016-01-22	1.769736
2016-01-25	1.690049
2016-01-26	1.738296
2016-01-27	1.608977
2016-01-28	1.672450
2016-01-29	1.781403
2016-02-01	1.791487
2016-02-02	1.677789
2016-02-03	1.654061
2016-02-04	1.651095
2016-02-05	1.481240
2016-02-08	1.413614
2016-02-09	1.397202
2016-02-10	1.413811
2016-02-11	1.410451
2016-02-12	1.470562
2016-02-16	1.568442
2016-02-17	1.676801
2016-02-18	1.619853
2016-02-19	1.636660
2016-02-22	1.713974
2016-02-23	1.628553
2016-02-24	1.676998
2016-02-25	1.723269
2016-02-26	1.719314
2016-02-29	1.673835
2016-03-01	1.834001
2016-03-02	1.835978
2016-03-03	1.825696
2016-03-04	1.828860
2016-03-07	1.794849
2016-03-08	1.747393
2016-03-09	1.780810
2016-03-10	1.774087
2016-03-11	1.866034
2016-03-14	1.876909
2016-03-15	1.875723
2016-03-16	1.923576
2016-03-17	1.918038
2016-03-18	1.929112
2016-03-21	1.952049
2016-03-22	1.969450
2016-03-23	1.922586
2016-03-24	1.921993
2016-03-28	1.915072
2016-03-29	2.006624
2016-03-30	2.036680
2016-03-31	2.024816
2016-04-01	2.092244
2016-04-04	2.066340
2016-04-05	2.010777
2016-04-06	2.107074
2016-04-07	2.016116
2016-04-08	2.011370
2016-04-11	1.989816
2016-04-12	2.036285
2016-04-13	2.115774
2016-04-14	2.117159
2016-04-15	2.100944
2016-04-18	2.131989
2016-04-19	2.095210
2016-04-20	2.100351
2016-04-21	2.100944
2016-04-22	2.005833
2016-04-25	2.004251
2016-04-26	1.976766
2016-04-27	1.929309
2016-04-28	1.860893
2016-04-29	1.831232
2016-05-02	1.879678
2016-05-03	1.829650
2016-05-04	1.793465
2016-05-05	1.792477
2016-05-06	1.818379
2016-05-09	1.834396
2016-05-10	1.911316
2016-05-11	1.859113
2016-05-12	1.833012
2016-05-13	1.810866
2016-05-16	1.880666
2016-05-17	1.808493
2016-05-18	1.829057
2016-05-19	1.800188
2016-05-20	1.860300
2016-05-23	1.851204
2016-05-24	1.964507
2016-05-25	2.006822
2016-05-26	2.023629
2016-05-27	2.054081
2016-05-31	2.066340
2016-06-01	2.067132
2016-06-02	2.078798
2016-06-03	2.050323
2016-06-06	2.072272
2016-06-07	2.057641
2016-06-08	2.066736
2016-06-09	2.057641
2016-06-10	1.988433
2016-06-13	1.937417
2016-06-14	1.938406
2016-06-15	1.921004
2016-06-16	1.934846
2016-06-17	1.868605
2016-06-20	1.902220
2016-06-21	1.921203
2016-06-22	1.908746
2016-06-23	1.989223
2016-06-24	1.745613
2016-06-27	1.643976
2016-06-28	1.746997
2016-06-29	1.837758
2016-06-30	1.904593
2016-07-01	1.930694
2016-07-05	1.896485
2016-07-06	1.941173
2016-07-07	1.959563
2016-07-08	2.050126
2016-07-11	2.085125
2016-07-12	2.117949
2016-07-13	2.103119
2016-07-14	2.145829
2016-07-15	2.133768
2016-07-18	2.176282
2016-07-19	2.153740
2016-07-20	2.227495
2016-07-21	2.214247
2016-07-22	2.239953
2016-07-25	2.241929
2016-07-26	2.249444
2016-07-27	2.293341
2016-07-28	2.318256
2016-07-29	2.333482
2016-08-01	2.370062
2016-08-02	2.316674
2016-08-03	2.338623
2016-08-04	2.359583
2016-08-05	2.427802
2016-08-08	2.420090
2016-08-09	2.436107
2016-08-10	2.417322
2016-08-11	2.448564
2016-08-12	2.453112
2016-08-15	2.483958
2016-08-16	2.444807
2016-08-17	2.456276
2016-08-18	2.458648
2016-08-19	2.455287
2016-08-22	2.457660
2016-08-23	2.472293
2016-08-24	2.424637
2016-08-25	2.413169
2016-08-26	2.424836
2016-08-29	2.431559
2016-08-30	2.409610
2016-08-31	2.403282
2016-09-01	2.413960
2016-09-02	2.442236
2016-09-06	2.487517
2016-09-07	2.492066
2016-09-08	2.449355
2016-09-09	2.263681
2016-09-12	2.379752
2016-09-13	2.323595
2016-09-14	2.353453
2016-09-15	2.462603
2016-09-16	2.459835
2016-09-19	2.427604
2016-09-20	2.441050
2016-09-21	2.512038
2016-09-22	2.570765
2016-09-23	2.524495
2016-09-26	2.461812
2016-09-27	2.531614
2016-09-28	2.545454
2016-09-29	2.491472
2016-09-30	2.542686
2016-10-03	2.536952
2016-10-04	2.522517
2016-10-05	2.548816
2016-10-06	2.544862
2016-10-07	2.528251
2016-10-10	2.573533
2016-10-11	2.467151
2016-10-12	2.462009
2016-10-13	2.433141
2016-10-14	2.438677
2016-10-17	2.421870
2016-10-18	2.483958
2016-10-19	2.484947
2016-10-20	2.474467
2016-10-21	2.501360
2016-10-24	2.592515
2016-10-25	2.566613
2016-10-26	2.517376
2016-10-27	2.482179
2016-10-28	2.439270
2016-10-31	2.425429
2016-11-01	2.375599
2016-11-02	2.313708
2016-11-03	2.247071
2016-11-04	2.221563
2016-11-07	2.380740
2016-11-08	2.427406
2016-11-09	2.461416
2016-11-10	2.344357
2016-11-11	2.342380
2016-11-14	2.263285
2016-11-15	2.368085
2016-11-16	2.406644
2016-11-17	2.462405
2016-11-18	2.434722
2016-11-21	2.507885
2016-11-22	2.530427
2016-11-23	2.499975
2016-11-25	2.524099
2016-11-28	2.510059
2016-11-29	2.534184
2016-11-30	2.452124
2016-12-01	2.317466
2016-12-02	2.326758
2016-12-05	2.380543
2016-12-06	2.397745
2016-12-07	2.486726
2016-12-08	2.501952
2016-12-09	2.560482
2016-12-12	2.524889
2016-12-13	2.623560
2016-12-14	2.604380
2016-12-15	2.620198
2016-12-16	2.588363
2016-12-19	2.620002
2016-12-20	2.651639
2016-12-21	2.642345
2016-12-22	2.619408
2016-12-23	2.627515
2016-12-27	2.665875
2016-12-28	2.604182
2016-12-29	2.591528
2016-12-30	2.515794
2017-01-03	2.576697
2017-01-04	2.620595
2017-01-05	2.667062
2017-01-06	2.734687
2017-01-09	2.762371
2017-01-10	2.778189
2017-01-11	2.799544
2017-01-12	2.785308
2017-01-13	2.817342
2017-01-17	2.790844
2017-01-18	2.809828
2017-01-19	2.802313
2017-01-20	2.820505
2017-01-23	2.826833
2017-01-24	2.885758
2017-01-25	2.969994
2017-01-26	2.982253
2017-01-27	2.996490
2017-01-30	2.928469
2017-01-31	2.912254
2017-02-01	2.967621
2017-02-02	2.960107
2017-02-03	2.985812
2017-02-06	2.996886
2017-02-07	3.027732
2017-02-08	3.044738
2017-02-09	3.076376
2017-02-10	3.106827
2017-02-13	3.161402
2017-02-14	3.191062
2017-02-15	3.246033
2017-02-16	3.243264
2017-02-17	3.283998
2017-02-21	3.336201
2017-02-22	3.336596
2017-02-23	3.300608
2017-02-24	3.318404
2017-02-27	3.328291
2017-02-28	3.302190
2017-03-01	3.408967
2017-03-02	3.355183
2017-03-03	3.372584
2017-03-06	3.349251
2017-03-07	3.332641
2017-03-08	3.349647
2017-03-09	3.359928
2017-03-10	3.396708
2017-03-13	3.416481
2017-03-14	3.391172
2017-03-15	3.450492
2017-03-16	3.448514
2017-03-17	3.440210
2017-03-20	3.450492
2017-03-21	3.296653
2017-03-22	3.361511
2017-03-23	3.334618
2017-03-24	3.352810
2017-03-27	3.370607
2017-03-28	3.433882
2017-03-29	3.479361
2017-03-30	3.496763
2017-03-31	3.488457
2017-04-03	3.480943
2017-04-04	3.496763
2017-04-05	3.456819
2017-04-06	3.459588
2017-04-07	3.455633
2017-04-10	3.459588
2017-04-11	3.416086
2017-04-12	3.371002
2017-04-13	3.331059
2017-04-17	3.410154
2017-04-18	3.400267
2017-04-19	3.412131
2017-04-20	3.494784
2017-04-21	3.493204
2017-04-24	3.620150
2017-04-25	3.700430
2017-04-26	3.684216
2017-04-27	3.748677
2017-04-28	3.770033
2017-05-01	3.864946
2017-05-02	3.887884
2017-05-03	3.849522
2017-05-04	3.853478
2017-05-05	3.895398
2017-05-08	3.918730
2017-05-09	3.961837
2017-05-10	3.968164
2017-05-11	3.958673
2017-05-12	3.984379
2017-05-15	4.021553
2017-05-16	4.072173
2017-05-17	3.764101
2017-05-18	3.859410
2017-05-19	3.906076
2017-05-22	4.007316
2017-05-23	4.017202
2017-05-24	4.072569
2017-05-25	4.179742
2017-05-26	4.197537
2017-05-30	4.206238
2017-05-31	4.201097
2017-06-01	4.251322
2017-06-02	4.396461
2017-06-05	4.392900
2017-06-06	4.343072
2017-06-07	4.390528
2017-06-08	4.402393
2017-06-09	4.084038
2017-06-12	4.010085
2017-06-13	4.103812
2017-06-14	4.048840
2017-06-15	3.994266
2017-06-16	3.946414
2017-06-19	4.137426
2017-06-20	4.043701
2017-06-21	4.161155
2017-06-22	4.156409
2017-06-23	4.203074
2017-06-26	4.147313
2017-06-27	3.919126
2017-06-28	4.083641
2017-06-29	3.875624
2017-06-30	3.862179
2017-07-03	3.756983
2017-07-05	3.864155
2017-07-06	3.762123
2017-07-07	3.874833
2017-07-10	3.955905
2017-07-11	3.988333
2017-07-12	4.130307
2017-07-13	4.157596
2017-07-14	4.255277
2017-07-17	4.257650
2017-07-18	4.342282
2017-07-19	4.421772
2017-07-20	4.438380
2017-07-21	4.431658
2017-07-24	4.489396
2017-07-25	4.459341
2017-07-26	4.499282
2017-07-27	4.419003
2017-07-28	4.404766
2017-07-31	4.347423
2017-08-01	4.375896
2017-08-02	4.407929
2017-08-03	4.362054
2017-08-04	4.379059
2017-08-07	4.456573
2017-08-08	4.439962
2017-08-09	4.422562
2017-08-10	4.135448
2017-08-11	4.229967
2017-08-14	4.394485
2017-08-15	4.402393
2017-08-16	4.425330
2017-08-17	4.153245
2017-08-18	4.138614
2017-08-21	4.131099
2017-08-22	4.314993
2017-08-23	4.266745
2017-08-24	4.231154
2017-08-25	4.202681
2017-08-28	4.239459
2017-08-29	4.291660
2017-08-30	4.440358
2017-08-31	4.566513
2017-09-01	4.563350
2017-09-05	4.441149
2017-09-06	4.479510
2017-09-07	4.507192
2017-09-08	4.396065
2017-09-11	4.536063
2017-09-12	4.574423
2017-09-13	4.593405
2017-09-14	4.515894
2017-09-15	4.552276
2017-09-18	4.541203
2017-09-19	4.560581
2017-09-20	4.522616
2017-09-21	4.435612
2017-09-22	4.424539
2017-09-25	4.285728
2017-09-26	4.314993
2017-09-27	4.432052
2017-09-28	4.424539
2017-09-29	4.518266
2017-10-02	4.530921
2017-10-03	4.559395
2017-10-04	4.571259
2017-10-05	4.702951
2017-10-06	4.719957
2017-10-09	4.708092
2017-10-10	4.717978
2017-10-11	4.759109
2017-10-12	4.733402
2017-10-13	4.786395
2017-10-16	4.835829
2017-10-17	4.852836
2017-10-18	4.834248
2017-10-19	4.780859
2017-10-20	4.815660
2017-10-23	4.725889
2017-10-24	4.750012
2017-10-25	4.692273
2017-10-26	4.648772
2017-10-27	5.049385
2017-10-30	5.085373
2017-10-31	5.139158
2017-11-01	5.132434
2017-11-02	5.106332
2017-11-03	5.248703
2017-11-06	5.302091
2017-11-07	5.310792
2017-11-08	5.377232
2017-11-09	5.291018
2017-11-10	5.289437
2017-11-13	5.305254
2017-11-14	5.251866
2017-11-15	5.174748
2017-11-16	5.368531
2017-11-17	5.308419
2017-11-20	5.295368
2017-11-21	5.462257
2017-11-22	5.484009
2017-11-24	5.545702
2017-11-27	5.536605
2017-11-28	5.577340
2017-11-29	5.290622
2017-11-30	5.421919
2017-12-01	5.349547
2017-12-04	5.164862
2017-12-05	5.172376
2017-12-06	5.240793
2017-12-07	5.292601
2017-12-08	5.362598
2017-12-11	5.485589
2017-12-12	5.465026
2017-12-13	5.492314
2017-12-14	5.484403
2017-12-15	5.662762
2017-12-18	5.808295
2017-12-19	5.713777
2017-12-20	5.690049
2017-12-21	5.687281
2017-12-22	5.668297
2017-12-26	5.576548
2017-12-27	5.576548
2017-12-28	5.591577
2017-12-29	5.485985
2018-01-02	5.767561
2018-01-03	5.936427
2018-01-04	5.971230
2018-01-05	6.151565
2018-01-08	6.219981
2018-01-09	6.224726
2018-01-10	6.180434
2018-01-11	6.304216
2018-01-12	6.437887
2018-01-16	6.388057
2018-01-17	6.589353
2018-01-18	6.595680
2018-01-19	6.658954
2018-01-22	6.866973
2018-01-23	7.040981
2018-01-24	6.898216
2018-01-25	6.889515
2018-01-26	7.197193
2018-01-29	7.101883
2018-01-30	6.920362
2018-01-31	7.005784
2018-02-01	6.830590
2018-02-02	6.413366
2018-02-05	5.673043
2018-02-06	6.110436
2018-02-07	5.868803
2018-02-08	5.141530
2018-02-09	5.383558
2018-02-12	5.684908
2018-02-13	5.754115
2018-02-14	6.091058
2018-02-15	6.409414
2018-02-16	6.337831
2018-02-20	6.369469
2018-02-21	6.312126
2018-02-22	6.313313
2018-02-23	6.689406
2018-02-26	6.957930
2018-02-27	6.708786
2018-02-28	6.573929
2018-03-01	6.257551
2018-03-02	6.429583
2018-03-05	6.631272
2018-03-06	6.715111
2018-03-07	6.765338
2018-03-08	6.866183
2018-03-09	7.266005
2018-03-12	7.374759
2018-03-13	7.107025
2018-03-14	7.082900
2018-03-15	7.051263
2018-03-16	7.004598
2018-03-19	6.564833
2018-03-20	6.613080
2018-03-21	6.517376
2018-03-22	6.041228
2018-03-23	5.553215
2018-03-26	6.178061
2018-03-27	5.585644
2018-03-28	5.393049
2018-03-29	5.691631
2018-04-02	5.186218
2018-04-03	5.360225
2018-04-04	5.613723
2018-04-05	5.701913
2018-04-06	5.276386
2018-04-09	5.381977
2018-04-10	5.737505
2018-04-11	5.641010
2018-04-12	5.838747
2018-04-13	5.752139
2018-04-16	5.879086
2018-04-17	6.255178
2018-04-18	6.298680
2018-04-19	6.127440
2018-04-20	5.833605
2018-04-23	5.787730
2018-04-24	5.418756
2018-04-25	5.440112
2018-04-26	5.777446
2018-04-27	5.790895
2018-04-30	5.667507
2018-05-01	5.851799
2018-05-02	5.749767
2018-05-03	5.750160
2018-05-04	6.073658
2018-05-07	6.218003
2018-05-08	6.197439
2018-05-09	6.405062
2018-05-10	6.604379
2018-05-11	6.584606
2018-05-14	6.613870
2018-05-15	6.399922
2018-05-16	6.517771
2018-05-17	6.444214
2018-05-18	6.340996
2018-05-21	6.451728
2018-05-22	6.418112
2018-05-23	6.579465
2018-05-24	6.573929
2018-05-25	6.590539
2018-05-29	6.506302
2018-05-30	6.645113
2018-05-31	6.630876
2018-06-01	6.939345
2018-06-04	7.117307
2018-06-05	7.190864
2018-06-06	7.309507
2018-06-07	7.139849
2018-06-08	7.135104
2018-06-11	7.190864
2018-06-12	7.304760
2018-06-13	7.296456
2018-06-14	7.518314
2018-06-15	7.443571
2018-06-18	7.426961
2018-06-19	7.360523
2018-06-20	7.514756
2018-06-21	7.320185
2018-06-22	7.246627
2018-06-25	6.783924
2018-06-26	6.858668
2018-06-27	6.583419
2018-06-28	6.744771
2018-06-29	6.775619
2018-07-02	6.927480
2018-07-03	6.689010
2018-07-05	6.934599
2018-07-06	7.246627
2018-07-09	7.448316
2018-07-10	7.466113
2018-07-11	7.356963
2018-07-12	7.720006
2018-07-13	7.742549
2018-07-16	7.690345
2018-07-17	7.832715
2018-07-18	7.782886
2018-07-19	7.667804
2018-07-20	7.657126
2018-07-23	7.723565
2018-07-24	7.822038
2018-07-25	8.148299
2018-07-26	7.792377
2018-07-27	7.467299
2018-07-30	7.145780
2018-07-31	7.288151
2018-08-01	7.387809
2018-08-02	7.682040
2018-08-03	7.750854
2018-08-06	7.893221
2018-08-07	7.970340
2018-08-08	7.991696
2018-08-09	7.984574
2018-08-10	7.798309
2018-08-13	7.775767
2018-08-14	7.919325
2018-08-15	7.631025
2018-08-16	7.701023
2018-08-17	7.699837
2018-08-20	7.684413
2018-08-21	7.763904
2018-08-22	7.854068
2018-08-23	7.814919
2018-08-24	8.032033
2018-08-27	8.274061
2018-08-28	8.310840
2018-08-29	8.601513
2018-08-30	8.552871
2018-08-31	8.577786
2018-09-04	8.475751
2018-09-05	8.138811
2018-09-06	7.916951
2018-09-07	7.838648
2018-09-10	7.907458
2018-09-11	8.083048
2018-09-12	8.013049
2018-09-13	8.250336
2018-09-14	8.187455
2018-09-17	7.842206
2018-09-18	8.028473
2018-09-19	8.010677
2018-09-20	8.262197
2018-09-21	8.130506
2018-09-24	8.200505
2018-09-25	8.233724
2018-09-26	8.225420
2018-09-27	8.453211
2018-09-28	8.440159
2018-10-01	8.488806
2018-10-02	8.440159
2018-10-03	8.465073
2018-10-04	7.982203
2018-10-05	7.682040
2018-10-08	7.544416
2018-10-09	7.602551
2018-10-10	6.616640
2018-10-11	6.348509
2018-10-12	6.884769
2018-10-15	6.624944
2018-10-16	7.195610
2018-10-17	7.219339
2018-10-18	6.718671
2018-10-19	6.691383
2018-10-22	6.792229
2018-10-23	6.717484
2018-10-24	5.803946
2018-10-25	6.399525
2018-10-26	5.902417
2018-10-29	5.586831
2018-10-30	5.802759
2018-10-31	6.194275
2018-11-01	6.464778
2018-11-02	6.175292
2018-11-05	6.114787
2018-11-06	6.244105
2018-11-07	6.818330
2018-11-08	6.702063
2018-11-09	6.361560
2018-11-12	5.802759
2018-11-13	5.800385
2018-11-14	5.653271
2018-11-15	5.955806
2018-11-16	5.890553
2018-11-19	5.325819
2018-11-20	5.030402
2018-11-21	5.143113
2018-11-23	5.029217
2018-11-26	5.374463
2018-11-27	5.430225
2018-11-28	5.945128
2018-11-29	5.890553
2018-11-30	6.013940
2018-12-03	6.322408
2018-12-04	5.627170
2018-12-06	5.709031
2018-12-07	5.150230
2018-12-10	5.311583
2018-12-11	5.368531
2018-12-12	5.503782
2018-12-13	5.504968
2018-12-14	5.089724
2018-12-17	4.761086
2018-12-18	4.840575
2018-12-19	4.490582
2018-12-20	4.310248
2018-12-21	3.893816
2018-12-24	3.605517
2018-12-26	4.260233
2018-12-27	4.320823
2018-12-28	4.303004
2018-12-31	4.400420
2019-01-02	4.463386
2019-01-03	4.030946
2019-01-04	4.546546
2019-01-07	4.691486
2019-01-08	4.826918
2019-01-09	4.940969
2019-01-10	4.988489
2019-01-11	4.929089
2019-01-14	4.800782
2019-01-15	5.066899
2019-01-16	5.074027
2019-01-17	5.192829
2019-01-18	5.335392
2019-01-22	5.040762
2019-01-23	5.045515
2019-01-24	5.134615
2019-01-25	5.317571
2019-01-28	5.121547
2019-01-29	4.976609
2019-01-30	5.349647
2019-01-31	5.584874
2019-02-01	5.513593
2019-02-04	5.715555
2019-02-05	5.866435
2019-02-06	5.820101
2019-02-07	5.582499
2019-02-08	5.611010
2019-02-11	5.597942
2019-02-12	5.840299
2019-02-13	5.852179
2019-02-14	5.873562
2019-02-15	5.943656
2019-02-19	5.979296
2019-02-20	5.974544
2019-02-21	5.906827
2019-02-22	6.035134
2019-02-25	6.101663
2019-02-26	6.120672
2019-02-27	6.101663
2019-02-28	6.063645
2019-03-01	6.184824
2019-03-04	6.186011
2019-03-05	6.201456
2019-03-06	6.094534
2019-03-07	5.872374
2019-03-08	5.839110
2019-03-11	6.203831
2019-03-12	6.304812
2019-03-13	6.441436
2019-03-14	6.412923
2019-03-15	6.572118
2019-03-18	6.631519
2019-03-19	6.698049
2019-03-20	6.775296
2019-03-21	7.089046
2019-03-22	6.625552
2019-03-25	6.583956
2019-03-26	6.674279
2019-03-27	6.543550
2019-03-28	6.585145
2019-03-29	6.733701
2019-04-01	6.998722
2019-04-02	7.075972
2019-04-03	7.198380
2019-04-04	7.187685
2019-04-05	7.295832
2019-04-08	7.352878
2019-04-09	7.272063
2019-04-10	7.389719
2019-04-11	7.333862
2019-04-12	7.424185
2019-04-15	7.430125
2019-04-16	7.502621
2019-04-17	7.577493
2019-04-18	7.601261
2019-04-22	7.665438
2019-04-23	7.956605
2019-04-24	7.879357
2019-04-25	7.967301
2019-04-26	7.995824
2019-04-29	8.038608
2019-04-30	7.854400
2019-05-01	7.764079
2019-05-02	7.669001
2019-05-03	8.030289
2019-05-06	7.886490
2019-05-07	7.427748
2019-05-08	7.362384
2019-05-09	7.245917
2019-05-10	7.266122
2019-05-13	6.515027
2019-05-14	6.719439
2019-05-15	6.998722
2019-05-16	7.217396
2019-05-17	6.992781
2019-05-20	6.642190
2019-05-21	6.841848
2019-05-22	6.752715
2019-05-23	6.434214
2019-05-24	6.424706
2019-05-28	6.355776
2019-05-29	6.196526
2019-05-30	6.270209
2019-05-31	5.968345
2019-06-03	5.586856
2019-06-04	6.039652
2019-06-05	6.172756
2019-06-06	6.315369
2019-06-07	6.675467
2019-06-10	6.919097
2019-06-11	6.945243
2019-06-12	6.827588
2019-06-13	6.939300
2019-06-14	6.848979
2019-06-17	6.973765
2019-06-18	7.275629
2019-06-19	7.361197
2019-06-20	7.563232
2019-06-21	7.528766
2019-06-24	7.526390
2019-06-25	7.141336
2019-06-26	7.231657
2019-06-27	7.310093
2019-06-28	7.340993
2019-07-01	7.633350
2019-07-02	7.726048
2019-07-03	7.897182
2019-07-05	7.846080
2019-07-08	7.680887
2019-07-09	7.796167
2019-07-10	8.026723
2019-07-11	8.005331
2019-07-12	8.139626
2019-07-15	8.208554
2019-07-16	8.092088
2019-07-17	7.972057
2019-07-18	8.006519
2019-07-19	7.812804
2019-07-22	7.997012
2019-07-23	8.151508
2019-07-24	8.325023
2019-07-25	8.087337
2019-07-26	8.327399
2019-07-29	8.250151
2019-07-30	8.139626
2019-07-31	7.796167
2019-08-01	7.686829
2019-08-02	7.335051
2019-08-05	6.564941
2019-08-06	6.834718
2019-08-07	6.934546
2019-08-08	7.393285
2019-08-09	7.174613
2019-08-12	6.934546
2019-08-13	7.389719
2019-08-14	6.727758
2019-08-15	6.699234
2019-08-16	7.008230
2019-08-19	7.336239
2019-08-20	7.185307
2019-08-21	7.368327
2019-08-22	7.297021
2019-08-23	6.629117
2019-08-26	6.897706
2019-08-27	6.856110
2019-08-28	6.925040
2019-08-29	7.239974
2019-08-30	7.188874
2019-09-03	6.979708
2019-09-04	7.273252
2019-09-05	7.674946
2019-09-06	7.653553
2019-09-09	7.604826
2019-09-10	7.541840
2019-09-11	7.745063
2019-09-12	7.841327
2019-09-13	7.758136
2019-09-16	7.651175
2019-09-17	7.752194
2019-09-18	7.747441
2019-09-19	7.781905
2019-09-20	7.537086
2019-09-23	7.544216
2019-09-24	7.245917
2019-09-25	7.477664
2019-09-26	7.402791
2019-09-27	7.134204
2019-09-30	7.324355
2019-10-01	7.147277
2019-10-02	6.781240
2019-10-03	7.004664
2019-10-04	7.299397
2019-10-07	7.231657
2019-10-08	6.902459
2019-10-09	7.111624
2019-10-10	7.267311
2019-10-11	7.539463
2019-10-14	7.547781
2019-10-15	7.834196
2019-10-16	7.775963
2019-10-17	7.829441
2019-10-18	7.604826
2019-10-21	7.805673
2019-10-22	7.625032
2019-10-23	7.660684
2019-10-24	7.880546
2019-10-25	8.059999
2019-10-28	8.306006
2019-10-29	8.114667
2019-10-30	8.228759
2019-10-31	8.234702
2019-11-01	8.458127
2019-11-04	8.609062
2019-11-05	8.619754
2019-11-06	8.565086
2019-11-07	8.651843
2019-11-08	8.754048
2019-11-11	8.717205
2019-11-12	8.788512
2019-11-13	8.775439
2019-11-14	8.773063
2019-11-15	8.938257
2019-11-18	8.984607
2019-11-19	9.021447
2019-11-20	8.863385
2019-11-21	8.794457
2019-11-22	8.818225
2019-11-25	9.123653
2019-11-26	9.178323
2019-11-27	9.363718
2019-11-29	9.238933
2019-12-02	8.941821
2019-12-03	8.740977
2019-12-04	8.870514
2019-12-05	8.916864
2019-12-06	9.192583
2019-12-09	9.079680
2019-12-10	9.059479
2019-12-11	9.196148
2019-12-12	9.406506
2019-12-13	9.490880
2019-12-16	9.763034
2019-12-17	9.776107
2019-12-18	9.798686
2019-12-19	9.998343
2019-12-20	10.117188
2019-12-23	10.192060
2019-12-24	10.205258
2019-12-26	10.470375
2019-12-27	10.439463
2019-12-30	10.231413
2019-12-31	10.289666
2020-01-02	10.799693
2020-01-03	10.506042
2020-01-06	10.705771
2020-01-07	10.692696
2020-01-08	10.938791
2020-01-09	11.214608
2020-01-10	11.123063
2020-01-13	11.511826
2020-01-14	11.377481
2020-01-15	11.384615
2020-01-16	11.702044
2020-01-17	11.876810
2020-01-21	11.870863
2020-01-22	11.951708
2020-01-23	12.062273
2020-01-24	11.749599
2020-01-27	11.023200
2020-01-28	11.535602
2020-01-29	11.577213
2020-01-30	11.707989
2020-01-31	11.132576
2020-02-03	11.643789
2020-02-04	12.439143
2020-02-05	12.582995
2020-02-06	12.889724
2020-02-07	12.723281
2020-02-10	13.182188
2020-02-11	13.191698
2020-02-12	13.578080
2020-02-13	13.525772
2020-02-14	13.617314
2020-02-18	13.641090
2020-02-19	14.035795
2020-02-20	13.636333
2020-02-21	12.856437
2020-02-24	11.375106
2020-02-25	10.454920
2020-02-26	10.598772
2020-02-27	9.014009
2020-02-28	9.154297
2020-03-02	10.403799
2020-03-03	9.424170
2020-03-04	10.567864
2020-03-05	9.640543
2020-03-06	9.135275
2020-03-09	7.279449
2020-03-10	8.412443
2020-03-11	7.330571
2020-03-12	5.321381
2020-03-13	6.757535
2020-03-16	4.428540
2020-03-17	5.150183
2020-03-18	4.673449
2020-03-19	4.781633
2020-03-20	4.221676
2020-03-23	4.234753
2020-03-24	5.178718
2020-03-25	5.058640
2020-03-26	5.882527
2020-03-27	5.271449
2020-03-30	5.825463
2020-03-31	5.663776
2020-04-01	4.961154
2020-04-02	5.254805
2020-04-03	5.043185
2020-04-06	6.098902
2020-04-07	6.087013
2020-04-08	6.475774
2020-04-09	6.499551
2020-04-13	6.725435
2020-04-14	7.598066
2020-04-15	7.346026
2020-04-16	7.739541
2020-04-17	7.933329
2020-04-20	7.676531
2020-04-21	6.827679
2020-04-22	7.431624
2020-04-23	7.382880
2020-04-24	7.739541
2020-04-27	7.890527
2020-04-28	7.463725
2020-04-29	8.240054
2020-04-30	8.294743
2020-05-01	7.550511
2020-05-04	7.816819
2020-05-05	8.066481
2020-05-06	8.225791
2020-05-07	8.546784
2020-05-08	8.891555
2020-05-11	9.112688
2020-05-12	8.570559
2020-05-13	8.246000
2020-05-14	8.519443
2020-05-15	8.665671
2020-05-18	9.167374
2020-05-19	9.097228
2020-05-20	9.629845
2020-05-21	9.333816
2020-05-22	9.418224
2020-05-26	9.378993
2020-05-27	9.510958
2020-05-28	9.450325
2020-05-29	9.840273
2020-06-01	9.961539
2020-06-02	10.160079
2020-06-03	10.297987
2020-06-04	10.088750
2020-06-05	10.686750
2020-06-08	10.924525
2020-06-09	11.168243
2020-06-10	11.571268
2020-06-11	9.867620
2020-06-12	10.081615
2020-06-15	10.437087
2020-06-16	10.988723
2020-06-17	11.095720
2020-06-18	11.181318
2020-06-19	11.165864
2020-06-22	11.562947
2020-06-23	11.864919
2020-06-24	11.165864
2020-06-25	11.461892
2020-06-26	10.638006
2020-06-29	10.978021
2020-06-30	11.609311
2020-07-01	12.024227
2020-07-02	12.279837
2020-07-06	13.182188
2020-07-07	12.923014
2020-07-08	13.419962
2020-07-09	13.755221
2020-07-10	14.046494
2020-07-13	13.178620
2020-07-14	13.458005
2020-07-15	13.524583
2020-07-16	13.234498
2020-07-17	13.296320
2020-07-20	14.428122
2020-07-21	13.966843
2020-07-22	14.128525
2020-07-23	13.021690
2020-07-24	12.636496
2020-07-27	13.315339
2020-07-28	12.814828
2020-07-29	13.251142
2020-07-30	13.466327
2020-07-31	14.192726
2020-08-03	14.721773
2020-08-04	14.913183
2020-08-05	15.032069
2020-08-06	15.607481
2020-08-07	15.097455
2020-08-10	14.894160
2020-08-11	14.048874
2020-08-12	15.099834
2020-08-13	15.205643
2020-08-14	15.161654
2020-08-17	15.662168
2020-08-18	16.122263
2020-08-19	15.807214
2020-08-20	16.457525
2020-08-21	16.801111
2020-08-24	17.112589
2020-08-25	17.512047
2020-08-26	18.633154
2020-08-27	18.464338
2020-08-28	18.749664
2020-08-31	19.183601
2020-09-01	20.179871
2020-09-02	20.749342
2020-09-03	17.563173
2020-09-04	16.839151
2020-09-08	14.459035
2020-09-09	15.701401
2020-09-10	14.793105
2020-09-11	14.469731
2020-09-14	15.215155
2020-09-15	15.861898
2020-09-16	15.099834
2020-09-17	14.404345
2020-09-18	13.847954
2020-09-21	14.012018
2020-09-22	14.777651
2020-09-23	13.409263
2020-09-24	13.605426
2020-09-25	14.558897
2020-09-28	15.422018
2020-09-29	15.260333
2020-09-30	15.562301
2020-10-01	16.291082
2020-10-02	14.947659
2020-10-05	15.890436
2020-10-06	15.036822
2020-10-07	15.827425
2020-10-08	16.060442
2020-10-09	16.774952
2020-10-12	18.339506
2020-10-13	18.341881
2020-10-14	17.888924
2020-10-15	17.519180
2020-10-16	17.250500
2020-10-19	16.393326
2020-10-20	16.499130
2020-10-21	16.456335
2020-10-22	16.464661
2020-10-23	16.560955
2020-10-26	15.806024
2020-10-27	16.179329
2020-10-28	14.280703
2020-10-29	15.007103
2020-10-30	13.963274
2020-11-02	13.968029
2020-11-03	14.670651
2020-11-04	16.653685
2020-11-05	17.938854
2020-11-06	17.999489
2020-11-09	16.900972
2020-11-10	15.989110
2020-11-11	17.063843
2020-11-12	16.814182
2020-11-13	17.255257
2020-11-16	17.652338
2020-11-17	17.489462
2020-11-18	17.084057
2020-11-19	17.507294
2020-11-20	17.151825
2020-11-23	17.155390
2020-11-24	17.856823
2020-11-25	18.193274
2020-11-27	18.690220
2020-11-30	18.786520
2020-12-01	19.524805
2020-12-02	19.603271
2020-12-03	19.682926
2020-12-04	19.924267
2020-12-07	20.261904
2020-12-08	20.447371
2020-12-09	19.077791
2020-12-10	19.311998
2020-12-11	19.176466
2020-12-14	19.585438
2020-12-15	20.194141
2020-12-16	20.532970
2020-12-17	20.953823
2020-12-18	20.725565
2020-12-21	20.648287
2020-12-22	20.811165
2020-12-23	20.497303
2020-12-24	20.763609
2020-12-28	21.386578
2020-12-29	21.449585
2020-12-30	21.446020
2020-12-31	21.613649
2021-01-04	20.668501
2021-01-05	21.186850
2021-01-06	20.310648
2021-01-07	21.777714
2021-01-08	22.621811
2021-01-11	21.621971
2021-01-12	21.528053
2021-01-13	21.946535
2021-01-14	21.612461
2021-01-15	21.086981
2021-01-19	22.001225
2021-01-20	23.534868
2021-01-21	24.119789
2021-01-22	23.901031
2021-01-25	24.564423
2021-01-26	24.590580
2021-01-27	22.607548
2021-01-28	22.940432
2021-01-29	21.511408
2021-02-01	23.092607
2021-02-02	24.210140
2021-02-03	23.931948
2021-02-04	24.778421
2021-02-05	25.037598
2021-02-08	25.527411
2021-02-09	25.515524
2021-02-10	25.334814
2021-02-11	25.743784
2021-02-12	26.181292
2021-02-16	25.962538
2021-02-17	25.601118
2021-02-18	25.256344
2021-02-19	24.923462
2021-02-22	22.992739
2021-02-23	22.788252
2021-02-24	23.337511
2021-02-25	20.900330
2021-02-26	21.214188
2021-03-01	23.064072
2021-03-02	21.958422
2021-03-03	20.053854
2021-03-04	19.062338
2021-03-05	19.915945
2021-03-08	18.213486
2021-03-09	20.358202
2021-03-10	20.184629
2021-03-11	21.585117
2021-03-12	21.047749
2021-03-15	21.720648
2021-03-16	22.077309
2021-03-17	22.355507
2021-03-18	20.303518
2021-03-19	20.562691
2021-03-22	21.658829
2021-03-23	21.375877
2021-03-24	20.296383
2021-03-25	20.187010
2021-03-26	21.078657
2021-03-29	21.066771
2021-03-30	20.767172
2021-03-31	21.699253
2021-04-01	22.802519
2021-04-05	24.172102
2021-04-06	24.115030
2021-04-07	24.293362
2021-04-08	25.051865
2021-04-09	25.506010
2021-04-12	25.406141
2021-04-13	26.276400
2021-04-14	25.353832
2021-04-15	26.473751
2021-04-16	26.585505
2021-04-19	25.860294
2021-04-20	25.294392
2021-04-21	25.934004
2021-04-22	24.990038
2021-04-23	25.931627
2021-04-26	26.445215
2021-04-27	26.098068
2021-04-28	25.829380
2021-04-29	26.088552
2021-04-30	25.598743
2021-05-03	25.180262
2021-05-04	23.853483
2021-05-05	23.575287
2021-05-06	24.091255
2021-05-07	24.680935
2021-05-10	22.826298
2021-05-11	22.712168
2021-05-12	20.983551
2021-05-13	21.425814
2021-05-14	22.819162
2021-05-17	22.433973
2021-05-18	21.963181
2021-05-19	22.044018
2021-05-20	23.318489
2021-05-21	22.933294
2021-05-24	24.081743
2021-05-25	24.198254
2021-05-26	24.443163
2021-05-27	24.157831
2021-05-28	24.393227
2021-06-01	24.155451
2021-06-02	24.281475
2021-06-03	23.518219
2021-06-04	24.723732
2021-06-07	24.942488
2021-06-08	24.971018
2021-06-09	24.999552
2021-06-10	25.765181
2021-06-11	25.969671
2021-06-14	26.697252
2021-06-15	26.202688
2021-06-16	25.922113
2021-06-17	26.889851
2021-06-18	26.247862
2021-06-21	26.728170
2021-06-22	27.474775
2021-06-23	27.522331
2021-06-24	28.028795
2021-06-25	27.940817
2021-06-28	28.929953
2021-06-29	29.255705
2021-06-30	29.127308
2021-07-01	29.141575
2021-07-02	30.130714
2021-07-06	30.534929
2021-07-07	30.729906
2021-07-08	30.197292
2021-07-09	30.708506
2021-07-12	31.093702
2021-07-13	31.077051
2021-07-14	31.245876
2021-07-15	30.599131
2021-07-16	29.847759
2021-07-19	29.132061
2021-07-20	30.092669
2021-07-21	30.779835
2021-07-22	31.426584
2021-07-23	32.470406
2021-07-26	32.605946
2021-07-27	31.540705
2021-07-28	31.885492
2021-07-29	32.042416
2021-07-30	31.562109
2021-08-02	31.552597
2021-08-03	32.101864
2021-08-04	32.261162
2021-08-05	32.867496
2021-08-06	32.439491
2021-08-09	32.613068
2021-08-10	32.125637
2021-08-11	31.952061
2021-08-12	32.284943
2021-08-13	32.608315
2021-08-16	32.665382
2021-08-17	31.807022
2021-08-18	30.882078
2021-08-19	31.321957
2021-08-20	32.289707
2021-08-23	33.728233
2021-08-24	34.061111
2021-08-25	34.099159
2021-08-26	33.521370
2021-08-27	34.500999
2021-08-30	35.644691
2021-08-31	35.544827
2021-09-01	35.739796
2021-09-02	35.689865
2021-09-03	36.010868
2021-09-07	36.158279
2021-09-08	35.787346
2021-09-09	35.404541
2021-09-10	34.608002
2021-09-13	34.529530
2021-09-14	34.232315
2021-09-15	34.990814
2021-09-16	35.059769
2021-09-17	33.820965
2021-09-20	31.740440
2021-09-21	31.780872
2021-09-22	32.710560
2021-09-23	33.618855
2021-09-24	33.713963
2021-09-27	32.900780
2021-09-28	30.156866
2021-09-29	29.957138
2021-09-30	29.619499
2021-10-01	30.159246
2021-10-04	28.304611
2021-10-05	29.393614
2021-10-06	29.973783
2021-10-07	30.784595
2021-10-08	30.311422
2021-10-11	29.638523
2021-10-12	29.336544
2021-10-13	30.023714
2021-10-14	31.681002
2021-10-15	32.268303
2021-10-18	33.236038
2021-10-19	33.966011
2021-10-20	33.859001
2021-10-21	34.465332
2021-10-22	33.592701
2021-10-25	34.600857
2021-10-26	34.924240
2021-10-27	35.200054
2021-10-28	36.355637
2021-10-29	36.893009
2021-11-01	37.256802
2021-11-02	37.753742
2021-11-03	38.952133
2021-11-04	40.404930
2021-11-05	40.554726
2021-11-08	40.388283
2021-11-09	39.556065
2021-11-10	37.822704
2021-11-11	38.129425
2021-11-12	39.339695
2021-11-15	39.327805
2021-11-16	40.141003
2021-11-17	40.188553
2021-11-18	41.417843
2021-11-19	42.119274
2021-11-22	40.659336
2021-11-23	40.105331
2021-11-24	40.476254
2021-11-26	38.243557
2021-11-29	40.618916
2021-11-30	38.873650
2021-12-01	36.878746
2021-12-02	37.573040
2021-12-03	35.685112
2021-12-06	36.519707
2021-12-07	39.812870
2021-12-08	40.366890
2021-12-09	38.623997
2021-12-10	39.820000
2021-12-13	38.108032
2021-12-14	36.973850
2021-12-15	39.420547
2021-12-16	36.412697
2021-12-17	35.856312
2021-12-20	34.783939
2021-12-21	37.109375
2021-12-22	38.433781
2021-12-23	39.346828
2021-12-27	41.227619
2021-12-28	40.742561
2021-12-29	40.678364
2021-12-30	40.297924
2021-12-31	39.548943
2022-01-03	40.690247
2022-01-04	39.109051
2022-01-05	35.511543
2022-01-06	35.414055
2022-01-07	34.256088
2022-01-10	34.382114
2022-01-11	35.894356
2022-01-12	36.303326
2022-01-13	33.668789
2022-01-14	34.177628
2022-01-18	31.714285
2022-01-19	30.611019
2022-01-20	29.426903
2022-01-21	26.949299
2022-01-24	27.339247
2022-01-25	25.322927
2022-01-26	25.275373
2022-01-27	24.519249
2022-01-28	26.806637
2022-01-31	29.403126
2022-02-01	29.964272
2022-02-02	30.672836
2022-02-03	26.982586
2022-02-04	27.914658
2022-02-07	27.282181
2022-02-08	28.209499
2022-02-09	29.959517
2022-02-10	27.971729
2022-02-11	25.337189
2022-02-14	25.408524
2022-02-15	27.248894
2022-02-16	27.244137
2022-02-17	24.828356
2022-02-18	23.986639
2022-02-22	23.244783
2022-02-23	21.466232
2022-02-24	23.568155
2022-02-25	24.685688
2022-02-28	24.947243
2022-03-01	23.796417
2022-03-02	24.932976
2022-03-03	23.891527
2022-03-04	22.869095
2022-03-07	20.315405
2022-03-08	20.034834
2022-03-09	22.179554
2022-03-10	21.466232
2022-03-11	20.134697
2022-03-14	18.955339
2022-03-15	20.710110
2022-03-16	23.035540
2022-03-17	23.805925
2022-03-18	25.284880
2022-03-21	25.104174
2022-03-22	26.587883
2022-03-23	25.465586
2022-03-24	27.115740
2022-03-25	27.072941
2022-03-28	28.304611
2022-03-29	29.755032
2022-03-30	28.861000
2022-03-31	27.667379
2022-04-01	27.548489
2022-04-04	29.269970
2022-04-05	27.334488
2022-04-06	25.536924
2022-04-07	25.703363
2022-04-08	24.652403
2022-04-11	22.902388
2022-04-12	22.607548
2022-04-13	23.962856
2022-04-14	22.350748
2022-04-18	22.412573
2022-04-19	23.853483
2022-04-20	22.778742
2022-04-21	21.442453
2022-04-22	19.739994
2022-04-25	20.472334
2022-04-26	18.170681
2022-04-27	18.089846
2022-04-28	20.001543
2022-04-29	17.371761
2022-05-02	18.189707
2022-05-03	18.232504
2022-05-04	20.039589
2022-05-05	17.053144
2022-05-06	16.458712
2022-05-09	14.513720
2022-05-10	15.013048
2022-05-11	13.676757
2022-05-12	13.567383
2022-05-13	15.041579
2022-05-16	14.575544
2022-05-17	15.674055
2022-05-18	13.386673
2022-05-19	13.115610
2022-05-20	13.001480
2022-05-23	13.643469
2022-05-24	12.792237
2022-05-25	13.305831
2022-05-26	14.418612
2022-05-27	15.830992
2022-05-31	15.716859
2022-06-01	15.350684
2022-06-02	16.596621
2022-06-03	15.284112
2022-06-06	15.474328
2022-06-07	15.850012
2022-06-08	15.526638
2022-06-09	14.261681
2022-06-10	12.739929
2022-06-13	10.975644
2022-06-14	11.046976
2022-06-15	11.841141
2022-06-16	10.395475
2022-06-17	10.780671
2022-06-21	11.593857
2022-06-22	11.551058
2022-06-23	12.045628
2022-06-24	13.305831
2022-06-27	12.991967
2022-06-28	11.807854
2022-06-29	11.831630
2022-06-30	11.413149
2022-07-01	11.598611
2022-07-05	12.197803
2022-07-06	12.430821
2022-07-07	13.201209
2022-07-08	13.263029
2022-07-11	12.416555
2022-07-12	12.055140
2022-07-13	11.979052
2022-07-14	12.102694
2022-07-15	12.739929
2022-07-18	12.445089
2022-07-19	13.534090
2022-07-20	14.214127
2022-07-21	14.818072
2022-07-22	14.042930
2022-07-25	13.833690
2022-07-26	12.996724
2022-07-27	14.618340
2022-07-28	15.036822
2022-07-29	15.864275
2022-08-01	15.840501
2022-08-02	15.693080
2022-08-03	16.948523
2022-08-04	17.191057
2022-08-05	16.782085
2022-08-08	16.610889
2022-08-09	16.040228
2022-08-10	17.357496
2022-08-11	17.095949
2022-08-12	18.061306
2022-08-15	18.494055
2022-08-16	18.375172
2022-08-17	17.737940
2022-08-18	17.856823
2022-08-19	16.810614
2022-08-22	15.488594
2022-08-23	15.436285
2022-08-24	15.555169
2022-08-25	16.373114
2022-08-26	14.380567
2022-08-29	13.938307
2022-08-30	13.472273
2022-08-31	13.224984
2022-09-01	13.239253
2022-09-02	12.687616
2022-09-06	12.397532
2022-09-07	13.129876
2022-09-08	13.343874
2022-09-09	14.190349
2022-09-12	14.708696
2022-09-13	12.288157
2022-09-14	12.563976
2022-09-15	11.931497
2022-09-16	11.698478
2022-09-19	11.979052
2022-09-20	11.693723
2022-09-21	11.051732
2022-09-22	10.642762
2022-09-23	10.133924
2022-09-26	9.996017
2022-09-27	10.005528
2022-09-28	10.590451
2022-09-29	9.696422
2022-09-30	9.187586
2022-10-03	9.824819
2022-10-04	10.737871
2022-10-05	10.737871
2022-10-06	10.466807
2022-10-07	9.273185
2022-10-10	8.983099
2022-10-11	8.626438
2022-10-12	8.607417
2022-10-13	9.182830
2022-10-14	8.355375
2022-10-17	9.178075
2022-10-18	9.406337
2022-10-19	9.292207
2022-10-20	9.135275
2022-10-21	9.782021
2022-10-24	10.114902
2022-10-25	10.723605
2022-10-26	10.015038
2022-10-27	9.463404
2022-10-28	10.319389
2022-10-31	9.962728
2022-11-01	9.653622
2022-11-02	8.654972
2022-11-03	8.155645
2022-11-04	8.536086
2022-11-07	8.807147
2022-11-08	8.997366
2022-11-09	8.369643
2022-11-10	10.200501
2022-11-11	10.780671
2022-11-14	10.495340
2022-11-15	10.918580
2022-11-16	10.476319
2022-11-17	10.395475
2022-11-18	10.385964
2022-11-21	10.072104
2022-11-22	10.495340
2022-11-23	10.809203
2022-11-25	10.585696
2022-11-28	10.119658
2022-11-29	9.877129
2022-11-30	11.203909
2022-12-01	11.265730
2022-12-02	11.132576
2022-12-05	10.571429
2022-12-06	9.900907
2022-12-07	9.782021
2022-12-08	10.129168
2022-12-09	9.934196
2022-12-12	10.295609
2022-12-13	10.618983
2022-12-14	10.366943
2022-12-15	9.339761
2022-12-16	9.063941
2022-12-19	8.688260
2022-12-20	8.650214
2022-12-21	9.025899
2022-12-22	8.384401
2022-12-23	8.408302
2022-12-27	8.049788
2022-12-28	7.724739
2022-12-29	8.269676
2022-12-30	8.269676
2023-01-03	8.083251
2023-01-04	8.207536
2023-01-05	7.820343
2023-01-06	8.432202
2023-01-09	8.609069
2023-01-10	8.838516
2023-01-11	9.278292
2023-01-12	9.421696
2023-01-13	9.608120
2023-01-17	9.660703
2023-01-18	9.302191
2023-01-19	9.010602
2023-01-20	9.746746
2023-01-23	10.387288
2023-01-24	10.325147
2023-01-25	10.248663
2023-01-26	10.841404
2023-01-27	11.152115
2023-01-30	10.482892
2023-01-31	10.951345
2023-02-01	11.658810
2023-02-02	12.863409
2023-02-03	12.198968
2023-02-06	11.888260
2023-02-07	12.624403
2023-02-08	11.945621
2023-02-09	11.625349
2023-02-10	11.386341
2023-02-13	11.926499
2023-02-14	12.184628
2023-02-15	12.457097
2023-02-16	11.744853
2023-02-17	11.491505
2023-02-21	10.683660
2023-02-22	10.693217
2023-02-23	10.960910
2023-02-24	10.406408
2023-02-27	10.631076
2023-02-28	10.578493
2023-03-01	10.320368
2023-03-02	10.568935
2023-03-03	11.214254
2023-03-06	11.262057
2023-03-07	10.841404
2023-03-08	10.989589
2023-03-09	10.411192
2023-03-10	9.980974
2023-03-13	10.196081
2023-03-14	10.889204
2023-03-15	11.046950
2023-03-16	11.921721
2023-03-17	11.744853
2023-03-20	11.869137
2023-03-21	12.371055
2023-03-22	11.866210
2023-03-23	12.289317
2023-03-24	12.414328
2023-03-27	12.159502
2023-03-28	11.957564
2023-03-29	12.611455
2023-03-30	12.952825
2023-03-31	13.587485
2023-04-03	13.491325
2023-04-04	13.356699
2023-04-05	12.928784
2023-04-06	13.188417
2023-04-10	13.159569
2023-04-11	12.904745
2023-04-12	12.563375
2023-04-13	13.284577
2023-04-14	13.207650
2023-04-17	13.222075
2023-04-18	13.231692
2023-04-19	13.202843
2023-04-20	12.895129
2023-04-21	12.919170
2023-04-24	12.842238
2023-04-25	12.116229
2023-04-26	12.318167
2023-04-27	13.313428
2023-04-28	13.582677
2023-05-01	13.544213
2023-05-02	13.183610
2023-05-03	12.923977
2023-05-04	12.779736
2023-05-05	13.563447
2023-05-08	13.674031
2023-05-09	13.409589
2023-05-10	13.842312
2023-05-11	13.957705
2023-05-12	13.813462
2023-05-15	14.025015
2023-05-16	14.077905
2023-05-17	14.582747
2023-05-18	15.366455
2023-05-19	15.260678
2023-05-22	15.419344
2023-05-23	14.823149
2023-05-24	14.582747
2023-05-25	15.635705
2023-05-26	16.818480
2023-05-30	17.054075
2023-05-31	16.707897
2023-06-01	17.313704
2023-06-02	17.703156
2023-06-05	17.741621
2023-06-06	17.722387
2023-06-07	16.818480
2023-06-08	17.395443
2023-06-09	17.606995
2023-06-12	18.506096
2023-06-13	18.919586
2023-06-14	19.323460
2023-06-15	20.001392
2023-06-16	19.616753
2023-06-20	19.520586
2023-06-21	18.738262
2023-06-22	19.360458
2023-06-23	18.786495
2023-06-26	18.043716
2023-06-27	18.936016
2023-06-28	19.051775
2023-06-29	18.921545
2023-06-30	19.775257
2023-07-03	19.910309
2023-07-05	19.895840
2023-07-06	19.427984
2023-07-07	19.230232
2023-07-10	19.244703
2023-07-11	19.519627
2023-07-12	20.243113
2023-07-13	21.251171
2023-07-14	21.231874
2023-07-17	21.820311
2023-07-18	22.341217
2023-07-19	22.341217
2023-07-20	20.773666
2023-07-21	20.590384
2023-07-24	20.672380
2023-07-25	21.087177
2023-07-26	20.870131
2023-07-27	20.691671
2023-07-28	21.810663
2023-07-31	21.854073
2023-08-01	21.685257
2023-08-02	20.267225
2023-08-03	20.122532
2023-08-04	19.842781
2023-08-07	20.334753
2023-08-08	19.813845
2023-08-09	19.153059
2023-08-10	19.239880
2023-08-11	18.854019
2023-08-14	19.481043
2023-08-15	18.882959
2023-08-16	18.255939
2023-08-17	17.638563
2023-08-18	17.556572
2023-08-21	18.405462
2023-08-22	18.323463
2023-08-23	19.186823
2023-08-24	17.923138
2023-08-25	18.347584
2023-08-28	18.757555
2023-08-29	19.953718
2023-08-30	20.286520
2023-08-31	20.469805
2023-09-01	20.397455
2023-09-05	20.450510
2023-09-06	19.910309
2023-09-07	19.476215
2023-09-08	19.534098
2023-09-11	20.199699
2023-09-12	19.553389
2023-09-13	19.746317
2023-09-14	20.209351
2023-09-15	19.172352
2023-09-18	19.215761
2023-09-19	19.100004
2023-09-20	18.271841
2023-09-21	17.231192
2023-09-22	17.245714
2023-09-25	17.473207
2023-09-26	16.693933
2023-09-27	16.795574
2023-09-28	17.202158
2023-09-29	17.240875
2023-10-02	17.652296
2023-10-03	16.718132
2023-10-04	17.395761
2023-10-05	17.211834
2023-10-06	18.078232
2023-10-09	18.344444
2023-10-10	18.644545
2023-10-11	19.041437
2023-10-12	18.818790
2023-10-13	18.107273
2023-10-16	18.717144
2023-10-17	18.538057
2023-10-18	17.753939
2023-10-19	17.279600
2023-10-20	16.500320
2023-10-23	16.645529
2023-10-24	17.115030
2023-10-25	15.861411
2023-10-26	14.936931
2023-10-27	15.149899
2023-10-30	15.638763
2023-10-31	15.866252
2023-11-01	16.684252
2023-11-02	17.570009
2023-11-03	18.189560
2023-11-06	18.397690
2023-11-07	18.915594
2023-11-08	18.949472
2023-11-09	18.499332
2023-11-10	19.733589
2023-11-13	19.554504
2023-11-14	20.783920
2023-11-15	20.842003
2023-11-16	20.875885
2023-11-17	20.890404
2023-11-20	21.635798
2023-11-21	21.243742
2023-11-22	21.490591
2023-11-24	21.384108
2023-11-27	21.321182
2023-11-28	21.490591
2023-11-29	21.413153
2023-11-30	21.234058
2023-12-01	21.413153
2023-12-04	20.803280
2023-12-05	20.953325
2023-12-06	20.580633
2023-12-07	21.442184
2023-12-08	21.698723
2023-12-11	22.250507
2023-12-12	22.787769
2023-12-13	23.591249
2023-12-14	23.552526
2023-12-15	23.833260
2023-12-18	24.331802
2023-12-19	24.694820
2023-12-20	23.597586
2023-12-21	24.380281
2023-12-22	24.477512
2023-12-26	24.924765
2023-12-27	25.056028
2023-12-28	24.992826
2023-12-29	24.647661
2024-01-02	23.398264
2024-01-03	22.649599
2024-01-04	22.270405
2024-01-05	22.353048
2024-01-08	23.699677
2024-01-09	23.855244
2024-01-10	24.326807
2024-01-11	24.443480
2024-01-12	24.472652
2024-01-16	24.458065
2024-01-17	24.035116
2024-01-18	25.065748
2024-01-19	26.514469
2024-01-22	26.621416
2024-01-23	26.937418
2024-01-24	27.379810
2024-01-25	27.457592
2024-01-26	26.952000
2024-01-29	27.744419
2024-01-30	27.190216
2024-01-31	25.590786
2024-02-01	26.495026
2024-02-02	27.827065
2024-02-05	27.686083
2024-02-06	27.525658
2024-02-07	28.347242
2024-02-08	28.463917
2024-02-09	29.300093
2024-02-12	28.954929
2024-02-13	27.583992
2024-02-14	28.459059
2024-02-15	28.697269
2024-02-16	27.909708
2024-02-20	27.263134
2024-02-21	26.922834
2024-02-22	29.251474
2024-02-23	28.984097
2024-02-26	28.945204
2024-02-27	29.125078
2024-02-28	28.653515
2024-02-29	29.343847
2024-03-01	30.690474
2024-03-04	30.325865
2024-03-05	28.702133
2024-03-06	29.232033
2024-03-07	30.534908
2024-03-08	29.198000
2024-03-11	28.857697
2024-03-12	30.082787
2024-03-13	29.382736
2024-03-14	29.144526
2024-03-15	28.079865
2024-03-18	28.872278
2024-03-19	29.071600
2024-03-20	30.103514
2024-03-21	30.493834
2024-03-22	30.557262
2024-03-25	30.245003
2024-03-26	29.962021
2024-03-27	30.225489
2024-03-28	30.035206
2024-04-01	30.220610
2024-04-02	29.410690
2024-04-03	29.605854
2024-04-04	28.210457
2024-04-05	29.205776
2024-04-08	29.225290
2024-04-09	29.527790
2024-04-10	28.752028
2024-04-11	30.103514
2024-04-12	28.649567
2024-04-15	27.210257
2024-04-16	27.215137
2024-04-17	26.205183
2024-04-18	25.736797
2024-04-19	24.141357
2024-04-22	24.843933
2024-04-23	25.951473
2024-04-24	26.205183
2024-04-25	25.785585
2024-04-26	26.971186
2024-04-29	27.293200
2024-04-30	25.731918
2024-05-01	25.175709
2024-05-02	26.107601
2024-05-03	27.664005
2024-05-06	28.571503
2024-05-07	28.571503
2024-05-08	28.517832
2024-05-09	28.673964
2024-05-10	28.869123
2024-05-13	29.059404
2024-05-14	29.600971
2024-05-15	30.967100
2024-05-16	30.776814
2024-05-17	30.708509
2024-05-20	31.342781
2024-05-21	31.503788
2024-05-22	31.484270
2024-05-23	31.015890
2024-05-24	31.884356
2024-05-28	32.230762
2024-05-29	31.557455
2024-05-30	30.542625
2024-05-31	30.508471
2024-06-03	30.806093
2024-06-04	31.035406
2024-06-05	32.908947
2024-06-06	32.869915
2024-06-07	32.747944
2024-06-10	33.094353
2024-06-11	33.777412
2024-06-12	35.109375
2024-06-13	35.670471
2024-06-14	36.187641
2024-06-17	37.500095
2024-06-18	37.519615
2024-06-20	36.636505
2024-06-21	36.299862
2024-06-24	35.070343
2024-06-25	36.241310
2024-06-26	36.468075
2024-06-27	36.732548
2024-06-28	36.154625
2024-07-01	36.747242
2024-07-02	37.873707
2024-07-03	38.804268
2024-07-05	39.979710
2024-07-08	40.244175
2024-07-09	40.332340
2024-07-10	41.595936
2024-07-11	38.863033
2024-07-12	39.494843
2024-07-15	39.788692
2024-07-16	39.818081
2024-07-17	36.316250
2024-07-18	35.772602
2024-07-19	34.802864
2024-07-22	36.321140
2024-07-23	35.929333
2024-07-24	32.055264
2024-07-25	30.987581
2024-07-26	31.874058
2024-07-29	32.060165
2024-07-30	30.752493
2024-07-31	33.441307
2024-08-01	31.031654
2024-08-02	28.768934
2024-08-05	26.261320
2024-08-06	26.917610
2024-08-07	26.050722
2024-08-08	28.435892
2024-08-09	28.822805
2024-08-12	29.018713
2024-08-13	31.129614
2024-08-14	31.183487
2024-08-15	33.529469
2024-08-16	33.617630
2024-08-19	34.920406
2024-08-20	34.704910
2024-08-21	35.179985
2024-08-22	33.490284
2024-08-23	34.543293
2024-08-26	33.529469
2024-08-27	33.813534
2024-08-28	32.667473
2024-08-29	32.496056
2024-08-30	33.602936
2024-09-03	30.536991
2024-09-04	30.277416
2024-09-05	30.375368
2024-09-06	27.911840
2024-09-09	28.950144
2024-09-10	29.728874
2024-09-11	31.624273
2024-09-12	32.559734
2024-09-13	32.985828
2024-09-16	32.545029
2024-09-17	32.564629
2024-09-18	32.138535
2024-09-19	34.567783
2024-09-20	34.347378
2024-09-23	34.602058
2024-09-24	35.091831
2024-09-25	35.214664
2024-09-26	35.961514
2024-09-27	35.342411
2024-09-30	35.617569
2024-10-01	34.109146
2024-10-02	34.236889
2024-10-03	34.158276
2024-10-04	35.362068
2024-10-07	34.197586
2024-10-08	35.681446
2024-10-09	36.541302
2024-10-10	36.413548
2024-10-11	36.506905
2024-10-14	37.440453
2024-10-15	35.946774
2024-10-16	35.927116
2024-10-17	36.035206
2024-10-18	36.673958
2024-10-21	36.875412
2024-10-22	36.983505
2024-10-23	35.273624
2024-10-24	36.113827
2024-10-25	36.723087
2024-10-28	36.757488
2024-10-29	37.774563
2024-10-30	36.934368
2024-10-31	34.123875
2024-11-01	34.851067
2024-11-04	34.526783
2024-11-05	35.838676
2024-11-06	38.747437
2024-11-07	40.560497
2024-11-08	40.658760
2024-11-11	40.585064
2024-11-12	40.363956
2024-11-13	40.187080
2024-11-14	39.337040
2024-11-15	36.492157
2024-11-18	37.229176
2024-11-19	37.976025
2024-11-20	37.931805
2024-11-21	38.305222
2024-11-22	38.447708
2024-11-25	38.624599
2024-11-26	39.224037
2024-11-27	38.275742
2024-11-29	39.253517
2024-12-02	40.526108
2024-12-03	40.884781
2024-12-04	42.378471
2024-12-05	42.029613
2024-12-06	43.110573
2024-12-09	42.103317
2024-12-10	41.646362
2024-12-11	43.872154
2024-12-12	43.002472
2024-12-13	43.926205
2024-12-16	45.837540
2024-12-17	45.223354
2024-12-18	40.334473
2024-12-19	39.764515
2024-12-20	40.796345
2024-12-23	41.932652
2024-12-24	43.598915
2024-12-26	43.505249
2024-12-27	41.735462
2024-12-30	40.059341
2024-12-31	39.009293
2025-01-02	38.762806
2025-01-03	40.621334
2025-01-06	42.006596
2025-01-07	39.743835
2025-01-08	39.773415
2025-01-10	37.875446
2025-01-13	37.481064
2025-01-14	37.347965
2025-01-15	39.872009
2025-01-16	39.058598
2025-01-17	40.986137
2025-01-21	41.666443
2025-01-22	43.283409
2025-01-23	43.549610
2025-01-24	42.765781
2025-01-27	39.014225
2025-01-28	40.744579
2025-01-29	40.493156
2025-01-30	41.000919
2025-01-31	40.779083
2025-02-03	39.793133
2025-02-04	41.237556
2025-02-05	41.774899
2025-02-06	42.400982
2025-02-07	40.784016
2025-02-10	42.218582
2025-02-11	41.917862
2025-02-12	42.001667
2025-02-13	43.771461
2025-02-14	44.284161
2025-02-18	44.560223
2025-02-19	44.565151
2025-02-20	44.022877
2025-02-21	41.267132
2025-02-24	39.783268
2025-02-25	38.264900
2025-02-26	38.511391
2025-02-27	35.316898
2025-02-28	36.933868
2025-03-03	34.547852
2025-03-04	34.168259
2025-03-05	35.499298
2025-03-06	32.556229
2025-03-07	33.231602
2025-03-10	29.484976
2025-03-11	29.139893
2025-03-12	30.135704
2025-03-13	28.489162
2025-03-14	30.510370
2025-03-17	31.101940
2025-03-18	29.534273
2025-03-19	30.682909
2025-03-20	30.367405
2025-03-21	30.653330
2025-03-24	32.600594
2025-03-25	33.182301
2025-03-26	31.337086
2025-03-27	30.803101
2025-03-28	28.350716
2025-03-31	28.330940
2025-04-01	28.983589
2025-04-02	29.631294
2025-04-03	24.869917
2025-04-04	20.316202
2025-04-07	20.395309
2025-04-08	19.233398
2025-04-09	26.012056
2025-04-10	22.813082
2025-04-11	24.019495
2025-04-14	24.523815
2025-04-15	24.617760
2025-04-16	22.392815
2025-04-17	22.328539
2025-04-21	20.696913
2025-04-22	22.279097
2025-04-23	23.757448
2025-04-24	25.779673
2025-04-25	26.630095
2025-04-28	26.610317
2025-04-29	27.129467
2025-04-30	27.134415
2025-05-01	28.068893
2025-05-02	29.384079
2025-05-05	28.874815
2025-05-06	28.054058
2025-05-07	28.380383
2025-05-08	29.225864
2025-05-09	29.156643
2025-05-12	32.686886
2025-05-13	34.185013
2025-05-14	34.788216
2025-05-15	34.896992
2025-05-16	35.327148
2025-05-19	35.421089
2025-05-20	35.050262
2025-05-21	33.591698
2025-05-22	33.764744
2025-05-23	32.790714
2025-05-27	35.074989
2025-05-28	34.625053
2025-05-29	34.793163
2025-05-30	34.610226
2025-06-02	35.406261
2025-06-03	36.231956
2025-06-04	36.523678
2025-06-05	35.673252
2025-06-06	36.691776
2025-06-09	36.854942
2025-06-10	37.566929
2025-06-11	37.181263
2025-06-12	37.423542
2025-06-13	36.009464
2025-06-16	37.477928
2025-06-17	36.370399
2025-06-18	36.320957
2025-06-20	35.821579
2025-06-23	36.934052
2025-06-24	38.615120
2025-06-25	38.911617
2025-06-26	39.977623
2025-06-27	40.369316
2025-06-30	41.152702
2025-07-01	40.106537
2025-07-02	40.904797
2025-07-03	42.050129
2025-07-07	41.113037
2025-07-08	41.167583
2025-07-09	42.020378
2025-07-10	41.827015
2025-07-11	41.509693
2025-07-14	41.950966
2025-07-15	42.060047
2025-07-16	42.179047
2025-07-17	43.160759
2025-07-18	43.012016
2025-07-21	43.666492
2025-07-22	42.987225
2025-07-23	43.552456
2025-07-24	43.840027
2025-07-25	44.087933
2025-07-28	44.519295
2025-07-29	44.316010
2025-07-30	44.469711
2025-07-31	43.735909
2025-08-01	41.113037
2025-08-04	43.364040
2025-08-05	42.461658
2025-08-06	44.048264
2025-08-07	44.494499
2025-08-08	45.694382
2025-08-11	45.292767
2025-08-12	46.963661
2025-08-13	47.033081
2025-08-14	46.904171
2025-08-15	46.239777
2025-08-18	46.180275
2025-08-19	44.296177
2025-08-20	43.487995
2025-08-21	42.883102
2025-08-22	44.811821
2025-08-25	44.420132
2025-08-26	44.935776
2025-08-27	45.139057
2025-08-28	45.962120
2025-08-29	44.306091
2025-09-02	43.175636
2025-09-03	44.182140
2025-09-04	45.377056
2025-09-05	45.525799
2025-09-08	46.175316
2025-09-09	46.552139
2025-09-10	46.601719
2025-09-11	47.385105
2025-09-12	47.975132
2025-09-15	49.199795
2025-09-16	49.065922
2025-09-17	48.753559
2025-09-18	50.067474
2025-09-19	51.059101
2025-09-22	51.921822
2025-09-23	50.875652
2025-09-24	50.328739
2025-09-25	49.653790
2025-09-26	50.249332
2025-09-29	50.919323
2025-09-30	51.316360
2025-10-01	52.040939
2025-10-02	52.676189
2025-10-03	51.961529
2025-10-06	53.122849
2025-10-07	52.264267
2025-10-08	54.036018
2025-10-09	53.822613
2025-10-10	48.174843
2025-10-13	51.231987
2025-10-14	50.189777
2025-10-15	51.217094
2025-10-16	50.646366
2025-10-17	51.609161
2025-10-20	53.544697
2025-10-21	53.485142
2025-10-22	51.911903
2025-10-23	53.212185
2025-10-24	54.869789
2025-10-27	57.783012
2025-10-28	59.103142
2025-10-29	59.857498
2025-10-30	57.117981
2025-10-31	57.926933
2025-11-03	58.720997
2025-11-04	55.127861
2025-11-05	56.199844
2025-11-06	53.048405
2025-11-07	52.497524
2025-11-10	55.936813
2025-11-11	55.475262
2025-11-12	55.361118
2025-11-13	51.941685
2025-11-14	51.981384
2025-11-17	50.646366
2025-11-18	48.815056
2025-11-19	49.653790
2025-11-20	46.105309
2025-11-21	47.127666
2025-11-24	50.700958
2025-11-25	51.624054
2025-11-26	52.973965
2025-11-28	54.135281
2025-12-01	53.648922
2025-12-02	54.889645
2025-12-03	55.276745
2025-12-04	55.098083
2025-12-05	55.733334
2025-12-08	55.385929
2025-12-09	55.594368
2025-12-10	56.229626
2025-12-11	55.693630
2025-12-12	52.428043
2025-12-15	51.633984
2025-12-16	51.941685
2025-12-17	49.033424
2025-12-18	51.127762
2025-12-19	53.122849
2025-12-22	53.847431
2025-12-23	54.601791
2025-12-24	55.035240
2025-12-26	54.985531
2025-12-29	54.170341
2025-12-30	53.782631
2025-12-31	52.410725
2026-01-02	52.042892
2026-01-05	53.285561
2026-01-06	54.687290
2026-01-07	54.846352
2026-01-08	53.872097
2026-01-09	55.432888
2026-01-12	55.562130
2026-01-13	55.273827
2026-01-14	53.514214
2026-01-15	54.060989
2026-01-16	53.822395
2026-01-20	50.432396
2026-01-21	52.420666
2026-01-22	53.583805
2026-01-23	54.060989
2026-01-26	54.756882
2026-01-27	56.208313
2026-01-28	56.725266
2026-01-29	55.711246
2026-01-30	53.683216
2026-02-02	54.776760
2026-02-03	52.211899
2026-02-04	49.468086
2026-02-05	47.360523
2026-02-06	50.293221
2026-02-09	51.436474
2026-02-10	50.720695
2026-02-11	51.098469
2026-02-12	47.976887
2026-02-13	48.185658
2026-02-17	48.066357
2026-02-18	49.100258
2026-02-19	48.543549
2026-02-20	49.766331
2026-02-23	47.957005
2026-02-24	49.487972
2026-02-25	51.565712
2026-02-26	49.756390
2026-02-27	49.229500
2026-03-02	49.408440
2026-03-03	47.817825
2026-03-04	49.965153
2026-03-05	49.507854
2026-03-06	47.261116
2026-03-09	49.100258
2026-03-10	49.110203
2026-03-11	49.060490
2026-03-12	46.555279
2026-03-13	45.660561
2026-03-16	47.181580
2026-03-17	47.877476
2026-03-18	45.829556
2026-03-19	45.421963
2026-03-20	42.827278
2026-03-23	44.308537
2026-03-24	43.364109
2026-03-25	44.202553
2026-03-26	41.055897
2026-03-27	38.616241
2026-03-30	37.730000
2026-03-31	41.503998
2026-04-01	43.047451
2026-04-02	43.147030
2026-04-06	43.913776
2026-04-07	43.963566
2026-04-08	47.797310
2026-04-09	48.753254
2026-04-10	48.962364
2026-04-13	50.446075
2026-04-14	53.184464
2026-04-15	55.415005
2026-04-16	56.191715
2026-04-17	58.342590
2026-04-20	57.834747
2026-04-21	57.157616
2026-04-22	59.955746
2026-04-23	58.969929
2026-04-24	62.295826
2026-04-27	62.375488
2026-04-28	60.483513
2026-04-29	61.598785
2026-04-30	63.271690
2026-05-01	65.024261
2026-05-04	64.635910
2026-05-05	67.105431
2026-05-06	71.267784
2026-05-07	71.038750
2026-05-08	75.957893
2026-05-11	76.635017
2026-05-12	74.643463
2026-05-13	76.913841
2026-05-14	78.616615
2026-05-15	75.021858
2026-05-18	74.006172
2026-05-19	72.622032
2026-05-20	76.186920
2026-05-21	76.625061
2026-05-22	77.511299
2026-05-26	81.603943
2026-05-27	81.325134
2026-05-28	83.326637
2026-05-29	84.202927
2026-06-01	85.676682
2026-06-02	86.851700
2026-06-03	86.194473
2026-06-04	84.860146
2026-06-05	72.741531
2026-06-08	75.947929
2026-06-09	73.408699
2026-06-10	68.977486
2026-06-11	75.689034
2026-06-12	77.192650
2026-06-15	84.232796
2026-06-16	79.592484
2026-06-17	77.212570
2026-06-18	82.520065
2026-06-22	82.231293
2026-06-23	74.125664
2026-06-24	73.158531
2026-06-25	74.805344
2026-06-26	71.691368
2026-06-29	77.041023
2026-06-30	80.843674
2026-07-01	77.310501
2026-07-02	73.208435
2026-07-06	76.272507
2026-07-07	72.090599
2026-07-08	72.579651
2026-07-09	76.192657
2026-07-10	76.881332
2026-07-13	72.499802
2026-07-14	74.875206
2026-07-15	74.296333
2026-07-16	70.603470
2026-07-17	67.399666
2026-07-20	67.519440
2026-07-21	71.232262
2026-07-22	70.144356
2026-07-23	66.172043
2026-07-24	63.876480
2026-07-27	63.277641
2026-07-28	61.441189
2026-07-29	57.638542
2026-07-30	63.177830
2026-07-31	64.495285
2026-08-03	67.828835
2026-08-04	74.675598
2026-08-05	72.699417
2026-08-06	71.890984
2026-08-07	74.326271
2026-08-10	73.657570
2026-08-11	72.918991
2026-08-12	74.456024
2026-08-13	77.001099
2026-08-14	76.641800
2026-08-17	76.252548
2026-08-18	72.390015
2026-08-19	71.920921
2026-08-20	70.343979
2026-08-21	71.032639
2026-08-24	68.876816
2026-08-25	70.134377
2026-08-26	70.333992
2026-08-27	73.158531
2026-08-28	71.711327
2026-08-31	71.781189
2026-09-01	69.016541
2026-09-02	69.465668
2026-09-03	71.890984
2026-09-04	72.230331
2026-09-08	72.020737
2026-09-09	71.411911
2026-09-10	69.076424
2026-09-11	70.843010
2026-09-14	69.136307
2026-09-15	67.768951
2026-09-16	67.798897
2026-09-17	71.242233
2026-09-18	72.499802
2026-09-21	78.757706
2026-09-22	80.674004
2026-09-23	78.660004
2026-09-24	78.580002
2026-09-25	79.599998
2026-09-28	77.040001
2026-09-29	77.459999
2026-09-30	78.029999
2026-10-01	78.730003
2026-10-02	81.010002
2026-10-05	83.120003
2026-10-06	84.250000
