date	close
1985-10-01	2.376074
1985-10-02	2.348211
1985-10-03	2.349164
1985-10-04	2.332319
1985-10-07	2.292591
1985-10-08	2.270555
1985-10-09	2.301702
1985-10-10	2.318759
1985-10-11	2.352978
1985-10-14	2.398216
1985-10-15	2.402347
1985-10-16	2.422159
1985-10-17	2.431164
1985-10-18	2.422265
1985-10-21	2.408704
1985-10-22	2.424807
1985-10-23	2.438050
1985-10-24	2.446949
1985-10-25	2.413577
1985-10-28	2.411670
1985-10-29	2.445148
1985-10-30	2.452988
1985-10-31	2.446843
1985-11-01	2.463688
1985-11-04	2.458709
1985-11-05	2.467184
1985-11-06	2.487101
1985-11-07	2.492186
1985-11-08	2.526936
1985-11-11	2.551090
1985-11-12	2.581178
1985-11-13	2.567300
1985-11-14	2.581496
1985-11-15	2.588700
1985-11-18	2.584038
1985-11-19	2.597069
1985-11-20	2.589230
1985-11-21	2.619105
1985-11-22	2.626733
1985-11-25	2.609041
1985-11-26	2.626309
1985-11-27	2.664872
1985-11-29	2.671017
1985-12-02	2.652477
1985-12-03	2.653431
1985-12-04	2.710851
1985-12-05	2.721869
1985-12-06	2.689981
1985-12-09	2.701211
1985-12-10	2.711593
1985-12-11	2.737125
1985-12-12	2.749520
1985-12-13	2.799525
1985-12-16	2.809801
1985-12-17	2.787024
1985-12-18	2.778654
1985-12-19	2.795287
1985-12-20	2.802385
1985-12-23	2.769861
1985-12-24	2.755135
1985-12-26	2.761810
1985-12-27	2.785964
1985-12-30	2.795711
1985-12-31	2.803127
1986-01-02	2.781091
1986-01-03	2.766153
1986-01-06	2.762021
1986-01-07	2.813615
1986-01-08	2.779078
1986-01-09	2.729073
1986-01-10	2.745283
1986-01-13	2.735324
1986-01-14	2.737125
1986-01-15	2.787024
1986-01-16	2.819336
1986-01-17	2.813192
1986-01-20	2.788507
1986-01-21	2.777595
1986-01-22	2.746342
1986-01-23	2.739032
1986-01-24	2.758737
1986-01-27	2.771344
1986-01-28	2.796665
1986-01-29	2.819336
1986-01-30	2.800902
1986-01-31	2.816476
1986-02-03	2.844339
1986-02-04	2.851967
1986-02-05	2.875592
1986-02-06	2.895191
1986-02-07	2.911718
1986-02-10	2.926656
1986-02-11	2.929516
1986-02-12	2.938097
1986-02-13	2.948692
1986-02-14	2.969774
1986-02-18	2.981958
1986-02-19	2.958756
1986-02-20	2.965219
1986-02-21	2.990645
1986-02-24	2.970622
1986-02-25	2.953671
1986-02-26	2.942547
1986-02-27	2.977508
1986-02-28	2.975389
1986-03-03	2.960875
1986-03-04	2.977932
1986-03-05	2.971575
1986-03-06	2.983335
1986-03-07	2.981428
1986-03-10	3.017978
1986-03-11	3.079636
1986-03-12	3.106652
1986-03-13	3.114915
1986-03-14	3.114703
1986-03-17	3.101249
1986-03-18	3.127946
1986-03-19	3.124768
1986-03-20	3.131654
1986-03-21	3.135998
1986-03-24	3.116610
1986-03-25	3.124980
1986-03-26	3.120106
1986-03-27	3.143837
1986-03-31	3.154114
1986-04-01	3.145427
1986-04-02	3.155385
1986-04-03	3.150936
1986-04-04	3.115445
1986-04-07	3.094680
1986-04-08	3.155597
1986-04-09	3.158245
1986-04-10	3.215666
1986-04-11	3.234736
1986-04-14	3.261433
1986-04-15	3.282516
1986-04-16	3.366740
1986-04-17	3.370130
1986-04-18	3.340572
1986-04-21	3.358900
1986-04-22	3.344810
1986-04-23	3.336335
1986-04-24	3.387081
1986-04-25	3.399900
1986-04-28	3.388034
1986-04-29	3.353073
1986-04-30	3.282304
1986-05-01	3.267366
1986-05-02	3.284423
1986-05-05	3.329554
1986-05-06	3.329236
1986-05-07	3.310803
1986-05-08	3.329978
1986-05-09	3.345975
1986-05-12	3.342479
1986-05-13	3.327647
1986-05-14	3.326694
1986-05-15	3.300420
1986-05-16	3.284105
1986-05-19	3.290779
1986-05-20	3.326800
1986-05-21	3.335911
1986-05-22	3.382314
1986-05-23	3.393649
1986-05-27	3.415050
1986-05-28	3.417804
1986-05-29	3.424478
1986-05-30	3.457109
1986-06-02	3.433166
1986-06-03	3.434861
1986-06-04	3.428822
1986-06-05	3.440158
1986-06-06	3.430093
1986-06-09	3.360701
1986-06-10	3.350001
1986-06-11	3.390895
1986-06-12	3.397887
1986-06-13	3.440052
1986-06-16	3.407104
1986-06-17	3.359960
1986-06-18	3.357947
1986-06-19	3.374898
1986-06-20	3.381360
1986-06-23	3.380724
1986-06-24	3.407104
1986-06-25	3.432530
1986-06-26	3.426597
1986-06-27	3.424373
1986-06-30	3.445561
1986-07-01	3.460605
1986-07-02	3.474060
1986-07-03	3.485819
1986-07-07	3.339831
1986-07-08	3.247343
1986-07-09	3.292898
1986-07-10	3.269167
1986-07-11	3.238762
1986-07-14	3.163119
1986-07-15	3.098918
1986-07-16	3.123073
1986-07-17	3.145744
1986-07-18	3.130806
1986-07-21	3.116292
1986-07-22	3.123285
1986-07-23	3.118411
1986-07-24	3.120636
1986-07-25	3.141401
1986-07-28	3.083027
1986-07-29	3.055482
1986-07-30	3.062156
1986-07-31	3.066076
1986-08-01	3.055164
1986-08-04	3.019885
1986-08-05	3.005795
1986-08-06	2.977932
1986-08-07	2.981110
1986-08-08	3.015012
1986-08-11	3.081649
1986-08-12	3.115975
1986-08-13	3.153584
1986-08-14	3.178163
1986-08-15	3.169264
1986-08-18	3.158564
1986-08-19	3.148499
1986-08-20	3.173078
1986-08-21	3.178480
1986-08-22	3.198292
1986-08-25	3.176362
1986-08-26	3.202741
1986-08-27	3.221069
1986-08-28	3.221599
1986-08-29	3.214289
1986-09-02	3.164284
1986-09-03	3.174455
1986-09-04	3.207827
1986-09-05	3.171276
1986-09-08	3.105169
1986-09-09	3.088430
1986-09-10	3.066818
1986-09-11	2.933754
1986-09-12	2.861184
1986-09-15	2.859171
1986-09-16	2.864892
1986-09-17	2.889894
1986-09-18	2.926868
1986-09-19	2.933648
1986-09-22	2.968927
1986-09-23	2.957167
1986-09-24	2.950175
1986-09-25	2.915850
1986-09-26	2.915214
1986-09-29	2.871778
1986-09-30	2.913307
1986-10-01	2.929622
1986-10-02	2.928669
1986-10-03	2.935767
1986-10-06	2.947632
1986-10-07	2.929410
1986-10-08	2.950811
1986-10-09	2.948692
1986-10-10	2.963630
1986-10-13	2.980686
1986-10-14	2.986831
1986-10-15	3.010880
1986-10-16	3.006642
1986-10-17	2.991704
1986-10-20	2.968503
1986-10-21	2.964795
1986-10-22	2.972741
1986-10-23	3.011939
1986-10-24	3.008019
1986-10-27	3.003676
1986-10-28	3.019249
1986-10-29	3.032704
1986-10-30	3.067665
1986-10-31	3.061308
1986-11-03	3.068301
1986-11-04	3.092773
1986-11-05	3.097329
1986-11-06	3.081014
1986-11-07	3.070420
1986-11-10	3.057389
1986-11-11	3.079743
1986-11-12	3.084616
1986-11-13	3.038743
1986-11-14	3.040650
1986-11-17	3.034081
1986-11-18	2.980369
1986-11-19	2.956743
1986-11-20	2.994141
1986-11-21	3.027831
1986-11-24	3.061626
1986-11-25	3.088642
1986-11-26	3.111949
1986-11-28	3.134621
1986-12-01	3.111631
1986-12-02	3.154220
1986-12-03	3.179964
1986-12-04	3.177845
1986-12-05	3.158034
1986-12-08	3.132608
1986-12-09	3.111843
1986-12-10	3.113750
1986-12-11	3.095210
1986-12-12	3.071903
1986-12-15	3.052727
1986-12-16	3.061520
1986-12-17	3.030903
1986-12-18	3.026877
1986-12-19	3.046265
1986-12-22	3.052939
1986-12-23	3.025818
1986-12-24	3.025606
1986-12-26	3.028572
1986-12-29	2.998485
1986-12-30	2.998696
1986-12-31	2.996154
1987-01-02	3.026983
1987-01-05	3.123285
1987-01-06	3.158352
1987-01-07	3.241305
1987-01-08	3.298831
1987-01-09	3.326376
1987-01-12	3.375427
1987-01-13	3.382102
1987-01-14	3.446515
1987-01-15	3.477980
1987-01-16	3.443442
1987-01-19	3.526925
1987-01-20	3.528302
1987-01-21	3.480416
1987-01-22	3.558496
1987-01-23	3.533493
1987-01-26	3.477873
1987-01-27	3.531162
1987-01-28	3.551715
1987-01-29	3.511775
1987-01-30	3.531586
1987-02-02	3.608500
1987-02-03	3.634986
1987-02-04	3.676197
1987-02-05	3.700246
1987-02-06	3.700141
1987-02-09	3.678846
1987-02-10	3.651301
1987-02-11	3.728745
1987-02-12	3.734784
1987-02-13	3.794111
1987-02-17	3.891260
1987-02-18	3.839561
1987-02-19	3.811168
1987-02-20	3.786060
1987-02-23	3.765295
1987-02-24	3.791463
1987-02-25	3.834475
1987-02-26	3.860219
1987-02-27	3.872191
1987-03-02	3.836488
1987-03-03	3.825894
1987-03-04	3.883315
1987-03-05	3.912873
1987-03-06	3.904715
1987-03-09	3.866364
1987-03-10	3.908529
1987-03-11	3.926433
1987-03-12	3.914991
1987-03-13	3.880984
1987-03-16	3.871767
1987-03-17	3.938934
1987-03-18	3.942007
1987-03-19	3.982583
1987-03-20	4.022099
1987-03-23	4.013094
1987-03-24	4.029621
1987-03-25	4.029939
1987-03-26	4.040745
1987-03-27	4.005678
1987-03-30	3.895180
1987-03-31	3.941901
1987-04-01	3.942642
1987-04-02	3.976226
1987-04-03	4.054623
1987-04-06	4.045194
1987-04-07	3.971459
1987-04-08	4.010551
1987-04-09	3.998898
1987-04-10	3.989469
1987-04-13	3.897511
1987-04-14	3.808096
1987-04-15	3.866046
1987-04-16	3.893273
1987-04-20	3.858948
1987-04-21	3.912131
1987-04-22	3.897723
1987-04-23	3.893803
1987-04-24	3.821868
1987-04-27	3.804388
1987-04-28	3.840726
1987-04-29	3.860961
1987-04-30	3.916263
1987-05-01	3.937451
1987-05-04	3.950588
1987-05-05	4.020192
1987-05-06	4.010869
1987-05-07	4.026125
1987-05-08	4.033435
1987-05-11	4.009704
1987-05-12	4.004089
1987-05-13	4.032058
1987-05-14	4.041487
1987-05-15	3.981523
1987-05-18	3.929506
1987-05-19	3.844963
1987-05-20	3.849943
1987-05-21	3.870284
1987-05-22	3.848672
1987-05-26	3.923467
1987-05-27	3.940100
1987-05-28	3.985761
1987-05-29	3.999745
1987-06-01	3.938087
1987-06-02	3.909271
1987-06-03	3.935968
1987-06-04	3.946456
1987-06-05	3.934379
1987-06-08	3.973578
1987-06-09	4.014683
1987-06-10	4.026231
1987-06-11	4.018709
1987-06-12	4.033435
1987-06-15	4.017332
1987-06-16	4.049962
1987-06-17	4.053776
1987-06-18	4.076024
1987-06-19	4.069243
1987-06-22	4.087253
1987-06-23	4.064794
1987-06-24	4.066171
1987-06-25	4.054306
1987-06-26	4.048267
1987-06-29	4.040639
1987-06-30	4.009704
1987-07-01	4.014683
1987-07-02	4.033964
1987-07-06	4.005148
1987-07-07	3.978239
1987-07-08	3.970399
1987-07-09	3.982901
1987-07-10	3.999004
1987-07-13	4.034706
1987-07-14	4.131432
1987-07-15	4.128995
1987-07-16	4.153785
1987-07-17	4.150077
1987-07-20	4.107594
1987-07-21	4.093504
1987-07-22	4.102827
1987-07-23	4.057696
1987-07-24	4.089902
1987-07-27	4.093504
1987-07-28	4.105370
1987-07-29	4.125923
1987-07-30	4.164909
1987-07-31	4.160354
1987-08-03	4.136835
1987-08-04	4.150395
1987-08-05	4.200506
1987-08-06	4.277208
1987-08-07	4.316724
1987-08-10	4.365458
1987-08-11	4.415463
1987-08-12	4.387282
1987-08-13	4.374781
1987-08-14	4.374675
1987-08-17	4.382409
1987-08-18	4.320326
1987-08-19	4.351897
1987-08-20	4.426904
1987-08-21	4.461759
1987-08-24	4.438558
1987-08-25	4.464726
1987-08-26	4.474155
1987-08-27	4.463031
1987-08-28	4.425104
1987-08-31	4.440571
1987-09-01	4.383680
1987-09-02	4.359101
1987-09-03	4.343952
1987-09-04	4.323717
1987-09-08	4.235573
1987-09-09	4.271593
1987-09-10	4.347130
1987-09-11	4.372556
1987-09-14	4.347024
1987-09-15	4.285472
1987-09-16	4.265237
1987-09-17	4.281234
1987-09-18	4.273182
1987-09-21	4.179635
1987-09-22	4.267991
1987-09-23	4.324035
1987-09-24	4.336006
1987-09-25	4.346071
1987-09-28	4.335688
1987-09-29	4.325624
1987-09-30	4.354334
1987-10-01	4.443326
1987-10-02	4.495026
1987-10-05	4.530304
1987-10-06	4.408683
1987-10-07	4.383680
1987-10-08	4.314500
1987-10-09	4.289921
1987-10-12	4.229746
1987-10-13	4.263753
1987-10-14	4.184614
1987-10-15	4.090750
1987-10-16	3.883527
1987-10-19	3.297983
1987-10-20	3.050291
1987-10-21	3.364303
1987-10-22	3.177951
1987-10-23	3.081226
1987-10-26	2.721128
1987-10-27	2.751639
1987-10-28	2.780138
1987-10-29	3.043510
1987-10-30	3.179752
1987-11-02	3.224778
1987-11-03	3.117564
1987-11-04	3.134727
1987-11-05	3.242470
1987-11-06	3.192677
1987-11-09	3.103791
1987-11-10	3.039379
1987-11-11	3.082497
1987-11-12	3.174985
1987-11-13	3.134832
1987-11-16	3.124450
1987-11-17	3.042133
1987-11-18	3.068830
1987-11-19	2.988844
1987-11-20	2.984077
1987-11-23	3.005371
1987-11-24	3.065122
1987-11-25	3.072220
1987-11-27	3.037471
1987-11-30	2.905467
1987-12-01	2.906209
1987-12-02	2.923054
1987-12-03	2.817005
1987-12-04	2.763716
1987-12-07	2.821137
1987-12-08	2.896250
1987-12-09	2.961299
1987-12-10	2.945513
1987-12-11	2.962570
1987-12-14	3.095210
1987-12-15	3.112373
1987-12-16	3.200728
1987-12-17	3.176362
1987-12-18	3.278808
1987-12-21	3.305823
1987-12-22	3.295970
1987-12-23	3.349048
1987-12-24	3.351696
1987-12-28	3.237173
1987-12-29	3.270333
1987-12-30	3.332627
1987-12-31	3.310697
1988-01-04	3.428504
1988-01-05	3.480840
1988-01-06	3.520992
1988-01-07	3.574493
1988-01-08	3.351908
1988-01-11	3.366316
1988-01-12	3.299573
1988-01-13	3.295759
1988-01-14	3.306141
1988-01-15	3.386445
1988-01-18	3.369494
1988-01-19	3.347988
1988-01-20	3.230498
1988-01-21	3.240775
1988-01-22	3.270544
1988-01-25	3.327753
1988-01-26	3.289084
1988-01-27	3.293216
1988-01-28	3.340466
1988-01-29	3.371719
1988-02-01	3.360807
1988-02-02	3.368435
1988-02-03	3.317689
1988-02-04	3.334640
1988-02-05	3.348094
1988-02-08	3.345128
1988-02-09	3.367481
1988-02-10	3.437616
1988-02-11	3.452765
1988-02-12	3.473530
1988-02-16	3.507537
1988-02-17	3.513152
1988-02-18	3.511987
1988-02-19	3.540062
1988-02-22	3.606276
1988-02-23	3.629265
1988-02-24	3.654479
1988-02-25	3.618671
1988-02-26	3.615705
1988-02-29	3.657975
1988-03-01	3.657869
1988-03-02	3.710417
1988-03-03	3.739763
1988-03-04	3.758621
1988-03-07	3.781398
1988-03-08	3.805977
1988-03-09	3.840196
1988-03-10	3.780762
1988-03-11	3.769215
1988-03-14	3.797184
1988-03-15	3.778220
1988-03-16	3.822822
1988-03-17	3.840090
1988-03-18	3.835853
1988-03-21	3.790615
1988-03-22	3.814240
1988-03-23	3.797925
1988-03-24	3.703001
1988-03-25	3.663061
1988-03-28	3.662213
1988-03-29	3.679693
1988-03-30	3.647169
1988-03-31	3.671112
1988-04-04	3.631808
1988-04-05	3.663379
1988-04-06	3.741882
1988-04-07	3.757349
1988-04-08	3.791251
1988-04-11	3.812651
1988-04-12	3.816041
1988-04-13	3.822080
1988-04-14	3.671324
1988-04-15	3.668464
1988-04-18	3.677257
1988-04-19	3.694314
1988-04-20	3.664226
1988-04-21	3.645898
1988-04-22	3.672384
1988-04-25	3.695267
1988-04-26	3.744954
1988-04-27	3.754807
1988-04-28	3.744636
1988-04-29	3.727474
1988-05-02	3.744954
1988-05-03	3.792628
1988-05-04	3.784788
1988-05-05	3.764765
1988-05-06	3.754171
1988-05-09	3.706497
1988-05-10	3.693572
1988-05-11	3.618989
1988-05-12	3.638164
1988-05-13	3.683508
1988-05-16	3.707662
1988-05-17	3.688275
1988-05-18	3.608077
1988-05-19	3.609348
1988-05-20	3.599601
1988-05-23	3.552245
1988-05-24	3.585299
1988-05-25	3.581061
1988-05-26	3.598965
1988-05-27	3.593245
1988-05-31	3.672913
1988-06-01	3.743471
1988-06-02	3.738703
1988-06-03	3.771652
1988-06-06	3.808519
1988-06-07	3.808943
1988-06-08	3.877806
1988-06-09	3.872720
1988-06-10	3.904715
1988-06-13	3.914250
1988-06-14	3.936286
1988-06-15	3.943278
1988-06-16	3.909377
1988-06-17	3.897405
1988-06-20	3.881620
1988-06-21	3.915415
1988-06-22	3.961818
1988-06-23	3.963725
1988-06-24	3.969658
1988-06-27	3.922302
1988-06-28	3.987456
1988-06-29	3.978875
1988-06-30	4.005148
1988-07-01	4.024854
1988-07-05	4.066171
1988-07-06	4.034918
1988-07-07	4.012776
1988-07-08	3.986503
1988-07-11	3.976756
1988-07-12	3.967221
1988-07-13	3.985973
1988-07-14	3.997838
1988-07-15	3.994236
1988-07-18	4.000275
1988-07-19	3.936392
1988-07-20	3.925268
1988-07-21	3.864881
1988-07-22	3.853333
1988-07-25	3.847612
1988-07-26	3.807672
1988-07-27	3.758197
1988-07-28	3.776207
1988-07-29	3.838501
1988-08-01	3.844434
1988-08-02	3.825258
1988-08-03	3.836594
1988-08-04	3.838819
1988-08-05	3.811698
1988-08-08	3.810003
1988-08-09	3.756078
1988-08-10	3.658823
1988-08-11	3.700246
1988-08-12	3.681389
1988-08-15	3.603839
1988-08-16	3.658081
1988-08-17	3.663590
1988-08-18	3.677257
1988-08-19	3.661683
1988-08-22	3.599813
1988-08-23	3.593668
1988-08-24	3.643461
1988-08-25	3.613268
1988-08-26	3.622802
1988-08-29	3.660624
1988-08-30	3.652149
1988-08-31	3.623120
1988-09-01	3.564322
1988-09-02	3.633079
1988-09-06	3.643037
1988-09-07	3.646428
1988-09-08	3.664862
1988-09-09	3.718151
1988-09-12	3.720587
1988-09-13	3.726414
1988-09-14	3.749933
1988-09-15	3.716773
1988-09-16	3.742835
1988-09-19	3.731499
1988-09-20	3.746225
1988-09-21	3.767414
1988-09-22	3.777372
1988-09-23	3.760422
1988-09-26	3.726414
1988-09-27	3.724931
1988-09-28	3.751522
1988-09-29	3.789026
1988-09-30	3.800468
1988-10-03	3.745907
1988-10-04	3.735313
1988-10-05	3.726202
1988-10-06	3.734148
1988-10-07	3.729169
1988-10-10	3.706603
1988-10-11	3.721223
1988-10-12	3.671748
1988-10-13	3.704484
1988-10-14	3.715820
1988-10-17	3.724613
1988-10-18	3.750145
1988-10-19	3.750145
1988-10-20	3.821656
1988-10-21	3.808414
1988-10-24	3.780233
1988-10-25	3.758832
1988-10-26	3.736585
1988-10-27	3.692724
1988-10-28	3.705543
1988-10-31	3.703319
1988-11-01	3.699399
1988-11-02	3.687110
1988-11-03	3.692089
1988-11-04	3.677469
1988-11-07	3.630430
1988-11-08	3.681495
1988-11-09	3.676091
1988-11-10	3.671430
1988-11-11	3.585935
1988-11-14	3.579896
1988-11-15	3.561886
1988-11-16	3.507219
1988-11-17	3.521628
1988-11-18	3.528408
1988-11-21	3.470987
1988-11-22	3.482323
1988-11-23	3.542498
1988-11-25	3.511351
1988-11-28	3.517178
1988-11-29	3.542074
1988-11-30	3.584769
1988-12-01	3.630219
1988-12-02	3.636257
1988-12-05	3.662531
1988-12-06	3.687110
1988-12-07	3.662213
1988-12-08	3.641978
1988-12-09	3.640071
1988-12-12	3.625557
1988-12-13	3.607441
1988-12-14	3.620472
1988-12-15	3.636363
1988-12-16	3.687110
1988-12-19	3.716244
1988-12-20	3.709569
1988-12-21	3.700776
1988-12-22	3.702895
1988-12-23	3.720905
1988-12-27	3.712642
1988-12-28	3.710735
1988-12-29	3.743577
1988-12-30	3.759044
1989-01-03	3.700034
1989-01-04	3.762223
1989-01-05	3.760633
1989-01-06	3.761375
1989-01-09	3.764129
1989-01-10	3.751734
1989-01-11	3.762964
1989-01-12	3.792734
1989-01-13	3.794853
1989-01-16	3.796972
1989-01-17	3.752264
1989-01-18	3.785212
1989-01-19	3.826000
1989-01-20	3.820703
1989-01-23	3.775889
1989-01-24	3.817631
1989-01-25	3.846976
1989-01-26	3.898570
1989-01-27	3.889036
1989-01-30	3.915309
1989-01-31	3.951012
1989-02-01	3.991270
1989-02-02	4.022947
1989-02-03	4.025277
1989-02-06	4.014471
1989-02-07	4.069349
1989-02-08	4.026867
1989-02-09	3.998050
1989-02-10	3.934803
1989-02-13	3.928446
1989-02-14	3.933214
1989-02-15	3.971035
1989-02-16	3.979722
1989-02-17	3.994236
1989-02-21	3.987032
1989-02-22	3.935968
1989-02-23	3.951012
1989-02-24	3.911177
1989-02-27	3.894756
1989-02-28	3.894227
1989-03-01	3.890201
1989-03-02	3.929612
1989-03-03	3.937133
1989-03-06	3.972942
1989-03-07	3.955885
1989-03-08	3.946456
1989-03-09	3.927281
1989-03-10	3.919759
1989-03-13	3.938511
1989-03-14	3.927387
1989-03-15	3.927599
1989-03-16	3.965102
1989-03-17	3.856511
1989-03-20	3.811274
1989-03-21	3.857147
1989-03-22	3.826424
1989-03-23	3.835958
1989-03-27	3.838183
1989-03-28	3.856617
1989-03-29	3.884692
1989-03-30	3.906410
1989-03-31	3.938299
1989-04-03	3.937451
1989-04-04	3.931201
1989-04-05	3.942960
1989-04-06	3.945291
1989-04-07	3.991905
1989-04-10	4.010445
1989-04-11	4.045089
1989-04-12	4.079414
1989-04-13	4.064582
1989-04-14	4.123910
1989-04-17	4.123062
1989-04-18	4.170524
1989-04-19	4.196798
1989-04-20	4.187899
1989-04-21	4.213537
1989-04-24	4.201989
1989-04-25	4.179212
1989-04-26	4.179423
1989-04-27	4.228581
1989-04-28	4.247650
1989-05-01	4.253583
1989-05-02	4.253477
1989-05-03	4.271275
1989-05-04	4.282081
1989-05-05	4.310580
1989-05-08	4.302104
1989-05-09	4.294583
1989-05-10	4.301575
1989-05-11	4.312169
1989-05-12	4.389295
1989-05-15	4.426163
1989-05-16	4.412602
1989-05-17	4.465044
1989-05-18	4.472036
1989-05-19	4.504878
1989-05-22	4.499793
1989-05-23	4.462819
1989-05-24	4.491635
1989-05-25	4.509751
1989-05-26	4.543547
1989-05-30	4.525643
1989-05-31	4.545878
1989-06-01	4.568020
1989-06-02	4.614634
1989-06-05	4.521617
1989-06-06	4.542700
1989-06-07	4.658918
1989-06-08	4.648536
1989-06-09	4.635929
1989-06-12	4.631797
1989-06-13	4.588255
1989-06-14	4.590797
1989-06-15	4.515048
1989-06-16	4.509222
1989-06-19	4.497992
1989-06-20	4.471612
1989-06-21	4.468858
1989-06-22	4.496615
1989-06-23	4.539839
1989-06-26	4.526173
1989-06-27	4.532953
1989-06-28	4.472248
1989-06-29	4.381138
1989-06-30	4.334841
1989-07-03	4.353486
1989-07-05	4.372556
1989-07-06	4.400207
1989-07-07	4.440677
1989-07-10	4.435380
1989-07-11	4.448305
1989-07-12	4.468010
1989-07-13	4.480935
1989-07-14	4.510281
1989-07-17	4.528715
1989-07-18	4.478922
1989-07-19	4.526067
1989-07-20	4.472778
1989-07-21	4.467904
1989-07-24	4.409636
1989-07-25	4.407517
1989-07-26	4.447352
1989-07-27	4.507951
1989-07-28	4.516214
1989-07-31	4.540157
1989-08-01	4.509646
1989-08-02	4.509751
1989-08-03	4.546196
1989-08-04	4.558485
1989-08-07	4.635187
1989-08-08	4.655740
1989-08-09	4.615906
1989-08-10	4.606795
1989-08-11	4.583169
1989-08-14	4.551493
1989-08-15	4.573952
1989-08-16	4.552764
1989-08-17	4.579885
1989-08-18	4.591963
1989-08-21	4.538250
1989-08-22	4.563676
1989-08-23	4.608278
1989-08-24	4.669830
1989-08-25	4.678835
1989-08-28	4.692396
1989-08-29	4.667817
1989-08-30	4.691124
1989-08-31	4.703944
1989-09-01	4.735938
1989-09-05	4.737315
1989-09-06	4.696845
1989-09-07	4.686887
1989-09-08	4.717716
1989-09-11	4.724179
1989-09-12	4.753101
1989-09-13	4.759246
1989-09-14	4.712525
1989-09-15	4.702990
1989-09-18	4.698541
1989-09-19	4.702460
1989-09-20	4.710300
1989-09-21	4.717716
1989-09-22	4.743884
1989-09-25	4.743884
1989-09-26	4.743460
1989-09-27	4.742083
1989-09-28	4.793889
1989-09-29	4.796855
1989-10-02	4.833299
1989-10-03	4.846542
1989-10-04	4.892415
1989-10-05	4.910213
1989-10-06	4.966680
1989-10-09	5.017109
1989-10-10	5.002277
1989-10-11	4.981089
1989-10-12	4.969647
1989-10-13	4.760305
1989-10-16	4.766238
1989-10-17	4.751406
1989-10-18	4.799715
1989-10-19	4.905764
1989-10-20	4.895593
1989-10-23	4.847072
1989-10-24	4.792300
1989-10-25	4.791028
1989-10-26	4.705003
1989-10-27	4.636882
1989-10-30	4.641861
1989-10-31	4.716869
1989-11-01	4.731595
1989-11-02	4.649807
1989-11-03	4.641438
1989-11-06	4.559438
1989-11-07	4.611668
1989-11-08	4.669300
1989-11-09	4.675233
1989-11-10	4.715068
1989-11-13	4.719835
1989-11-14	4.690489
1989-11-15	4.711148
1989-11-16	4.697481
1989-11-17	4.717187
1989-11-20	4.733819
1989-11-21	4.719941
1989-11-22	4.738269
1989-11-24	4.763907
1989-11-27	4.738693
1989-11-28	4.737422
1989-11-29	4.735514
1989-11-30	4.755644
1989-12-01	4.774077
1989-12-04	4.803847
1989-12-05	4.816242
1989-12-06	4.749499
1989-12-07	4.762424
1989-12-08	4.746744
1989-12-11	4.667076
1989-12-12	4.614952
1989-12-13	4.617177
1989-12-14	4.584229
1989-12-15	4.537296
1989-12-18	4.467587
1989-12-19	4.474684
1989-12-20	4.518121
1989-12-21	4.581580
1989-12-22	4.611138
1989-12-26	4.610926
1989-12-27	4.694833
1989-12-28	4.694939
1989-12-29	4.742719
1990-01-02	4.825142
1990-01-03	4.790711
1990-01-04	4.761364
1990-01-05	4.727993
1990-01-08	4.736468
1990-01-09	4.686463
1990-01-10	4.588466
1990-01-11	4.523842
1990-01-12	4.424044
1990-01-15	4.399042
1990-01-16	4.490152
1990-01-17	4.462395
1990-01-18	4.461654
1990-01-19	4.532423
1990-01-22	4.408471
1990-01-23	4.396181
1990-01-24	4.380608
1990-01-25	4.360055
1990-01-26	4.306448
1990-01-29	4.281234
1990-01-30	4.188005
1990-01-31	4.278797
1990-02-01	4.302210
1990-02-02	4.356665
1990-02-05	4.375205
1990-02-06	4.345223
1990-02-07	4.381879
1990-02-08	4.391202
1990-02-09	4.417687
1990-02-12	4.383468
1990-02-13	4.390248
1990-02-14	4.408471
1990-02-15	4.448093
1990-02-16	4.414721
1990-02-20	4.345011
1990-02-21	4.338337
1990-02-22	4.326471
1990-02-23	4.275725
1990-02-26	4.335688
1990-02-27	4.360267
1990-02-28	4.405398
1990-03-01	4.430612
1990-03-02	4.482206
1990-03-05	4.457840
1990-03-06	4.469917
1990-03-07	4.452860
1990-03-08	4.515472
1990-03-09	4.530516
1990-03-12	4.524265
1990-03-13	4.481571
1990-03-14	4.497674
1990-03-15	4.523312
1990-03-16	4.618236
1990-03-19	4.658706
1990-03-20	4.596306
1990-03-21	4.573529
1990-03-22	4.503395
1990-03-23	4.544712
1990-03-26	4.585924
1990-03-27	4.607854
1990-03-28	4.539203
1990-03-29	4.515472
1990-03-30	4.516214
1990-04-02	4.506149
1990-04-03	4.593870
1990-04-04	4.565689
1990-04-05	4.535601
1990-04-06	4.502018
1990-04-09	4.494390
1990-04-10	4.517909
1990-04-11	4.545454
1990-04-12	4.577660
1990-04-16	4.596306
1990-04-17	4.587301
1990-04-18	4.516214
1990-04-19	4.468010
1990-04-20	4.420336
1990-04-23	4.356983
1990-04-24	4.338549
1990-04-25	4.355923
1990-04-26	4.360267
1990-04-27	4.315453
1990-04-30	4.360903
1990-05-01	4.386858
1990-05-02	4.417794
1990-05-03	4.451483
1990-05-04	4.506891
1990-05-07	4.556154
1990-05-08	4.559120
1990-05-09	4.564629
1990-05-10	4.593870
1990-05-11	4.680318
1990-05-14	4.743248
1990-05-15	4.756597
1990-05-16	4.770052
1990-05-17	4.802152
1990-05-18	4.841774
1990-05-21	4.920278
1990-05-22	4.933627
1990-05-23	5.001747
1990-05-24	5.022406
1990-05-25	4.919960
1990-05-29	4.997086
1990-05-30	5.007998
1990-05-31	5.003654
1990-06-01	5.040416
1990-06-04	5.087561
1990-06-05	5.039569
1990-06-06	5.044018
1990-06-07	5.029822
1990-06-08	4.973567
1990-06-11	5.020605
1990-06-12	5.087561
1990-06-13	5.128772
1990-06-14	5.096142
1990-06-15	5.101863
1990-06-18	5.015520
1990-06-19	5.016897
1990-06-20	5.028339
1990-06-21	5.045925
1990-06-22	4.994967
1990-06-25	4.935110
1990-06-26	4.935639
1990-06-27	4.978228
1990-06-28	5.030458
1990-06-29	5.052600
1990-07-02	5.051752
1990-07-03	5.046773
1990-07-05	5.028021
1990-07-06	5.052706
1990-07-09	5.076755
1990-07-10	5.056837
1990-07-11	5.101651
1990-07-12	5.157800
1990-07-13	5.185663
1990-07-16	5.216174
1990-07-17	5.117542
1990-07-18	5.047515
1990-07-19	5.008951
1990-07-20	4.925045
1990-07-23	4.817832
1990-07-24	4.798868
1990-07-25	4.847178
1990-07-26	4.814018
1990-07-27	4.780858
1990-07-30	4.744519
1990-07-31	4.733184
1990-08-01	4.727463
1990-08-02	4.639637
1990-08-03	4.504772
1990-08-06	4.268521
1990-08-07	4.293947
1990-08-08	4.355923
1990-08-09	4.431036
1990-08-10	4.369696
1990-08-13	4.394910
1990-08-14	4.413450
1990-08-15	4.417052
1990-08-16	4.284094
1990-08-17	4.170842
1990-08-20	4.091491
1990-08-21	3.988833
1990-08-22	3.920183
1990-08-23	3.777796
1990-08-24	3.919123
1990-08-27	4.110031
1990-08-28	4.129736
1990-08-29	4.087359
1990-08-30	4.041169
1990-08-31	4.102403
1990-09-04	4.126346
1990-09-05	4.106641
1990-09-06	4.040003
1990-09-07	4.063946
1990-09-10	4.081956
1990-09-11	4.046254
1990-09-12	4.075706
1990-09-13	4.019874
1990-09-14	4.015637
1990-09-17	4.017438
1990-09-18	4.013729
1990-09-19	3.999851
1990-09-20	3.898252
1990-09-21	3.881725
1990-09-24	3.763176
1990-09-25	3.828966
1990-09-26	3.802375
1990-09-27	3.690818
1990-09-28	3.751522
1990-10-01	3.914250
1990-10-02	3.918170
1990-10-03	3.824623
1990-10-04	3.803222
1990-10-05	3.779279
1990-10-08	3.804706
1990-10-09	3.678846
1990-10-10	3.590702
1990-10-11	3.500227
1990-10-12	3.532434
1990-10-15	3.588266
1990-10-16	3.506478
1990-10-17	3.544193
1990-10-18	3.652467
1990-10-19	3.699928
1990-10-22	3.783517
1990-10-23	3.780021
1990-10-24	3.781504
1990-10-25	3.757561
1990-10-26	3.691241
1990-10-29	3.639224
1990-10-30	3.665497
1990-10-31	3.656174
1990-11-01	3.663166
1990-11-02	3.747497
1990-11-05	3.823669
1990-11-06	3.819431
1990-11-07	3.752052
1990-11-08	3.765295
1990-11-09	3.861385
1990-11-12	3.997626
1990-11-13	4.023158
1990-11-14	4.077719
1990-11-15	4.016272
1990-11-16	3.919017
1990-11-19	3.963089
1990-11-20	3.884162
1990-11-21	3.897299
1990-11-23	3.904609
1990-11-26	3.922407
1990-11-27	4.008327
1990-11-28	4.019345
1990-11-29	4.049326
1990-11-30	4.080473
1990-12-03	4.121685
1990-12-04	4.144568
1990-12-05	4.217033
1990-12-06	4.226780
1990-12-07	4.223813
1990-12-10	4.225826
1990-12-11	4.164697
1990-12-12	4.195844
1990-12-13	4.195950
1990-12-14	4.155798
1990-12-17	4.132915
1990-12-18	4.221589
1990-12-19	4.246485
1990-12-20	4.269792
1990-12-21	4.296066
1990-12-24	4.263542
1990-12-26	4.249769
1990-12-27	4.219893
1990-12-28	4.225402
1990-12-31	4.248921
1991-01-02	4.232712
1991-01-03	4.161307
1991-01-04	4.170418
1991-01-07	4.075600
1991-01-08	4.070091
1991-01-09	4.061510
1991-01-10	4.154633
1991-01-11	4.157070
1991-01-14	4.105688
1991-01-15	4.138848
1991-01-16	4.300304
1991-01-17	4.433897
1991-01-18	4.481253
1991-01-21	4.542064
1991-01-22	4.491424
1991-01-23	4.573105
1991-01-24	4.656905
1991-01-25	4.682967
1991-01-28	4.708923
1991-01-29	4.756173
1991-01-30	4.857984
1991-01-31	4.924727
1991-02-01	4.967634
1991-02-04	5.018910
1991-02-05	5.118390
1991-02-06	5.234714
1991-02-07	5.157800
1991-02-08	5.180048
1991-02-11	5.282388
1991-02-12	5.258975
1991-02-13	5.304213
1991-02-14	5.203673
1991-02-15	5.261836
1991-02-19	5.314383
1991-02-20	5.249652
1991-02-21	5.230477
1991-02-22	5.268192
1991-02-25	5.297962
1991-02-26	5.250606
1991-02-27	5.291076
1991-02-28	5.299551
1991-03-01	5.347755
1991-03-04	5.368732
1991-03-05	5.555190
1991-03-06	5.575743
1991-03-07	5.605724
1991-03-08	5.569598
1991-03-11	5.406871
1991-03-12	5.311311
1991-03-13	5.446917
1991-03-14	5.419902
1991-03-15	5.395217
1991-03-18	5.416300
1991-03-19	5.378690
1991-03-20	5.426152
1991-03-21	5.360044
1991-03-22	5.345212
1991-03-25	5.419478
1991-03-26	5.607949
1991-03-27	5.647889
1991-03-28	5.612928
1991-04-01	5.606360
1991-04-02	5.802459
1991-04-03	5.830004
1991-04-04	5.875242
1991-04-05	5.836149
1991-04-08	5.840704
1991-04-09	5.783072
1991-04-10	5.743449
1991-04-11	5.899926
1991-04-12	5.915923
1991-04-15	5.896536
1991-04-16	5.975781
1991-04-17	6.004491
1991-04-18	5.885730
1991-04-19	5.805744
1991-04-22	5.748959
1991-04-23	5.766333
1991-04-24	5.816973
1991-04-25	5.762519
1991-04-26	5.748428
1991-04-29	5.639202
1991-04-30	5.586443
1991-05-01	5.598414
1991-05-02	5.647042
1991-05-03	5.659649
1991-05-06	5.664310
1991-05-07	5.641321
1991-05-08	5.660815
1991-05-09	5.747157
1991-05-10	5.693550
1991-05-13	5.699483
1991-05-14	5.638037
1991-05-15	5.468953
1991-05-16	5.523725
1991-05-17	5.518852
1991-05-20	5.479759
1991-05-21	5.535591
1991-05-22	5.629561
1991-05-23	5.661026
1991-05-24	5.710396
1991-05-28	5.792395
1991-05-29	5.813265
1991-05-30	5.874288
1991-05-31	5.911580
1991-06-03	5.952579
1991-06-04	5.956711
1991-06-05	5.876936
1991-06-06	5.810087
1991-06-07	5.732961
1991-06-10	5.686452
1991-06-11	5.705098
1991-06-12	5.621086
1991-06-13	5.610492
1991-06-14	5.674269
1991-06-17	5.669396
1991-06-18	5.625112
1991-06-19	5.514720
1991-06-20	5.520865
1991-06-21	5.514932
1991-06-24	5.315866
1991-06-25	5.318197
1991-06-26	5.349026
1991-06-27	5.408460
1991-06-28	5.386000
1991-07-01	5.490353
1991-07-02	5.426152
1991-07-03	5.348497
1991-07-05	5.338962
1991-07-08	5.486327
1991-07-09	5.523407
1991-07-10	5.579451
1991-07-11	5.590363
1991-07-12	5.666641
1991-07-15	5.697576
1991-07-16	5.603818
1991-07-17	5.580616
1991-07-18	5.641109
1991-07-19	5.655729
1991-07-22	5.600957
1991-07-23	5.494591
1991-07-24	5.463550
1991-07-25	5.534426
1991-07-26	5.598414
1991-07-29	5.606996
1991-07-30	5.706370
1991-07-31	5.766545
1991-08-01	5.810723
1991-08-02	5.836785
1991-08-05	5.766651
1991-08-06	5.821317
1991-08-07	5.859456
1991-08-08	5.906495
1991-08-09	5.893676
1991-08-12	5.938065
1991-08-13	5.985104
1991-08-14	6.032884
1991-08-15	5.971119
1991-08-16	5.922386
1991-08-19	5.762413
1991-08-20	5.809875
1991-08-21	6.061276
1991-08-22	6.029282
1991-08-23	6.076320
1991-08-26	6.074731
1991-08-27	6.076320
1991-08-28	6.142004
1991-08-29	6.114777
1991-08-30	6.089669
1991-09-03	6.024514
1991-09-04	5.971225
1991-09-05	5.948341
1991-09-06	5.932027
1991-09-09	5.961161
1991-09-10	5.856172
1991-09-11	5.925458
1991-09-12	6.050364
1991-09-13	5.922068
1991-09-16	5.902575
1991-09-17	5.892298
1991-09-18	5.954698
1991-09-19	6.007140
1991-09-20	6.073354
1991-09-23	6.035850
1991-09-24	6.088398
1991-09-25	6.123252
1991-09-26	6.100475
1991-09-27	6.058628
1991-09-30	6.092423
1991-10-01	6.110116
1991-10-02	6.039982
1991-10-03	5.941456
1991-10-04	5.943681
1991-10-07	5.909355
1991-10-08	5.933298
1991-10-09	5.858821
1991-10-10	5.914016
1991-10-11	5.964551
1991-10-14	6.084584
1991-10-15	6.214787
1991-10-16	6.306850
1991-10-17	6.196882
1991-10-18	6.210549
1991-10-21	6.162875
1991-10-22	6.161286
1991-10-23	6.130774
1991-10-24	6.052483
1991-10-25	5.995062
1991-10-28	6.067845
1991-10-29	6.146454
1991-10-30	6.244662
1991-10-31	6.197730
1991-11-01	6.144759
1991-11-04	6.079710
1991-11-05	6.124524
1991-11-06	6.132575
1991-11-07	6.205570
1991-11-08	6.262249
1991-11-11	6.310876
1991-11-12	6.398173
1991-11-13	6.416500
1991-11-14	6.378680
1991-11-15	6.028540
1991-11-18	6.114777
1991-11-19	6.025786
1991-11-20	6.043054
1991-11-21	6.115201
1991-11-22	6.066679
1991-11-25	5.996652
1991-11-26	6.020277
1991-11-27	6.043478
1991-11-29	6.034261
1991-12-02	6.227923
1991-12-03	6.228241
1991-12-04	6.252926
1991-12-05	6.236505
1991-12-06	6.274750
1991-12-09	6.266910
1991-12-10	6.278670
1991-12-11	6.247205
1991-12-12	6.313631
1991-12-13	6.384718
1991-12-16	6.420526
1991-12-17	6.332913
1991-12-18	6.348274
1991-12-19	6.240637
1991-12-20	6.267970
1991-12-23	6.426354
1991-12-24	6.506657
1991-12-26	6.646395
1991-12-27	6.711974
1991-12-30	6.923011
1991-12-31	7.010308
1992-01-02	7.063490
1992-01-03	7.094426
1992-01-06	7.138285
1992-01-07	7.196554
1992-01-08	7.294974
1992-01-09	7.422741
1992-01-10	7.354725
1992-01-13	7.379199
1992-01-14	7.470838
1992-01-15	7.534510
1992-01-16	7.456536
1992-01-17	7.410240
1992-01-20	7.242427
1992-01-21	6.950662
1992-01-22	7.337987
1992-01-23	7.332796
1992-01-24	7.319659
1992-01-27	7.214246
1992-01-28	7.221980
1992-01-29	7.146655
1992-01-30	7.169857
1992-01-31	7.168373
1992-02-03	7.233316
1992-02-04	7.350594
1992-02-05	7.434182
1992-02-06	7.396255
1992-02-07	7.348263
1992-02-10	7.314997
1992-02-11	7.297411
1992-02-12	7.542561
1992-02-13	7.411934
1992-02-14	7.345933
1992-02-18	7.173247
1992-02-19	7.162970
1992-02-20	7.317116
1992-02-21	7.254716
1992-02-24	7.182146
1992-02-25	7.168691
1992-02-26	7.369558
1992-02-27	7.360659
1992-02-28	7.328664
1992-03-02	7.344661
1992-03-03	7.324956
1992-03-04	7.238189
1992-03-05	7.151528
1992-03-06	7.055757
1992-03-09	7.062431
1992-03-10	7.210856
1992-03-11	7.099087
1992-03-12	7.094531
1992-03-13	7.129281
1992-03-16	7.167526
1992-03-17	7.265946
1992-03-18	7.259695
1992-03-19	7.258106
1992-03-20	7.222404
1992-03-23	7.183629
1992-03-24	7.139133
1992-03-25	7.154389
1992-03-26	7.062007
1992-03-27	6.869722
1992-03-30	6.830100
1992-03-31	6.844931
1992-04-01	6.863260
1992-04-02	6.730832
1992-04-03	6.703711
1992-04-06	6.876714
1992-04-07	6.631034
1992-04-08	6.586432
1992-04-09	6.770454
1992-04-10	6.631669
1992-04-13	6.719919
1992-04-14	6.791960
1992-04-15	6.908921
1992-04-16	6.764097
1992-04-20	6.523397
1992-04-21	6.475723
1992-04-22	6.558675
1992-04-23	6.515874
1992-04-24	6.437371
1992-04-27	6.349121
1992-04-28	6.242649
1992-04-29	6.419573
1992-04-30	6.523078
1992-05-01	6.514921
1992-05-04	6.583572
1992-05-05	6.669491
1992-05-06	6.676589
1992-05-07	6.626161
1992-05-08	6.595226
1992-05-11	6.608680
1992-05-12	6.569270
1992-05-13	6.541936
1992-05-14	6.452839
1992-05-15	6.420421
1992-05-18	6.453475
1992-05-19	6.492356
1992-05-20	6.558887
1992-05-21	6.524774
1992-05-22	6.534097
1992-05-26	6.481443
1992-05-27	6.527634
1992-05-28	6.610375
1992-05-29	6.680615
1992-06-01	6.758695
1992-06-02	6.721720
1992-06-03	6.723945
1992-06-04	6.694175
1992-06-05	6.637178
1992-06-08	6.573296
1992-06-09	6.459408
1992-06-10	6.411628
1992-06-11	6.411098
1992-06-12	6.443622
1992-06-15	6.438431
1992-06-16	6.339692
1992-06-17	6.216693
1992-06-18	6.185652
1992-06-19	6.290111
1992-06-22	6.255786
1992-06-23	6.302401
1992-06-24	6.256740
1992-06-25	6.171244
1992-06-26	6.145288
1992-06-29	6.373383
1992-06-30	6.382599
1992-07-01	6.484304
1992-07-02	6.375077
1992-07-06	6.407390
1992-07-07	6.277399
1992-07-08	6.304838
1992-07-09	6.402940
1992-07-10	6.416607
1992-07-13	6.462056
1992-07-14	6.552425
1992-07-15	6.555497
1992-07-16	6.595543
1992-07-17	6.473922
1992-07-20	6.365966
1992-07-21	6.464599
1992-07-22	6.381328
1992-07-23	6.409403
1992-07-24	6.429108
1992-07-27	6.395524
1992-07-28	6.499666
1992-07-29	6.570647
1992-07-30	6.588233
1992-07-31	6.587385
1992-08-03	6.626690
1992-08-04	6.591200
1992-08-05	6.496063
1992-08-06	6.453157
1992-08-07	6.426777
1992-08-10	6.446165
1992-08-11	6.409721
1992-08-12	6.376772
1992-08-13	6.383553
1992-08-14	6.403788
1992-08-17	6.364695
1992-08-18	6.365860
1992-08-19	6.320835
1992-08-20	6.344354
1992-08-21	6.265215
1992-08-24	6.159803
1992-08-25	6.188831
1992-08-26	6.276127
1992-08-27	6.345095
1992-08-28	6.338210
1992-08-31	6.340858
1992-09-01	6.398279
1992-09-02	6.495640
1992-09-03	6.529647
1992-09-04	6.492037
1992-09-08	6.478795
1992-09-09	6.568210
1992-09-10	6.670444
1992-09-11	6.678390
1992-09-14	6.878409
1992-09-15	6.777870
1992-09-16	6.747359
1992-09-17	6.764097
1992-09-18	6.778400
1992-09-21	6.764521
1992-09-22	6.659003
1992-09-23	6.691633
1992-09-24	6.728077
1992-09-25	6.573190
1992-09-28	6.523290
1992-09-29	6.582194
1992-09-30	6.635907
1992-10-01	6.547975
1992-10-02	6.449555
1992-10-05	6.434617
1992-10-06	6.525197
1992-10-07	6.470531
1992-10-08	6.533461
1992-10-09	6.475829
1992-10-12	6.528270
1992-10-13	6.571177
1992-10-14	6.559629
1992-10-15	6.613660
1992-10-16	6.703711
1992-10-19	6.839317
1992-10-20	6.851924
1992-10-21	6.908921
1992-10-22	6.909450
1992-10-23	6.895572
1992-10-26	6.932228
1992-10-27	6.863471
1992-10-28	6.921739
1992-10-29	7.015287
1992-10-30	6.974287
1992-11-02	6.999183
1992-11-03	6.906696
1992-11-04	6.944729
1992-11-05	7.129704
1992-11-06	7.164771
1992-11-09	7.216471
1992-11-10	7.297093
1992-11-11	7.370511
1992-11-12	7.348157
1992-11-13	7.383966
1992-11-16	7.302178
1992-11-17	7.166572
1992-11-18	7.295398
1992-11-19	7.347204
1992-11-20	7.390640
1992-11-23	7.276964
1992-11-24	7.415431
1992-11-25	7.408756
1992-11-27	7.401446
1992-11-30	7.436301
1992-12-01	7.472534
1992-12-02	7.449226
1992-12-03	7.517453
1992-12-04	7.593943
1992-12-07	7.666726
1992-12-08	7.640029
1992-12-09	7.581548
1992-12-10	7.512474
1992-12-11	7.434924
1992-12-14	7.403353
1992-12-15	7.351230
1992-12-16	7.393713
1992-12-17	7.560995
1992-12-18	7.583243
1992-12-21	7.613754
1992-12-22	7.535464
1992-12-23	7.553579
1992-12-24	7.576145
1992-12-28	7.608034
1992-12-29	7.623819
1992-12-30	7.626468
1992-12-31	7.631765
1993-01-04	7.550931
1993-01-05	7.632824
1993-01-06	7.775528
1993-01-07	7.712917
1993-01-08	7.745229
1993-01-11	7.856786
1993-01-12	7.795340
1993-01-13	7.963682
1993-01-14	8.080007
1993-01-15	8.035405
1993-01-18	8.025235
1993-01-19	7.967284
1993-01-20	7.961140
1993-01-21	8.037630
1993-01-22	8.005423
1993-01-25	8.073968
1993-01-26	8.038371
1993-01-27	7.895031
1993-01-28	7.853820
1993-01-29	7.851595
1993-02-01	7.955736
1993-02-02	7.997372
1993-02-03	7.978196
1993-02-04	7.929674
1993-02-05	7.818541
1993-02-08	7.749149
1993-02-09	7.690351
1993-02-10	7.782520
1993-02-11	7.761862
1993-02-12	7.653059
1993-02-16	7.350065
1993-02-17	7.329300
1993-02-18	7.379516
1993-02-19	7.371783
1993-02-22	7.211492
1993-02-23	7.230349
1993-02-24	7.418609
1993-02-25	7.451239
1993-02-26	7.440115
1993-03-01	7.396785
1993-03-02	7.547540
1993-03-03	7.626997
1993-03-04	7.533132
1993-03-05	7.533874
1993-03-08	7.615979
1993-03-09	7.615132
1993-03-10	7.654543
1993-03-11	7.664607
1993-03-12	7.683994
1993-03-15	7.719273
1993-03-16	7.704335
1993-03-17	7.535781
1993-03-18	7.532497
1993-03-19	7.448908
1993-03-22	7.403565
1993-03-23	7.376444
1993-03-24	7.384284
1993-03-25	7.508660
1993-03-26	7.472004
1993-03-29	7.445730
1993-03-30	7.579535
1993-03-31	7.615556
1993-04-01	7.507812
1993-04-02	7.229078
1993-04-05	7.303767
1993-04-06	7.215835
1993-04-07	7.313938
1993-04-08	7.237130
1993-04-12	7.394878
1993-04-13	7.328452
1993-04-14	7.341589
1993-04-15	7.286605
1993-04-16	7.217848
1993-04-19	7.150151
1993-04-20	7.184159
1993-04-21	7.208208
1993-04-22	7.171870
1993-04-23	7.069741
1993-04-26	6.934559
1993-04-27	7.089658
1993-04-28	7.196872
1993-04-29	7.182464
1993-04-30	7.202911
1993-05-03	7.309382
1993-05-04	7.485458
1993-05-05	7.529213
1993-05-06	7.452298
1993-05-07	7.484399
1993-05-10	7.518618
1993-05-11	7.479632
1993-05-12	7.436301
1993-05-13	7.367439
1993-05-14	7.411722
1993-05-17	7.472534
1993-05-18	7.543091
1993-05-19	7.726901
1993-05-20	7.849370
1993-05-21	7.769172
1993-05-24	7.778071
1993-05-25	7.759637
1993-05-26	7.931793
1993-05-27	7.897574
1993-05-28	7.799683
1993-06-01	7.893336
1993-06-02	7.896620
1993-06-03	7.883378
1993-06-04	7.810595
1993-06-07	7.720121
1993-06-08	7.643524
1993-06-09	7.633142
1993-06-10	7.618310
1993-06-11	7.693000
1993-06-14	7.779236
1993-06-15	7.775635
1993-06-16	7.734105
1993-06-17	7.712811
1993-06-18	7.584620
1993-06-21	7.582607
1993-06-22	7.547329
1993-06-23	7.520525
1993-06-24	7.581760
1993-06-25	7.674989
1993-06-28	7.806888
1993-06-29	7.754128
1993-06-30	7.757624
1993-07-01	7.706878
1993-07-02	7.717154
1993-07-06	7.644690
1993-07-07	7.582607
1993-07-08	7.642677
1993-07-09	7.679968
1993-07-12	7.688656
1993-07-13	7.669798
1993-07-14	7.707090
1993-07-15	7.637697
1993-07-16	7.438632
1993-07-19	7.396043
1993-07-20	7.538006
1993-07-21	7.471792
1993-07-22	7.381000
1993-07-23	7.483869
1993-07-26	7.551672
1993-07-27	7.458655
1993-07-28	7.560254
1993-07-29	7.571271
1993-07-30	7.476665
1993-08-02	7.527200
1993-08-03	7.547965
1993-08-04	7.630281
1993-08-05	7.678909
1993-08-06	7.694482
1993-08-09	7.676473
1993-08-10	7.599134
1993-08-11	7.622230
1993-08-12	7.615238
1993-08-13	7.637485
1993-08-16	7.852443
1993-08-17	7.927874
1993-08-18	7.962940
1993-08-19	7.845345
1993-08-20	7.858163
1993-08-23	7.850112
1993-08-24	7.860918
1993-08-25	7.796399
1993-08-26	7.726795
1993-08-27	7.765570
1993-08-30	7.825003
1993-08-31	7.895879
1993-09-01	7.927874
1993-09-02	7.936455
1993-09-03	7.918232
1993-09-07	7.769384
1993-09-08	7.730503
1993-09-09	7.803709
1993-09-10	7.853184
1993-09-13	7.788665
1993-09-14	7.716731
1993-09-15	7.782945
1993-09-16	7.749466
1993-09-17	7.758895
1993-09-20	7.785805
1993-09-21	7.747454
1993-09-22	7.924483
1993-09-23	7.989426
1993-09-24	8.010085
1993-09-27	8.104691
1993-09-28	8.179168
1993-09-29	8.197603
1993-09-30	8.109141
1993-10-01	8.111154
1993-10-04	8.142619
1993-10-05	8.078629
1993-10-06	8.060514
1993-10-07	8.009131
1993-10-08	8.079477
1993-10-11	8.065492
1993-10-12	8.105963
1993-10-13	8.185101
1993-10-14	8.305557
1993-10-15	8.315411
1993-10-18	8.260321
1993-10-19	8.109459
1993-10-20	8.134885
1993-10-21	8.207455
1993-10-22	8.225148
1993-10-25	8.208515
1993-10-26	8.149081
1993-10-27	8.268796
1993-10-28	8.247501
1993-10-29	8.284369
1993-11-01	8.370077
1993-11-02	8.376221
1993-11-03	8.219638
1993-11-04	7.997901
1993-11-05	8.128634
1993-11-08	8.154378
1993-11-09	8.176944
1993-11-10	8.326746
1993-11-11	8.362237
1993-11-12	8.373149
1993-11-15	8.287230
1993-11-16	8.335010
1993-11-17	8.174401
1993-11-18	8.088482
1993-11-19	8.063586
1993-11-22	7.911134
1993-11-23	8.077464
1993-11-24	8.158298
1993-11-26	8.185419
1993-11-29	8.119099
1993-11-30	8.194848
1993-12-01	8.325899
1993-12-02	8.394126
1993-12-03	8.512993
1993-12-06	8.454301
1993-12-07	8.411500
1993-12-08	8.365415
1993-12-09	8.205230
1993-12-10	8.199086
1993-12-13	8.216460
1993-12-14	8.111577
1993-12-15	8.156391
1993-12-16	8.182559
1993-12-17	8.243052
1993-12-20	8.257566
1993-12-21	8.231928
1993-12-22	8.229703
1993-12-23	8.270279
1993-12-27	8.302485
1993-12-28	8.363932
1993-12-29	8.377493
1993-12-30	8.427180
1993-12-31	8.438939
1994-01-03	8.380671
1994-01-04	8.437032
1994-01-05	8.498055
1994-01-06	8.564586
1994-01-07	8.576664
1994-01-10	8.664172
1994-01-11	8.641713
1994-01-12	8.654850
1994-01-13	8.644891
1994-01-14	8.724348
1994-01-17	8.704007
1994-01-18	8.707397
1994-01-19	8.610566
1994-01-20	8.719686
1994-01-21	8.720957
1994-01-24	8.670953
1994-01-25	8.612685
1994-01-26	8.627728
1994-01-27	8.685784
1994-01-28	8.740662
1994-01-31	8.771810
1994-02-01	8.691929
1994-02-02	8.724983
1994-02-03	8.688327
1994-02-04	8.421989
1994-02-07	8.467332
1994-02-08	8.506318
1994-02-09	8.558230
1994-02-10	8.503140
1994-02-11	8.514158
1994-02-14	8.583656
1994-02-15	8.650824
1994-02-16	8.660570
1994-02-17	8.631966
1994-02-18	8.643620
1994-02-22	8.697439
1994-02-23	8.664172
1994-02-24	8.534499
1994-02-25	8.612049
1994-02-28	8.733247
1994-03-01	8.680699
1994-03-02	8.648705
1994-03-03	8.648493
1994-03-04	8.729433
1994-03-07	8.799566
1994-03-08	8.729009
1994-03-09	8.752528
1994-03-10	8.682394
1994-03-11	8.675190
1994-03-14	8.749350
1994-03-15	8.747231
1994-03-16	8.799778
1994-03-17	8.866311
1994-03-18	8.846605
1994-03-21	8.750621
1994-03-22	8.701464
1994-03-23	8.697862
1994-03-24	8.558442
1994-03-25	8.472417
1994-03-28	8.346558
1994-03-29	8.115179
1994-03-30	8.056911
1994-03-31	8.114332
1994-04-04	7.954571
1994-04-05	8.248879
1994-04-06	8.237225
1994-04-07	8.284051
1994-04-08	8.155437
1994-04-11	8.133190
1994-04-12	7.955418
1994-04-13	7.781461
1994-04-14	7.747560
1994-04-15	7.761120
1994-04-18	7.637591
1994-04-19	7.571907
1994-04-20	7.529954
1994-04-21	7.776588
1994-04-22	7.820236
1994-04-25	7.941222
1994-04-26	7.955418
1994-04-28	7.891641
1994-04-29	7.908592
1994-05-02	8.047800
1994-05-03	7.989532
1994-05-04	7.999279
1994-05-05	8.014111
1994-05-06	7.936561
1994-05-09	7.797353
1994-05-10	7.840153
1994-05-11	7.737601
1994-05-12	7.768537
1994-05-13	7.729973
1994-05-16	7.638227
1994-05-17	7.638439
1994-05-18	7.809854
1994-05-19	7.875962
1994-05-20	7.847569
1994-05-23	7.837399
1994-05-24	7.988049
1994-05-25	8.014322
1994-05-26	7.962622
1994-05-27	7.984023
1994-05-31	8.027247
1994-06-01	8.035299
1994-06-02	8.065599
1994-06-03	8.110518
1994-06-06	8.110941
1994-06-07	8.051402
1994-06-08	7.860918
1994-06-09	7.846086
1994-06-10	7.938044
1994-06-13	7.879564
1994-06-14	7.996100
1994-06-15	8.004576
1994-06-16	8.004999
1994-06-17	7.880835
1994-06-20	7.793750
1994-06-21	7.648610
1994-06-22	7.696284
1994-06-23	7.489908
1994-06-24	7.453252
1994-06-27	7.652424
1994-06-28	7.671281
1994-06-29	7.685690
1994-06-30	7.634201
1994-07-01	7.628481
1994-07-05	7.562373
1994-07-06	7.492662
1994-07-07	7.611530
1994-07-08	7.613225
1994-07-11	7.602207
1994-07-12	7.655602
1994-07-13	7.821508
1994-07-14	7.787182
1994-07-15	7.781249
1994-07-18	7.801166
1994-07-19	7.727854
1994-07-20	7.617886
1994-07-21	7.674671
1994-07-22	7.735058
1994-07-25	7.757306
1994-07-26	7.712811
1994-07-27	7.666196
1994-07-28	7.673189
1994-07-29	7.843120
1994-08-01	7.915584
1994-08-02	7.898633
1994-08-03	7.849900
1994-08-04	7.787818
1994-08-05	7.779342
1994-08-08	7.816211
1994-08-09	7.853714
1994-08-10	7.923000
1994-08-11	7.934865
1994-08-12	7.987201
1994-08-15	7.989743
1994-08-16	8.062844
1994-08-17	8.197814
1994-08-18	8.170905
1994-08-19	8.138910
1994-08-22	8.111154
1994-08-23	8.194424
1994-08-24	8.230445
1994-08-25	8.295069
1994-08-26	8.459704
1994-08-29	8.442329
1994-08-30	8.512251
1994-08-31	8.430887
1994-09-01	8.297612
1994-09-02	8.293374
1994-09-06	8.341684
1994-09-07	8.412877
1994-09-08	8.491275
1994-09-09	8.366051
1994-09-12	8.298884
1994-09-13	8.405249
1994-09-14	8.428557
1994-09-15	8.625821
1994-09-16	8.570096
1994-09-19	8.557595
1994-09-20	8.408640
1994-09-21	8.342108
1994-09-22	8.338717
1994-09-23	8.267737
1994-09-26	8.240191
1994-09-27	8.249302
1994-09-28	8.305240
1994-09-29	8.289349
1994-09-30	8.345074
1994-10-03	8.321131
1994-10-04	8.109035
1994-10-05	8.199721
1994-10-06	8.112001
1994-10-07	8.207561
1994-10-10	8.323886
1994-10-11	8.481528
1994-10-12	8.472205
1994-10-13	8.472417
1994-10-14	8.449957
1994-10-17	8.408640
1994-10-18	8.433006
1994-10-19	8.554416
1994-10-20	8.538737
1994-10-21	8.486401
1994-10-24	8.449745
1994-10-25	8.443177
1994-10-26	8.556535
1994-10-27	8.594462
1994-10-28	8.726255
1994-10-31	8.751892
1994-11-01	8.688539
1994-11-02	8.664172
1994-11-03	8.648493
1994-11-04	8.506318
1994-11-07	8.479409
1994-11-08	8.633025
1994-11-09	8.651671
1994-11-10	8.605056
1994-11-11	8.576664
1994-11-14	8.733247
1994-11-15	8.724983
1994-11-16	8.744900
1994-11-17	8.708033
1994-11-18	8.738756
1994-11-21	8.672012
1994-11-22	8.431523
1994-11-23	8.415420
1994-11-25	8.500174
1994-11-28	8.556323
1994-11-29	8.668198
1994-11-30	8.577512
1994-12-01	8.425802
1994-12-02	8.518608
1994-12-05	8.532804
1994-12-06	8.474960
1994-12-07	8.385332
1994-12-08	8.185101
1994-12-09	8.234471
1994-12-12	8.239768
1994-12-13	8.211163
1994-12-14	8.298459
1994-12-15	8.341896
1994-12-16	8.306088
1994-12-19	8.272398
1994-12-20	8.276423
1994-12-21	8.428768
1994-12-22	8.471145
1994-12-23	8.499750
1994-12-27	8.560773
1994-12-28	8.480892
1994-12-29	8.609082
1994-12-30	8.565858
1995-01-03	8.433006
1995-01-04	8.467967
1995-01-05	8.433430
1995-01-06	8.509073
1995-01-09	8.550178
1995-01-10	8.635780
1995-01-11	8.625821
1995-01-12	8.630483
1995-01-13	8.697439
1995-01-16	8.764606
1995-01-17	8.833257
1995-01-18	8.883473
1995-01-19	8.853173
1995-01-20	8.690022
1995-01-23	8.727314
1995-01-24	8.763546
1995-01-25	8.705702
1995-01-26	8.613108
1995-01-27	8.628364
1995-01-30	8.511615
1995-01-31	8.588317
1995-02-01	8.624974
1995-02-02	8.711634
1995-02-03	8.817365
1995-02-06	8.918858
1995-02-07	8.911230
1995-02-08	9.019079
1995-02-09	9.035394
1995-02-10	9.127352
1995-02-13	9.084975
1995-02-14	9.107011
1995-02-15	9.163796
1995-02-16	9.129259
1995-02-17	9.019079
1995-02-21	9.001281
1995-02-22	9.094298
1995-02-23	9.132861
1995-02-24	9.077559
1995-02-27	8.999798
1995-02-28	9.164008
1995-03-01	9.106799
1995-03-02	9.146633
1995-03-03	9.252576
1995-03-06	9.264441
1995-03-07	9.155956
1995-03-08	9.259568
1995-03-09	9.259780
1995-03-10	9.360213
1995-03-13	9.340296
1995-03-14	9.455773
1995-03-15	9.398565
1995-03-16	9.422083
1995-03-17	9.406404
1995-03-20	9.462977
1995-03-21	9.473995
1995-03-22	9.473995
1995-03-23	9.509804
1995-03-24	9.649859
1995-03-27	9.685668
1995-03-28	9.758133
1995-03-29	9.574428
1995-03-30	9.501329
1995-03-31	9.474419
1995-04-03	9.502811
1995-04-04	9.362332
1995-04-05	9.421660
1995-04-06	9.321227
1995-04-07	9.407887
1995-04-10	9.521245
1995-04-11	9.605363
1995-04-12	9.682702
1995-04-13	9.724019
1995-04-17	9.684397
1995-04-18	9.607482
1995-04-19	9.472512
1995-04-20	9.513830
1995-04-21	9.563199
1995-04-24	9.670624
1995-04-25	9.727621
1995-04-26	9.810892
1995-04-27	9.859837
1995-04-28	9.949252
1995-05-01	9.874881
1995-05-02	9.860685
1995-05-03	10.063034
1995-05-04	10.045448
1995-05-05	9.964932
1995-05-08	10.102233
1995-05-09	10.085706
1995-05-10	10.019598
1995-05-11	10.161349
1995-05-12	10.238051
1995-05-15	10.304795
1995-05-16	10.404381
1995-05-17	10.481718
1995-05-18	10.340391
1995-05-19	10.379590
1995-05-22	10.490194
1995-05-23	10.660337
1995-05-24	10.604823
1995-05-25	10.629402
1995-05-26	10.510746
1995-05-30	10.214532
1995-05-31	10.342087
1995-06-01	10.402685
1995-06-02	10.438494
1995-06-05	10.611392
1995-06-06	10.490829
1995-06-07	10.533842
1995-06-08	10.612451
1995-06-09	10.602916
1995-06-12	10.630038
1995-06-13	10.706952
1995-06-14	10.723267
1995-06-15	10.848278
1995-06-16	10.966510
1995-06-19	11.241113
1995-06-20	11.432232
1995-06-21	11.346843
1995-06-22	11.570169
1995-06-23	11.540505
1995-06-26	11.367396
1995-06-27	11.184116
1995-06-28	11.243656
1995-06-29	11.361464
1995-06-30	11.400027
1995-07-03	11.419943
1995-07-05	11.513597
1995-07-06	11.735651
1995-07-07	12.025721
1995-07-10	12.152852
1995-07-11	11.949866
1995-07-12	12.283162
1995-07-13	12.358168
1995-07-14	12.498011
1995-07-17	12.647602
1995-07-18	12.256676
1995-07-19	11.592629
1995-07-20	11.660645
1995-07-21	11.606614
1995-07-24	11.921474
1995-07-25	12.134842
1995-07-26	12.222351
1995-07-27	12.379357
1995-07-28	12.165989
1995-07-31	12.053690
1995-08-01	11.848798
1995-08-02	11.686706
1995-08-03	11.718489
1995-08-04	11.877826
1995-08-07	11.942875
1995-08-08	11.986523
1995-08-09	12.193746
1995-08-10	12.072124
1995-08-11	12.196924
1995-08-14	12.389527
1995-08-15	12.375119
1995-08-16	12.637432
1995-08-17	12.634254
1995-08-18	12.618151
1995-08-21	12.265787
1995-08-22	12.485299
1995-08-23	12.529159
1995-08-24	12.356261
1995-08-25	12.291424
1995-08-28	11.993726
1995-08-29	12.010042
1995-08-30	12.137385
1995-08-31	12.220867
1995-09-01	12.145437
1995-09-05	12.614760
1995-09-06	12.588487
1995-09-07	12.694853
1995-09-08	12.803550
1995-09-11	12.919662
1995-09-12	12.839994
1995-09-13	12.876226
1995-09-14	12.800371
1995-09-15	12.480214
1995-09-18	12.525133
1995-09-19	12.734687
1995-09-20	12.780666
1995-09-21	12.603954
1995-09-22	12.557128
1995-09-25	12.457330
1995-09-26	12.305621
1995-09-27	12.209213
1995-09-28	12.616456
1995-09-29	12.396943
1995-10-02	12.159420
1995-10-03	12.144376
1995-10-04	11.844136
1995-10-05	12.135689
1995-10-06	12.022755
1995-10-09	11.588603
1995-10-10	11.669755
1995-10-11	11.957283
1995-10-12	12.143105
1995-10-13	12.077421
1995-10-16	12.044791
1995-10-17	12.489113
1995-10-18	12.670062
1995-10-19	12.739773
1995-10-20	12.541025
1995-10-23	12.570477
1995-10-24	12.590817
1995-10-25	12.381052
1995-10-26	12.341641
1995-10-27	12.575986
1995-10-30	12.863512
1995-10-31	12.687226
1995-11-01	12.732356
1995-11-02	13.024333
1995-11-03	13.173077
1995-11-06	13.046157
1995-11-07	12.633194
1995-11-08	12.685953
1995-11-09	13.072219
1995-11-10	13.001449
1995-11-13	12.889363
1995-11-14	12.536787
1995-11-15	12.574926
1995-11-16	12.537211
1995-11-17	12.475976
1995-11-20	12.112805
1995-11-21	12.166836
1995-11-22	12.057080
1995-11-24	12.253709
1995-11-27	12.160267
1995-11-28	12.670698
1995-11-29	12.704176
1995-11-30	12.580011
1995-12-01	12.438049
1995-12-04	12.670698
1995-12-05	12.527252
1995-12-06	12.500766
1995-12-07	12.440380
1995-12-08	12.699938
1995-12-11	12.630651
1995-12-12	12.396095
1995-12-13	12.449066
1995-12-14	11.998811
1995-12-15	11.935035
1995-12-18	11.612122
1995-12-19	12.183575
1995-12-20	11.974658
1995-12-21	12.305409
1995-12-22	12.399062
1995-12-26	12.397156
1995-12-27	12.297145
1995-12-28	12.118951
1995-12-29	12.209425
1996-01-02	12.415165
1996-01-03	12.125942
1996-01-04	11.939272
1996-01-05	11.974446
1996-01-08	11.932281
1996-01-09	11.323535
1996-01-10	11.341969
1996-01-11	11.763832
1996-01-12	11.711073
1996-01-15	11.323960
1996-01-16	11.569957
1996-01-17	11.558516
1996-01-18	11.745186
1996-01-19	11.963851
1996-01-22	12.103907
1996-01-23	12.021271
1996-01-24	12.334649
1996-01-25	12.125307
1996-01-26	12.226799
1996-01-29	12.209425
1996-01-30	12.373847
1996-01-31	12.539753
1996-02-01	12.752909
1996-02-02	12.743162
1996-02-05	13.040860
1996-02-06	13.119894
1996-02-07	13.032385
1996-02-08	13.217360
1996-02-09	13.200621
1996-02-12	13.248930
1996-02-13	13.105908
1996-02-14	13.085780
1996-02-15	13.141717
1996-02-16	13.116503
1996-02-20	13.069677
1996-02-21	13.291097
1996-02-22	13.632865
1996-02-23	13.615492
1996-02-26	13.516541
1996-02-27	13.372035
1996-02-28	13.379240
1996-02-29	13.196808
1996-03-01	12.813932
1996-03-04	12.744858
1996-03-05	13.049548
1996-03-06	12.879193
1996-03-07	12.915424
1996-03-08	12.537423
1996-03-11	12.829187
1996-03-12	12.692311
1996-03-13	13.025605
1996-03-14	12.936825
1996-03-15	13.173077
1996-03-18	13.417803
1996-03-19	13.335804
1996-03-20	13.036411
1996-03-21	12.956954
1996-03-22	12.985982
1996-03-25	12.666884
1996-03-26	12.757147
1996-03-27	12.883854
1996-03-28	12.884278
1996-03-29	12.918391
1996-04-01	12.988313
1996-04-02	13.048064
1996-04-03	13.106545
1996-04-04	13.094467
1996-04-08	12.937884
1996-04-09	12.947419
1996-04-10	12.906101
1996-04-11	12.799312
1996-04-12	12.820076
1996-04-15	12.947843
1996-04-16	13.262704
1996-04-17	13.151888
1996-04-18	13.421617
1996-04-19	13.412506
1996-04-22	13.651511
1996-04-23	13.867634
1996-04-24	14.069348
1996-04-25	14.125921
1996-04-26	14.125286
1996-04-29	14.132702
1996-04-30	14.126980
1996-05-01	14.267460
1996-05-02	13.915096
1996-05-03	14.007054
1996-05-06	14.046464
1996-05-07	14.001757
1996-05-08	14.059178
1996-05-09	14.038201
1996-05-10	14.250085
1996-05-13	14.588678
1996-05-14	14.735089
1996-05-15	14.623426
1996-05-16	14.731275
1996-05-17	14.637199
1996-05-20	14.689323
1996-05-21	14.574692
1996-05-22	14.586770
1996-05-23	14.664321
1996-05-24	14.596940
1996-05-28	14.515577
1996-05-29	14.346494
1996-05-30	14.493752
1996-05-31	14.670677
1996-06-03	14.604145
1996-06-04	14.674915
1996-06-05	14.818148
1996-06-06	14.556683
1996-06-07	14.650972
1996-06-10	14.595458
1996-06-11	14.639953
1996-06-12	14.771745
1996-06-13	14.659023
1996-06-14	14.432095
1996-06-17	14.375098
1996-06-18	14.112996
1996-06-19	14.147957
1996-06-20	14.078671
1996-06-21	14.249874
1996-06-24	14.348188
1996-06-25	14.154737
1996-06-26	13.977814
1996-06-27	14.220634
1996-06-28	14.350942
1996-07-01	14.557954
1996-07-02	14.411753
1996-07-03	14.277631
1996-07-05	13.935225
1996-07-08	13.899629
1996-07-09	14.000486
1996-07-10	13.930352
1996-07-11	13.471199
1996-07-12	13.455942
1996-07-15	12.859064
1996-07-16	13.015010
1996-07-17	13.376273
1996-07-18	13.639858
1996-07-19	13.413353
1996-07-22	13.222234
1996-07-23	12.677903
1996-07-24	12.820076
1996-07-25	13.145108
1996-07-26	13.420558
1996-07-29	13.147650
1996-07-30	13.355509
1996-07-31	13.476071
1996-08-01	13.795170
1996-08-02	14.150500
1996-08-05	14.005995
1996-08-06	14.232075
1996-08-07	14.458368
1996-08-08	14.355605
1996-08-09	14.372343
1996-08-12	14.395227
1996-08-13	14.177197
1996-08-14	14.348188
1996-08-15	14.346494
1996-08-16	14.244577
1996-08-19	14.201564
1996-08-20	14.045193
1996-08-21	14.141600
1996-08-22	14.442689
1996-08-23	14.356664
1996-08-26	14.258137
1996-08-27	14.388022
1996-08-28	14.401159
1996-08-29	14.219574
1996-08-30	14.060025
1996-09-03	14.181223
1996-09-04	14.179316
1996-09-05	13.821655
1996-09-06	14.073797
1996-09-09	14.238220
1996-09-10	14.231228
1996-09-11	14.304752
1996-09-12	14.527867
1996-09-13	14.998462
1996-09-16	15.027278
1996-09-17	15.308661
1996-09-18	15.417358
1996-09-19	15.610809
1996-09-20	15.751923
1996-09-23	15.539826
1996-09-24	15.607630
1996-09-25	15.800021
1996-09-26	15.777137
1996-09-27	15.779680
1996-09-30	15.627971
1996-10-01	15.562922
1996-10-02	15.839432
1996-10-03	15.748958
1996-10-04	16.084582
1996-10-07	16.205357
1996-10-08	15.959994
1996-10-09	15.975461
1996-10-10	15.921855
1996-10-11	16.222731
1996-10-14	16.357278
1996-10-15	16.422750
1996-10-16	16.265108
1996-10-17	16.014236
1996-10-18	16.036061
1996-10-21	15.812523
1996-10-22	15.608266
1996-10-23	15.884987
1996-10-24	15.857653
1996-10-25	15.754678
1996-10-28	15.714208
1996-10-29	15.493213
1996-10-30	15.602333
1996-10-31	15.933508
1996-11-01	16.008092
1996-11-04	16.023347
1996-11-05	16.313205
1996-11-06	16.673198
1996-11-07	16.853723
1996-11-08	16.922373
1996-11-11	17.050775
1996-11-12	16.825543
1996-11-13	16.923222
1996-11-14	17.157354
1996-11-15	16.938901
1996-11-18	16.808591
1996-11-19	17.073236
1996-11-20	17.128538
1996-11-21	16.960724
1996-11-22	17.339998
1996-11-25	17.400809
1996-11-26	17.491284
1996-11-27	17.636637
1996-11-29	17.671386
1996-12-02	17.896407
1996-12-03	17.754020
1996-12-04	17.684947
1996-12-05	17.709313
1996-12-06	17.527305
1996-12-09	18.150881
1996-12-10	17.988154
1996-12-11	18.145372
1996-12-12	17.869710
1996-12-13	17.553578
1996-12-16	17.052048
1996-12-17	17.285332
1996-12-18	17.724992
1996-12-19	17.877337
1996-12-20	17.672233
1996-12-23	17.476028
1996-12-24	17.700838
1996-12-26	17.861446
1996-12-27	17.702110
1996-12-30	17.512049
1996-12-31	17.403352
1997-01-02	17.281306
1997-01-03	17.971414
1997-01-06	18.079052
1997-01-07	18.318481
1997-01-08	18.075662
1997-01-09	18.157449
1997-01-10	18.340306
1997-01-13	18.314880
1997-01-14	18.675083
1997-01-15	18.312972
1997-01-16	18.510873
1997-01-17	18.718731
1997-01-20	19.064951
1997-01-21	19.360529
1997-01-22	19.610342
1997-01-23	19.339553
1997-01-24	19.035075
1997-01-27	18.853914
1997-01-28	18.874466
1997-01-29	18.909852
1997-01-30	19.317730
1997-01-31	19.526223
1997-02-03	19.451217
1997-02-04	19.414984
1997-02-05	18.802426
1997-02-06	18.762804
1997-02-07	19.066223
1997-02-10	18.477607
1997-02-11	18.470191
1997-02-12	19.080207
1997-02-13	19.229373
1997-02-14	19.067705
1997-02-18	19.017277
1997-02-19	19.019820
1997-02-20	18.651777
1997-02-21	18.312761
1997-02-24	18.651352
1997-02-25	18.689067
1997-02-26	18.661522
1997-02-27	17.980102
1997-02-28	18.019937
1997-03-03	18.139016
1997-03-04	18.265298
1997-03-05	18.477819
1997-03-06	18.042184
1997-03-07	17.820130
1997-03-10	18.112742
1997-03-11	17.978407
1997-03-12	17.783897
1997-03-13	17.808899
1997-03-14	17.776692
1997-03-17	17.633882
1997-03-18	17.534932
1997-03-19	17.200790
1997-03-20	17.411191
1997-03-21	17.220495
1997-03-24	17.000983
1997-03-25	17.103112
1997-03-26	17.679226
1997-03-27	17.347838
1997-03-31	16.888472
1997-04-01	16.882751
1997-04-02	16.610056
1997-04-03	17.049716
1997-04-04	17.425388
1997-04-07	17.635366
1997-04-08	17.805932
1997-04-09	17.559510
1997-04-10	17.235327
1997-04-11	16.738246
1997-04-14	17.094636
1997-04-15	16.908390
1997-04-16	16.922798
1997-04-17	17.124935
1997-04-18	17.298893
1997-04-21	17.003738
1997-04-22	17.333854
1997-04-23	17.755292
1997-04-24	17.750631
1997-04-25	17.344236
1997-04-28	17.573496
1997-04-29	18.142829
1997-04-30	18.534392
1997-05-01	18.690763
1997-05-02	19.270691
1997-05-05	19.766501
1997-05-06	19.385321
1997-05-07	19.266453
1997-05-08	19.478761
1997-05-09	19.473888
1997-05-12	19.591696
1997-05-13	19.293574
1997-05-14	19.279801
1997-05-15	19.744041
1997-05-16	19.393583
1997-05-19	19.357140
1997-05-20	19.961858
1997-05-21	20.140266
1997-05-22	20.046400
1997-05-23	20.321427
1997-05-27	20.862367
1997-05-28	20.819778
1997-05-29	20.564246
1997-05-30	20.316553
1997-06-02	20.313163
1997-06-03	19.701240
1997-06-04	19.534911
1997-06-05	19.718191
1997-06-06	20.022881
1997-06-09	20.229892
1997-06-10	19.942153
1997-06-11	20.107847
1997-06-12	20.129035
1997-06-13	20.434149
1997-06-16	20.679723
1997-06-17	20.963225
1997-06-18	20.585646
1997-06-19	20.806007
1997-06-20	20.794564
1997-06-23	20.532887
1997-06-24	20.900718
1997-06-25	20.748161
1997-06-26	20.496444
1997-06-27	20.404697
1997-06-30	20.283711
1997-07-01	20.201924
1997-07-02	20.678452
1997-07-03	20.902838
1997-07-07	20.998609
1997-07-08	21.311563
1997-07-09	21.402461
1997-07-10	21.401190
1997-07-11	21.519422
1997-07-14	22.075831
1997-07-15	22.439001
1997-07-16	23.379981
1997-07-17	23.198183
1997-07-18	22.692627
1997-07-21	22.426922
1997-07-22	23.115335
1997-07-23	23.139069
1997-07-24	23.056857
1997-07-25	22.997741
1997-07-28	22.781408
1997-07-29	23.051348
1997-07-30	23.328068
1997-07-31	23.456259
1997-08-01	23.496727
1997-08-04	23.817521
1997-08-05	24.078776
1997-08-06	24.193404
1997-08-07	24.061825
1997-08-08	23.625555
1997-08-11	23.332307
1997-08-12	23.111947
1997-08-13	23.288234
1997-08-14	23.381676
1997-08-15	22.812978
1997-08-18	23.085886
1997-08-19	23.756077
1997-08-20	24.262267
1997-08-21	23.703951
1997-08-22	23.538471
1997-08-25	23.471514
1997-08-26	23.163433
1997-08-27	23.135466
1997-08-28	22.683726
1997-08-29	22.757464
1997-09-02	23.365572
1997-09-03	23.316626
1997-09-04	23.430620
1997-09-05	23.543556
1997-09-08	23.684881
1997-09-09	23.873671
1997-09-10	23.369809
1997-09-11	23.414519
1997-09-12	23.435917
1997-09-15	22.889680
1997-09-16	23.657338
1997-09-17	23.490160
1997-09-18	23.504146
1997-09-19	23.703105
1997-09-22	23.808411
1997-09-23	24.049748
1997-09-24	23.643777
1997-09-25	23.444605
1997-09-26	23.451808
1997-09-29	23.705012
1997-09-30	23.247129
1997-10-01	23.350953
1997-10-02	23.579363
1997-10-03	23.825149
1997-10-06	23.856722
1997-10-07	24.170521
1997-10-08	24.267988
1997-10-09	24.328799
1997-10-10	24.107592
1997-10-13	24.165012
1997-10-14	23.973258
1997-10-15	23.711367
1997-10-16	23.294167
1997-10-17	22.780135
1997-10-20	23.058340
1997-10-21	23.530843
1997-10-22	23.279970
1997-10-23	22.770177
1997-10-24	22.403404
1997-10-27	20.725067
1997-10-28	22.181561
1997-10-29	21.819027
1997-10-30	21.203290
1997-10-31	21.604176
1997-11-03	22.263136
1997-11-04	22.197452
1997-11-05	22.182621
1997-11-06	21.912469
1997-11-07	21.788514
1997-11-10	21.432972
1997-11-11	21.420684
1997-11-12	20.767231
1997-11-13	21.299697
1997-11-14	21.778556
1997-11-17	22.241523
1997-11-18	21.957812
1997-11-19	22.017350
1997-11-20	22.512525
1997-11-21	22.387512
1997-11-24	21.828773
1997-11-25	21.994892
1997-11-26	22.125835
1997-11-28	22.258687
1997-12-01	22.867219
1997-12-02	22.291740
1997-12-03	22.494091
1997-12-04	22.306361
1997-12-05	22.677371
1997-12-08	22.945406
1997-12-09	22.262078
1997-12-10	21.892126
1997-12-11	21.228292
1997-12-12	20.732694
1997-12-15	20.857494
1997-12-16	21.131461
1997-12-17	20.841603
1997-12-18	20.484366
1997-12-19	20.550686
1997-12-22	20.672943
1997-12-23	20.119924
1997-12-24	19.895750
1997-12-26	20.215272
1997-12-29	20.733543
1997-12-30	21.155828
1997-12-31	20.994160
1998-01-02	21.362839
1998-01-05	21.557561
1998-01-06	21.321733
1998-01-07	21.001788
1998-01-08	21.072981
1998-01-09	20.260192
1998-01-12	20.577594
1998-01-13	21.083575
1998-01-14	21.111544
1998-01-15	21.094805
1998-01-16	21.312834
1998-01-20	21.758004
1998-01-21	21.750376
1998-01-22	21.625576
1998-01-23	21.706939
1998-01-26	21.535949
1998-01-27	21.946158
1998-01-28	22.527568
1998-01-29	22.650462
1998-01-30	22.695593
1998-02-02	23.328280
1998-02-03	23.545886
1998-02-04	23.825149
1998-02-05	23.622164
1998-02-06	24.034491
1998-02-09	23.788705
1998-02-10	24.150393
1998-02-11	24.129629
1998-02-12	24.256548
1998-02-13	24.084707
1998-02-17	23.913930
1998-02-18	24.170521
1998-02-19	24.509749
1998-02-20	24.572890
1998-02-23	25.119553
1998-02-24	24.841349
1998-02-25	25.434414
1998-02-26	25.573833
1998-02-27	25.301774
1998-03-02	24.951316
1998-03-03	24.911693
1998-03-04	24.999626
1998-03-05	23.875789
1998-03-06	24.644507
1998-03-09	23.908420
1998-03-10	24.337275
1998-03-11	24.448726
1998-03-12	24.647898
1998-03-13	24.775453
1998-03-16	25.005984
1998-03-17	24.745789
1998-03-18	24.939027
1998-03-19	25.132902
1998-03-20	24.778420
1998-03-23	24.985007
1998-03-24	25.379748
1998-03-25	25.740162
1998-03-26	25.806269
1998-03-27	25.672784
1998-03-30	25.566841
1998-03-31	25.863904
1998-04-01	26.028115
1998-04-02	26.065619
1998-04-03	26.139354
1998-04-06	25.539932
1998-04-07	25.047512
1998-04-08	25.236726
1998-04-09	25.360466
1998-04-13	25.489079
1998-04-14	25.704142
1998-04-15	26.090619
1998-04-16	26.009469
1998-04-17	26.088289
1998-04-20	26.551468
1998-04-21	26.902984
1998-04-22	27.352181
1998-04-23	26.667369
1998-04-24	26.488539
1998-04-27	25.850979
1998-04-28	25.902890
1998-04-29	26.264366
1998-04-30	26.445738
1998-05-01	26.517992
1998-05-04	26.608888
1998-05-05	26.427729
1998-05-06	26.321362
1998-05-07	25.906705
1998-05-08	26.570963
1998-05-11	26.224108
1998-05-12	26.621391
1998-05-13	26.762717
1998-05-14	26.827767
1998-05-15	26.474766
1998-05-18	26.326659
1998-05-19	26.604015
1998-05-20	26.226014
1998-05-21	25.928315
1998-05-22	25.725543
1998-05-26	25.428692
1998-05-27	25.626592
1998-05-28	25.740374
1998-05-29	25.258124
1998-06-01	24.696208
1998-06-02	25.153879
1998-06-03	24.662941
1998-06-04	25.324232
1998-06-05	25.568111
1998-06-08	25.574893
1998-06-09	25.923654
1998-06-10	25.411531
1998-06-11	25.110653
1998-06-12	25.150488
1998-06-15	24.866138
1998-06-16	25.657104
1998-06-17	25.936367
1998-06-18	26.005229
1998-06-19	26.267543
1998-06-22	26.780729
1998-06-23	27.595636
1998-06-24	28.205229
1998-06-25	27.786544
1998-06-26	27.988681
1998-06-29	28.386388
1998-06-30	28.336172
1998-07-01	28.734516
1998-07-02	28.234257
1998-07-06	28.447199
1998-07-07	28.526444
1998-07-08	29.194304
1998-07-09	29.308298
1998-07-10	29.475476
1998-07-13	30.099899
1998-07-14	30.047988
1998-07-15	30.714364
1998-07-16	30.778778
1998-07-17	31.019266
1998-07-20	31.059949
1998-07-21	30.339542
1998-07-22	30.311783
1998-07-23	29.786735
1998-07-24	29.846062
1998-07-27	30.222581
1998-07-28	29.521456
1998-07-29	29.241766
1998-07-30	30.131048
1998-07-31	29.182016
1998-08-03	28.995132
1998-08-04	27.910284
1998-08-05	28.178531
1998-08-06	28.940679
1998-08-07	28.902539
1998-08-10	28.877326
1998-08-11	28.183404
1998-08-12	28.703157
1998-08-13	28.358421
1998-08-14	28.181498
1998-08-17	28.981362
1998-08-18	29.690115
1998-08-19	29.626974
1998-08-20	29.625701
1998-08-21	29.129257
1998-08-24	29.047682
1998-08-25	29.416995
1998-08-26	29.114002
1998-08-27	27.789299
1998-08-28	26.804248
1998-08-31	24.162046
1998-09-01	25.745249
1998-09-02	25.880429
1998-09-03	25.615997
1998-09-04	25.540780
1998-09-08	27.258315
1998-09-09	26.734961
1998-09-10	26.175585
1998-09-11	27.337348
1998-09-14	27.719376
1998-09-15	28.057543
1998-09-16	28.211371
1998-09-17	27.371039
1998-09-18	27.559826
1998-09-21	28.131915
1998-09-22	28.311805
1998-09-23	29.550484
1998-09-24	28.741295
1998-09-25	29.453863
1998-09-28	29.308935
1998-09-29	29.343684
1998-09-30	28.508646
1998-10-01	26.988586
1998-10-02	27.045794
1998-10-05	25.588878
1998-10-06	25.104932
1998-10-07	24.389821
1998-10-08	23.919227
1998-10-09	25.381018
1998-10-12	26.345729
1998-10-13	25.572351
1998-10-14	26.181943
1998-10-15	27.537792
1998-10-16	27.415959
1998-10-19	27.760483
1998-10-20	27.189665
1998-10-21	28.224087
1998-10-22	28.714385
1998-10-23	28.405246
1998-10-26	29.005517
1998-10-27	28.675187
1998-10-28	29.239224
1998-10-29	29.585445
1998-10-30	29.674860
1998-11-02	30.061973
1998-11-03	29.700497
1998-11-04	30.384249
1998-11-05	30.554605
1998-11-06	30.899975
1998-11-09	31.096817
1998-11-10	31.305523
1998-11-11	31.373961
1998-11-12	31.073722
1998-11-13	31.045752
1998-11-16	31.265688
1998-11-17	31.751965
1998-11-18	32.098184
1998-11-19	32.576194
1998-11-20	32.719640
1998-11-23	33.669732
1998-11-24	33.495349
1998-11-25	33.869326
1998-11-27	34.502225
1998-11-30	33.010769
1998-12-01	34.590794
1998-12-02	34.306020
1998-12-03	33.345972
1998-12-04	34.537399
1998-12-07	35.530714
1998-12-08	35.345739
1998-12-09	35.710604
1998-12-10	35.019436
1998-12-11	35.490879
1998-12-14	34.200078
1998-12-15	35.252933
1998-12-16	35.094020
1998-12-17	35.800655
1998-12-18	36.761975
1998-12-21	37.870132
1998-12-22	37.457379
1998-12-23	38.540957
1998-12-24	38.267204
1998-12-28	38.647535
1998-12-29	38.633129
1998-12-30	38.371661
1998-12-31	38.902221
1999-01-04	39.291665
1999-01-05	40.321636
1999-01-06	41.613071
1999-01-07	41.663924
1999-01-08	41.818813
1999-01-11	42.380731
1999-01-12	41.086114
1999-01-13	41.290159
1999-01-14	40.387744
1999-01-15	41.987472
1999-01-19	43.091178
1999-01-20	43.091178
1999-01-21	41.566670
1999-01-22	41.618580
1999-01-25	42.316742
1999-01-26	43.694837
1999-01-27	43.020197
1999-01-28	44.593019
1999-01-29	45.071875
1999-02-01	45.151120
1999-02-02	44.044235
1999-02-03	44.918259
1999-02-04	42.962990
1999-02-05	42.134309
1999-02-08	43.101773
1999-02-09	41.006658
1999-02-10	41.194178
1999-02-11	43.323618
1999-02-12	41.499713
1999-02-16	41.412629
1999-02-17	40.075214
1999-02-18	40.387107
1999-02-19	40.927413
1999-02-22	42.292587
1999-02-23	42.975066
1999-02-24	42.146810
1999-02-25	41.834280
1999-02-26	40.793715
1999-03-01	41.056874
1999-03-02	40.017794
1999-03-03	40.254046
1999-03-04	40.957926
1999-03-05	41.738508
1999-03-08	43.098384
1999-03-09	42.982269
1999-03-10	42.982269
1999-03-11	43.192703
1999-03-12	42.140488
1999-03-15	43.350533
1999-03-16	43.718792
1999-03-17	43.403141
1999-03-18	44.244888
1999-03-19	43.113792
1999-03-22	42.587692
1999-03-23	41.088314
1999-03-24	42.482471
1999-03-25	44.034485
1999-03-26	43.560978
1999-03-29	45.139259
1999-03-30	44.823605
1999-03-31	44.165993
1999-04-01	45.086655
1999-04-05	46.717567
1999-04-06	46.809628
1999-04-07	46.323013
1999-04-08	46.691277
1999-04-09	46.980618
1999-04-12	46.664959
1999-04-13	46.033646
1999-04-14	44.455330
1999-04-15	45.060360
1999-04-16	43.745125
1999-04-19	41.693329
1999-04-20	42.640305
1999-04-21	44.744701
1999-04-22	45.954731
1999-04-23	46.559746
1999-04-26	47.631653
1999-04-27	46.901707
1999-04-28	45.297100
1999-04-29	44.928841
1999-04-30	45.218185
1999-05-03	44.981438
1999-05-04	44.271194
1999-05-05	45.612755
1999-05-06	43.955555
1999-05-07	44.586880
1999-05-10	45.034061
1999-05-11	45.744286
1999-05-12	46.691277
1999-05-13	45.823193
1999-05-14	44.955132
1999-05-17	45.764011
1999-05-18	45.560131
1999-05-19	46.191463
1999-05-20	44.922260
1999-05-21	44.507946
1999-05-24	43.376839
1999-05-25	41.956383
1999-05-26	43.126934
1999-05-27	43.087494
1999-05-28	43.797733
1999-06-01	42.824448
1999-06-02	43.547829
1999-06-03	42.929657
1999-06-04	44.244888
1999-06-07	45.165592
1999-06-08	44.034485
1999-06-09	44.771004
1999-06-10	44.258049
1999-06-11	43.587273
1999-06-14	42.765255
1999-06-15	43.403141
1999-06-16	45.632484
1999-06-17	46.138851
1999-06-18	46.349297
1999-06-21	47.736870
1999-06-22	46.296673
1999-06-23	47.026646
1999-06-24	46.092827
1999-06-25	46.033646
1999-06-28	47.125294
1999-06-29	47.769775
1999-06-30	48.506310
1999-07-01	48.835114
1999-07-02	49.453270
1999-07-06	49.137627
1999-07-07	49.216537
1999-07-08	49.874157
1999-07-09	50.373951
1999-07-12	50.110901
1999-07-13	49.874157
1999-07-14	50.722507
1999-07-15	51.189407
1999-07-16	51.662895
1999-07-19	51.136776
1999-07-20	49.163918
1999-07-21	49.400665
1999-07-22	48.144604
1999-07-23	48.216949
1999-07-26	47.033234
1999-07-27	47.980217
1999-07-28	48.920612
1999-07-29	47.875000
1999-07-30	47.638245
1999-08-02	47.506699
1999-08-03	47.197613
1999-08-04	46.342716
1999-08-05	47.079266
1999-08-06	46.572895
1999-08-09	45.974468
1999-08-10	45.560131
1999-08-11	47.059521
1999-08-12	46.507126
1999-08-13	48.532619
1999-08-16	48.920612
1999-08-17	49.163918
1999-08-18	48.611519
1999-08-19	48.032818
1999-08-20	48.795666
1999-08-23	50.347633
1999-08-24	50.689617
1999-08-25	51.768131
1999-08-26	50.906628
1999-08-27	50.400276
1999-08-30	49.690025
1999-08-31	50.242420
1999-09-01	50.604111
1999-09-02	50.426567
1999-09-03	52.741405
1999-09-07	52.504654
1999-09-08	51.794430
1999-09-09	52.530964
1999-09-10	53.135967
1999-09-13	52.498081
1999-09-14	52.787426
1999-09-15	51.768131
1999-09-16	51.741802
1999-09-17	53.293793
1999-09-20	53.418758
1999-09-21	52.136387
1999-09-22	52.688778
1999-09-23	50.505482
1999-09-24	50.571236
1999-09-27	50.926357
1999-09-28	51.163090
1999-09-29	50.137211
1999-09-30	50.663303
1999-10-01	50.683041
1999-10-04	51.820724
1999-10-05	52.189003
1999-10-06	53.234642
1999-10-07	53.109669
1999-10-08	53.668648
1999-10-11	54.424923
1999-10-12	53.188580
1999-10-13	51.610287
1999-10-14	51.932526
1999-10-15	50.400276
1999-10-18	49.762371
1999-10-19	50.032001
1999-10-20	51.557674
1999-10-21	52.399422
1999-10-22	52.162685
1999-10-25	52.189003
1999-10-26	51.768131
1999-10-27	51.689205
1999-10-28	53.477928
1999-10-29	55.345581
1999-11-01	55.056225
1999-11-02	55.089123
1999-11-03	56.187359
1999-11-04	56.818653
1999-11-05	57.397366
1999-11-08	58.554775
1999-11-09	58.160217
1999-11-10	58.923054
1999-11-11	59.975258
1999-11-12	60.764404
1999-11-15	60.646042
1999-11-16	62.184895
1999-11-17	61.343143
1999-11-18	63.223911
1999-11-19	63.789459
1999-11-22	62.816196
1999-11-23	63.105564
1999-11-24	65.183632
1999-11-26	65.394089
1999-11-29	64.315544
1999-11-30	61.869209
1999-12-01	63.210766
1999-12-02	65.216522
1999-12-03	66.604088
1999-12-06	67.209114
1999-12-07	67.209114
1999-12-08	66.393677
1999-12-09	66.709328
1999-12-10	67.261734
1999-12-13	68.175789
1999-12-14	66.946075
1999-12-15	68.235001
1999-12-16	69.918533
1999-12-17	70.523552
1999-12-20	71.444183
1999-12-21	75.284714
1999-12-22	75.047997
1999-12-23	75.942383
1999-12-27	75.495132
1999-12-28	75.021667
1999-12-29	77.862625
1999-12-30	77.020844
1999-12-31	76.915611
2000-01-03	79.756554
2000-01-04	74.285164
2000-01-05	72.391197
2000-01-06	67.419548
2000-01-07	75.758209
2000-01-10	77.862625
2000-01-11	74.074669
2000-01-12	72.443787
2000-01-13	76.810432
2000-01-14	78.599182
2000-01-18	79.020027
2000-01-19	80.808830
2000-01-20	80.019630
2000-01-21	81.019188
2000-01-24	77.126099
2000-01-25	78.283501
2000-01-26	75.126907
2000-01-27	76.231720
2000-01-28	72.391197
2000-01-31	75.495132
2000-02-01	77.520630
2000-02-02	78.178284
2000-02-03	81.229637
2000-02-04	81.782028
2000-02-07	82.913177
2000-02-08	86.385406
2000-02-09	83.334030
2000-02-10	86.069763
2000-02-11	84.070595
2000-02-14	83.965370
2000-02-15	84.570381
2000-02-16	84.175812
2000-02-17	85.964539
2000-02-18	82.860527
2000-02-22	83.123589
2000-02-23	87.753281
2000-02-24	89.647209
2000-02-25	87.595467
2000-02-28	87.542839
2000-02-29	89.857681
2000-03-01	90.594200
2000-03-02	88.496368
2000-03-03	93.487762
2000-03-06	94.224258
2000-03-07	92.803795
2000-03-08	93.645576
2000-03-09	96.802170
2000-03-10	96.381287
2000-03-13	93.855995
2000-03-14	90.383720
2000-03-15	86.595833
2000-03-16	91.541161
2000-03-17	93.277275
2000-03-20	90.646812
2000-03-21	94.066467
2000-03-22	95.960434
2000-03-23	97.643936
2000-03-24	98.959183
2000-03-27	99.117065
2000-03-28	96.591728
2000-03-29	92.593346
2000-03-30	90.278519
2000-03-31	92.172523
2000-04-03	86.648468
2000-04-04	85.806702
2000-04-05	84.280975
2000-04-06	86.280212
2000-04-07	89.752441
2000-04-10	84.280975
2000-04-11	82.281837
2000-04-12	77.441719
2000-04-13	74.074669
2000-04-14	67.656296
2000-04-17	75.442558
2000-04-18	77.441719
2000-04-19	75.074318
2000-04-20	73.443367
2000-04-24	71.338966
2000-04-25	76.152763
2000-04-26	73.548546
2000-04-27	76.810432
2000-04-28	79.756554
2000-05-01	80.493095
2000-05-02	75.863411
2000-05-03	75.021667
2000-05-04	75.179489
2000-05-05	76.968216
2000-05-08	73.969467
2000-05-09	72.391197
2000-05-10	67.130234
2000-05-11	71.233742
2000-05-12	71.233742
2000-05-15	74.337746
2000-05-16	76.442139
2000-05-17	74.863853
2000-05-18	72.180717
2000-05-19	68.761124
2000-05-22	68.708488
2000-05-23	62.973999
2000-05-24	66.919754
2000-05-25	65.446701
2000-05-26	65.446701
2000-05-30	72.022911
2000-05-31	69.971176
2000-06-01	73.548546
2000-06-02	78.809601
2000-06-05	79.006874
2000-06-06	76.810432
2000-06-07	78.862213
2000-06-08	78.493950
2000-06-09	78.914803
2000-06-12	76.389542
2000-06-13	79.335701
2000-06-14	77.546944
2000-06-15	78.914803
2000-06-16	79.335701
2000-06-19	82.492271
2000-06-20	82.176628
2000-06-21	83.228813
2000-06-22	80.177437
2000-06-23	77.020844
2000-06-26	79.125229
2000-06-27	78.178284
2000-06-28	79.125229
2000-06-29	77.139206
2000-06-30	78.651749
2000-07-03	80.177437
2000-07-05	77.073471
2000-07-06	79.125229
2000-07-07	80.756172
2000-07-10	79.532959
2000-07-11	79.966988
2000-07-12	81.860992
2000-07-13	82.913177
2000-07-14	84.701881
2000-07-17	85.648895
2000-07-18	83.754906
2000-07-19	81.860992
2000-07-20	84.491447
2000-07-21	81.650551
2000-07-24	79.966988
2000-07-25	80.598320
2000-07-26	80.493095
2000-07-27	77.336510
2000-07-28	73.127739
2000-07-31	75.284714
2000-08-01	74.285164
2000-08-02	72.969879
2000-08-03	76.126465
2000-08-04	75.863411
2000-08-07	77.652184
2000-08-08	79.230469
2000-08-09	77.126099
2000-08-10	75.600403
2000-08-11	76.652580
2000-08-14	78.283501
2000-08-15	78.283501
2000-08-16	79.072639
2000-08-17	80.598320
2000-08-18	80.177437
2000-08-21	80.387871
2000-08-22	80.387871
2000-08-23	81.703140
2000-08-24	82.965767
2000-08-25	82.518593
2000-08-28	82.913177
2000-08-29	83.334030
2000-08-30	83.228813
2000-08-31	85.543663
2000-09-01	86.385406
2000-09-05	83.754906
2000-09-06	80.808830
2000-09-07	82.597511
2000-09-08	80.072235
2000-09-11	78.125656
2000-09-12	76.915611
2000-09-13	78.704361
2000-09-14	78.283501
2000-09-15	76.863014
2000-09-18	75.653000
2000-09-19	78.441277
2000-09-20	79.651367
2000-09-21	73.864258
2000-09-22	78.230896
2000-09-25	76.152763
2000-09-26	75.284714
2000-09-27	75.389961
2000-09-28	77.073471
2000-09-29	74.706024
2000-10-02	73.022499
2000-10-03	70.707672
2000-10-04	72.075546
2000-10-05	72.285973
2000-10-06	69.865913
2000-10-09	69.550262
2000-10-10	65.920181
2000-10-11	64.867966
2000-10-12	63.237106
2000-10-13	68.392815
2000-10-16	69.024170
2000-10-17	65.867554
2000-10-18	65.657112
2000-10-19	71.602058
2000-10-20	72.654259
2000-10-23	72.549026
2000-10-24	69.445045
2000-10-25	65.551910
2000-10-26	67.235451
2000-10-27	67.103920
2000-10-30	64.618088
2000-10-31	68.774239
2000-11-01	68.182381
2000-11-02	69.024170
2000-11-03	69.918533
2000-11-06	69.392456
2000-11-07	69.129372
2000-11-08	63.723717
2000-11-09	63.710587
2000-11-10	60.396111
2000-11-13	60.488178
2000-11-14	63.842087
2000-11-15	65.131042
2000-11-16	61.343143
2000-11-17	61.303673
2000-11-20	58.804665
2000-11-21	58.712612
2000-11-22	56.082134
2000-11-24	59.291317
2000-11-27	58.554775
2000-11-28	55.095711
2000-11-29	52.978138
2000-11-30	53.017601
2000-12-01	53.872509
2000-12-04	54.714249
2000-12-05	59.501743
2000-12-06	57.239555
2000-12-07	55.976910
2000-12-08	57.239555
2000-12-11	62.605759
2000-12-12	60.317211
2000-12-13	57.857697
2000-12-14	55.029922
2000-12-15	53.767300
2000-12-18	53.872509
2000-12-19	49.768955
2000-12-20	46.914852
2000-12-21	47.191051
2000-12-22	50.926357
2000-12-26	51.241997
2000-12-27	51.820724
2000-12-28	51.715508
2000-12-29	49.137627
2001-01-02	44.981438
2001-01-03	52.557274
2001-01-04	51.610287
2001-01-05	47.664547
2001-01-08	48.190643
2001-01-09	48.190643
2001-01-10	50.663303
2001-01-11	52.136387
2001-01-12	52.807156
2001-01-16	52.175838
2001-01-17	53.767300
2001-01-18	56.029530
2001-01-19	55.819077
2001-01-22	55.871689
2001-01-23	57.042259
2001-01-24	56.503025
2001-01-25	54.293400
2001-01-26	55.174606
2001-01-29	56.397793
2001-01-30	56.187359
2001-01-31	54.125050
2001-02-01	54.840527
2001-02-02	51.810226
2001-02-05	51.768131
2001-02-06	51.852291
2001-02-07	51.010529
2001-02-08	49.486969
2001-02-09	47.475140
2001-02-12	48.047550
2001-02-13	46.507126
2001-02-14	48.358990
2001-02-15	49.158665
2001-02-16	46.406113
2001-02-20	44.604752
2001-02-21	43.350533
2001-02-22	42.929657
2001-02-23	43.081181
2001-02-26	43.897690
2001-02-27	41.246136
2001-02-28	39.941425
2001-03-01	41.077797
2001-03-02	39.310108
2001-03-05	40.025585
2001-03-06	41.582844
2001-03-07	41.599686
2001-03-08	40.825275
2001-03-09	37.963284
2001-03-12	35.606354
2001-03-13	37.416142
2001-03-14	36.826908
2001-03-15	35.480106
2001-03-16	34.680412
2001-03-19	36.414429
2001-03-20	33.964943
2001-03-21	33.964943
2001-03-22	36.027214
2001-03-23	36.027214
2001-03-26	35.193890
2001-03-27	36.406021
2001-03-28	33.417801
2001-03-29	32.786495
2001-03-30	32.954815
2001-04-02	31.481741
2001-04-03	29.175323
2001-04-04	28.661854
2001-04-05	31.405977
2001-04-06	30.261189
2001-04-09	31.187120
2001-04-10	33.501972
2001-04-11	34.512085
2001-04-12	36.027214
2001-04-16	33.880756
2001-04-17	34.722523
2001-04-18	38.342075
2001-04-19	40.656914
2001-04-20	40.741089
2001-04-23	38.005363
2001-04-24	37.289883
2001-04-25	37.963284
2001-04-26	36.995266
2001-04-27	38.005363
2001-04-30	38.847126
2001-05-01	40.446472
2001-05-02	41.229309
2001-05-03	39.394268
2001-05-04	40.572746
2001-05-07	39.730968
2001-05-08	40.572746
2001-05-09	39.183830
2001-05-10	38.527256
2001-05-11	38.342075
2001-05-14	37.727604
2001-05-15	38.005363
2001-05-16	39.688904
2001-05-17	40.320198
2001-05-18	40.438057
2001-05-21	42.971737
2001-05-22	42.845490
2001-05-23	40.951542
2001-05-24	42.003735
2001-05-25	41.237728
2001-05-29	38.821884
2001-05-30	37.399311
2001-05-31	37.651848
2001-06-01	38.762951
2001-06-04	38.577766
2001-06-05	40.278118
2001-06-06	39.966667
2001-06-07	40.993622
2001-06-08	39.857239
2001-06-11	38.762951
2001-06-12	38.552536
2001-06-13	37.500305
2001-06-14	35.564285
2001-06-15	35.858879
2001-06-18	35.379105
2001-06-19	35.202316
2001-06-20	36.001991
2001-06-21	36.490200
2001-06-22	36.406021
2001-06-25	36.498627
2001-06-26	36.624870
2001-06-27	36.860569
2001-06-28	37.331955
2001-06-29	38.468334
2001-07-02	38.257896
2001-07-03	38.417816
2001-07-05	36.574379
2001-07-06	35.059227
2001-07-09	35.362244
2001-07-10	34.091190
2001-07-11	34.512085
2001-07-12	36.700634
2001-07-13	36.321854
2001-07-16	35.648468
2001-07-17	36.448120
2001-07-18	35.059227
2001-07-19	35.892559
2001-07-20	35.059227
2001-07-23	34.183788
2001-07-24	33.796581
2001-07-25	34.091190
2001-07-26	34.596264
2001-07-27	35.311749
2001-07-30	35.101299
2001-07-31	35.151810
2001-08-01	36.279762
2001-08-02	36.961594
2001-08-03	36.347115
2001-08-06	35.774712
2001-08-07	35.589523
2001-08-08	34.091190
2001-08-09	34.234295
2001-08-10	33.906006
2001-08-13	34.596264
2001-08-14	34.175373
2001-08-15	32.912743
2001-08-16	33.299942
2001-08-17	31.784794
2001-08-20	32.222488
2001-08-21	30.884113
2001-08-22	31.725845
2001-08-23	31.414427
2001-08-24	33.081070
2001-08-27	33.123180
2001-08-28	32.087818
2001-08-29	31.616423
2001-08-30	30.446377
2001-08-31	30.833597
2001-09-04	29.857153
2001-09-05	29.739309
2001-09-06	28.535593
2001-09-07	28.367243
2001-09-10	28.703943
2001-09-17	26.262846
2001-09-18	25.673618
2001-09-19	25.227489
2001-09-20	24.385729
2001-09-21	23.729153
2001-09-24	24.924458
2001-09-25	25.000214
2001-09-26	24.133200
2001-09-27	23.973267
2001-09-28	24.394138
2001-10-01	24.183701
2001-10-02	24.259468
2001-10-03	26.094501
2001-10-04	26.347029
2001-10-05	26.734232
2001-10-08	26.818407
2001-10-09	26.170259
2001-10-10	27.357124
2001-10-11	29.209007
2001-10-12	29.082735
2001-10-15	28.956486
2001-10-16	29.427847
2001-10-17	27.315054
2001-10-18	28.055799
2001-10-19	28.240990
2001-10-22	28.998569
2001-10-23	29.150074
2001-10-24	29.781412
2001-10-25	30.976696
2001-10-26	30.311707
2001-10-29	28.653429
2001-10-30	28.097876
2001-10-31	28.535593
2001-11-01	29.747725
2001-11-02	29.966587
2001-11-05	30.943022
2001-11-06	32.146729
2001-11-07	32.104641
2001-11-08	31.776367
2001-11-09	31.759533
2001-11-12	31.986788
2001-11-13	33.131607
2001-11-14	33.367268
2001-11-15	33.232613
2001-11-16	33.140003
2001-11-19	34.082787
2001-11-20	32.508701
2001-11-21	32.340363
2001-11-23	33.064247
2001-11-26	33.880756
2001-11-27	33.838676
2001-11-28	32.618130
2001-11-29	33.628231
2001-11-30	33.375725
2001-12-03	32.803303
2001-12-04	34.368973
2001-12-05	36.069336
2001-12-06	36.119835
2001-12-07	35.126556
2001-12-10	34.512085
2001-12-11	34.705696
2001-12-12	34.983452
2001-12-13	33.468292
2001-12-14	33.762905
2001-12-17	34.343727
2001-12-18	34.730946
2001-12-19	34.099617
2001-12-20	32.651791
2001-12-21	33.232613
2001-12-24	33.097908
2001-12-26	33.409363
2001-12-27	33.678738
2001-12-28	33.948090
2001-12-31	32.752815
2002-01-02	33.762905
2002-01-03	34.932957
2002-01-04	35.076046
2002-01-07	34.688831
2002-01-08	34.924526
2002-01-09	34.604656
2002-01-10	34.831951
2002-01-11	34.385822
2002-01-14	33.636631
2002-01-15	33.956512
2002-01-16	32.643379
2002-01-17	33.375725
2002-01-18	32.483437
2002-01-22	31.481741
2002-01-23	32.348759
2002-01-24	32.778069
2002-01-25	32.685459
2002-01-28	32.870655
2002-01-29	31.969978
2002-01-30	32.214081
2002-01-31	32.416092
2002-02-01	32.104641
2002-02-04	31.077707
2002-02-05	30.564238
2002-02-06	30.353796
2002-02-07	29.621462
2002-02-08	30.446377
2002-02-11	30.833597
2002-02-12	30.581066
2002-02-13	31.102955
2002-02-14	31.044025
2002-02-15	30.118111
2002-02-19	29.192179
2002-02-20	29.587791
2002-02-21	28.182070
2002-02-22	28.325165
2002-02-25	29.469944
2002-02-26	29.360521
2002-02-27	28.956486
2002-02-28	28.434584
2002-03-01	30.084429
2002-03-04	31.271309
2002-03-05	31.498587
2002-03-06	31.650106
2002-03-07	31.717430
2002-03-08	32.550789
2002-03-11	32.432930
2002-03-12	31.986788
2002-03-13	31.212389
2002-03-14	31.027214
2002-03-15	31.338652
2002-03-18	31.515427
2002-03-19	31.464912
2002-03-20	30.353796
2002-03-21	31.161867
2002-03-22	30.875690
2002-03-25	29.932909
2002-03-26	30.210707
2002-03-27	29.974998
2002-03-28	30.353796
2002-04-01	30.934605
2002-04-02	29.537302
2002-04-03	29.486784
2002-04-04	29.259506
2002-04-05	28.931225
2002-04-08	29.293180
2002-04-09	28.274660
2002-04-10	28.485098
2002-04-11	27.778006
2002-04-12	28.215729
2002-04-15	28.443005
2002-04-16	29.629885
2002-04-17	29.478363
2002-04-18	28.914392
2002-04-19	29.006987
2002-04-22	28.274660
2002-04-23	27.786425
2002-04-24	27.357124
2002-04-25	27.289803
2002-04-26	26.128166
2002-04-29	26.195498
2002-04-30	26.708986
2002-05-01	26.565884
2002-05-02	25.682037
2002-05-03	25.033882
2002-05-06	24.385729
2002-05-07	24.158459
2002-05-08	26.742643
2002-05-09	26.052414
2002-05-10	24.882372
2002-05-13	25.892479
2002-05-14	27.416059
2002-05-15	27.618092
2002-05-16	27.660172
2002-05-17	27.719090
2002-05-20	27.113026
2002-05-21	26.372272
2002-05-22	26.431194
2002-05-23	26.961512
2002-05-24	26.296530
2002-05-28	26.178684
2002-05-29	25.488436
2002-05-30	25.707287
2002-05-31	25.286411
2002-06-03	24.394138
2002-06-04	24.714022
2002-06-05	24.966553
2002-06-06	24.309977
2002-06-07	23.821753
2002-06-10	23.779657
2002-06-11	23.114672
2002-06-12	23.451380
2002-06-13	23.299862
2002-06-14	23.249361
2002-06-17	24.040609
2002-06-18	24.427820
2002-06-19	23.013664
2002-06-20	22.272915
2002-06-21	21.734190
2002-06-24	22.163486
2002-06-25	21.431147
2002-06-26	21.591089
2002-06-27	22.062471
2002-06-28	21.969883
2002-07-01	20.917688
2002-07-02	20.160099
2002-07-03	20.833508
2002-07-05	22.171898
2002-07-08	21.363821
2002-07-09	20.757753
2002-07-10	20.118015
2002-07-11	20.875601
2002-07-12	20.875601
2002-07-15	21.523756
2002-07-16	21.203884
2002-07-17	21.591089
2002-07-18	20.816677
2002-07-19	20.193773
2002-07-22	19.697134
2002-07-23	18.855381
2002-07-24	19.882330
2002-07-25	18.729113
2002-07-26	19.082655
2002-07-29	20.059092
2002-07-30	20.463135
2002-07-31	20.075920
2002-08-01	19.133162
2002-08-02	18.729113
2002-08-05	18.047279
2002-08-06	18.939552
2002-08-07	19.192078
2002-08-08	19.840233
2002-08-09	19.638212
2002-08-12	19.697134
2002-08-13	19.023726
2002-08-14	20.235863
2002-08-15	20.648329
2002-08-16	20.791422
2002-08-19	21.296471
2002-08-20	21.203884
2002-08-21	21.675266
2002-08-22	22.020386
2002-08-23	21.170221
2002-08-26	21.254385
2002-08-27	20.513639
2002-08-28	19.764475
2002-08-29	20.025427
2002-08-30	19.772890
2002-09-03	19.057394
2002-09-04	19.133162
2002-09-05	18.661772
2002-09-06	19.234167
2002-09-09	19.427778
2002-09-10	19.907585
2002-09-11	19.739222
2002-09-12	19.200499
2002-09-13	19.352005
2002-09-16	19.074228
2002-09-17	18.670193
2002-09-18	18.459747
2002-09-19	18.165133
2002-09-20	18.240894
2002-09-23	17.693754
2002-09-24	17.702169
2002-09-25	18.409246
2002-09-26	18.181984
2002-09-27	17.937857
2002-09-30	17.441229
2002-10-01	18.501842
2002-10-02	17.887356
2002-10-03	17.458054
2002-10-04	17.129770
2002-10-07	16.969837
2002-10-08	17.003521
2002-10-09	16.885666
2002-10-10	17.744251
2002-10-11	18.703861
2002-10-14	18.922714
2002-10-15	19.831821
2002-10-16	19.175240
2002-10-17	19.823393
2002-10-18	20.042261
2002-10-21	20.446297
2002-10-22	20.320034
2002-10-23	20.707253
2002-10-24	20.185350
2002-10-25	20.791422
2002-10-28	20.614655
2002-10-29	20.134855
2002-10-30	20.673571
2002-10-31	20.665157
2002-11-01	21.254385
2002-11-04	21.801529
2002-11-05	21.969883
2002-11-06	22.281334
2002-11-07	21.498501
2002-11-08	21.102869
2002-11-11	20.463135
2002-11-12	20.985025
2002-11-13	21.237555
2002-11-14	21.969883
2002-11-15	22.256084
2002-11-18	21.927792
2002-11-19	21.591089
2002-11-20	22.508615
2002-11-21	23.341951
2002-11-22	23.333530
2002-11-25	23.560812
2002-11-26	22.769548
2002-11-27	23.493469
2002-11-29	23.333530
2002-12-02	23.569216
2002-12-03	22.870562
2002-12-04	22.365503
2002-12-05	22.054058
2002-12-06	22.281334
2002-12-09	21.229141
2002-12-10	21.549006
2002-12-11	21.650005
2002-12-12	21.767872
2002-12-13	21.077625
2002-12-16	21.759439
2002-12-17	21.826786
2002-12-18	21.363821
2002-12-19	21.094456
2002-12-20	21.313305
2002-12-23	21.607925
2002-12-24	21.338566
2002-12-26	21.279640
2002-12-27	20.892441
2002-12-30	20.732491
2002-12-31	20.513639
2003-01-02	21.380657
2003-01-03	21.616350
2003-01-06	22.155083
2003-01-07	22.432850
2003-01-08	21.801529
2003-01-09	22.474936
2003-01-10	22.811638
2003-01-13	22.676958
2003-01-14	22.794809
2003-01-15	22.508615
2003-01-16	22.256084
2003-01-17	21.304888
2003-01-21	21.069201
2003-01-22	20.985025
2003-01-23	21.473238
2003-01-24	20.892441
2003-01-27	20.648329
2003-01-28	20.858761
2003-01-29	21.170221
2003-01-30	20.623068
2003-01-31	20.572563
2003-02-03	20.614655
2003-02-04	20.362125
2003-02-05	20.269531
2003-02-06	20.378956
2003-02-07	20.042261
2003-02-10	20.219028
2003-02-11	20.328457
2003-02-12	20.050676
2003-02-13	20.151684
2003-02-14	20.614655
2003-02-18	21.254385
2003-02-19	21.111288
2003-02-20	21.027107
2003-02-21	21.187046
2003-02-24	20.825102
2003-02-25	20.850346
2003-02-26	20.387383
2003-02-27	20.850346
2003-02-28	21.178637
2003-03-03	20.749329
2003-03-04	20.623068
2003-03-05	20.665157
2003-03-06	20.614655
2003-03-07	20.656744
2003-03-10	20.210604
2003-03-11	20.033840
2003-03-12	20.395794
2003-03-13	21.565836
2003-03-14	21.650005
2003-03-17	22.390764
2003-03-18	22.668543
2003-03-19	22.474936
2003-03-20	22.559114
2003-03-21	22.870562
2003-03-24	21.919384
2003-03-25	22.230825
2003-03-26	22.357090
2003-03-27	22.197163
2003-03-28	21.953045
2003-03-31	21.254385
2003-04-01	21.422745
2003-04-02	22.011971
2003-04-03	22.289747
2003-04-04	21.927792
2003-04-07	21.961473
2003-04-08	21.936207
2003-04-09	21.431147
2003-04-10	21.692106
2003-04-11	21.473238
2003-04-14	21.910959
2003-04-15	22.121401
2003-04-16	22.070892
2003-04-17	22.575947
2003-04-21	22.660124
2003-04-22	23.089428
2003-04-23	23.257774
2003-04-24	23.131506
2003-04-25	22.685371
2003-04-28	23.131506
2003-04-29	23.341951
2003-04-30	23.106253
2003-05-01	23.308275
2003-05-02	23.804922
2003-05-05	23.779657
2003-05-06	24.082697
2003-05-07	23.813330
2003-05-08	23.375622
2003-05-09	23.914351
2003-05-12	24.276295
2003-05-13	24.124784
2003-05-14	24.074270
2003-05-15	24.343632
2003-05-16	24.158459
2003-05-19	23.308275
2003-05-20	23.375622
2003-05-21	23.308275
2003-05-22	23.644981
2003-05-23	23.653395
2003-05-27	24.495165
2003-05-28	24.570913
2003-05-29	24.671926
2003-05-30	25.075975
2003-06-02	24.899204
2003-06-03	25.134901
2003-06-04	25.606274
2003-06-05	25.791466
2003-06-06	25.362169
2003-06-09	25.025463
2003-06-10	25.404259
2003-06-11	25.690454
2003-06-12	25.799883
2003-06-13	25.219069
2003-06-16	25.993479
2003-06-17	25.892479
2003-06-18	26.027157
2003-06-19	25.606274
2003-06-20	25.572607
2003-06-23	25.176981
2003-06-24	24.983372
2003-06-25	24.848703
2003-06-26	25.437931
2003-06-27	25.109632
2003-06-30	25.210651
2003-07-01	25.547348
2003-07-02	26.069233
2003-07-03	25.740965
2003-07-07	26.843668
2003-07-08	27.171946
2003-07-09	27.104605
2003-07-10	26.599550
2003-07-11	26.801575
2003-07-14	27.121439
2003-07-15	27.155113
2003-07-16	27.070940
2003-07-17	26.246012
2003-07-18	26.330200
2003-07-21	25.993479
2003-07-22	26.380695
2003-07-23	26.599550
2003-07-24	26.246012
2003-07-25	26.767899
2003-07-28	26.843668
2003-07-29	26.641630
2003-07-30	26.448034
2003-07-31	26.767899
2003-08-01	26.481703
2003-08-04	26.473291
2003-08-05	25.429506
2003-08-06	25.412670
2003-08-07	25.513683
2003-08-08	25.311657
2003-08-11	25.589436
2003-08-12	25.976645
2003-08-13	25.985075
2003-08-14	26.010315
2003-08-15	26.237606
2003-08-18	26.910999
2003-08-19	27.247713
2003-08-20	27.180357
2003-08-21	27.474974
2003-08-22	27.306641
2003-08-25	27.365562
2003-08-26	27.390797
2003-08-27	27.609655
2003-08-28	27.853762
2003-08-29	28.106302
2003-09-02	28.510342
2003-09-03	28.493502
2003-09-04	28.754456
2003-09-05	28.569275
2003-09-08	29.040661
2003-09-09	28.695536
2003-09-10	28.005289
2003-09-11	28.316730
2003-09-12	28.468246
2003-09-15	28.190489
2003-09-16	28.956486
2003-09-17	28.838610
2003-09-18	29.276340
2003-09-19	29.107992
2003-09-22	28.552423
2003-09-23	29.057478
2003-09-24	27.963203
2003-09-25	27.601244
2003-09-26	27.424484
2003-09-29	27.895864
2003-09-30	27.289803
2003-10-01	27.904280
2003-10-02	27.996870
2003-10-03	28.779705
2003-10-06	28.990141
2003-10-07	29.166922
2003-10-08	28.981722
2003-10-09	29.200579
2003-10-10	29.469944
2003-10-13	29.663559
2003-10-14	29.739309
2003-10-15	29.613037
2003-10-16	29.848734
2003-10-17	29.133234
2003-10-20	29.495197
2003-10-21	29.671953
2003-10-22	29.099571
2003-10-23	28.762873
2003-10-24	28.788116
2003-10-27	28.796553
2003-10-28	29.764565
2003-10-29	29.730896
2003-10-30	29.789818
2003-10-31	29.613037
2003-11-03	30.101276
2003-11-04	29.899237
2003-11-05	30.168598
2003-11-06	30.252768
2003-11-07	29.991842
2003-11-10	29.621462
2003-11-11	29.512035
2003-11-12	30.143341
2003-11-13	30.109684
2003-11-14	29.495197
2003-11-17	29.192179
2003-11-18	28.518755
2003-11-19	28.796553
2003-11-20	28.518755
2003-11-21	28.813374
2003-11-24	29.613037
2003-11-25	29.613037
2003-11-26	29.747725
2003-11-28	29.781412
2003-12-01	30.219112
2003-12-02	30.050762
2003-12-03	29.671953
2003-12-04	29.991842
2003-12-05	29.495197
2003-12-08	29.663559
2003-12-09	28.981722
2003-12-10	29.091152
2003-12-11	29.714062
2003-12-12	29.663559
2003-12-15	29.276340
2003-12-16	29.335258
2003-12-17	29.385773
2003-12-18	29.932909
2003-12-19	29.848734
2003-12-22	29.941332
2003-12-23	30.168598
2003-12-24	30.230927
2003-12-26	30.188824
2003-12-29	30.685658
2003-12-30	30.786695
2003-12-31	30.702503
2004-01-02	30.618279
2004-01-05	31.233007
2004-01-06	31.443521
2004-01-07	31.729830
2004-01-08	31.982479
2004-01-09	31.771940
2004-01-12	32.277191
2004-01-13	31.957193
2004-01-14	32.066677
2004-01-15	32.150883
2004-01-16	32.479286
2004-01-20	32.454037
2004-01-21	32.319290
2004-01-22	32.125622
2004-01-23	32.007721
2004-01-26	32.496132
2004-01-27	31.780376
2004-01-28	31.241423
2004-01-29	31.359312
2004-01-30	31.216160
2004-02-02	31.131960
2004-02-03	31.098267
2004-02-04	30.593018
2004-02-05	30.710920
2004-02-06	31.266685
2004-02-09	31.258266
2004-02-10	31.308800
2004-02-11	31.645628
2004-02-12	31.367762
2004-02-13	31.106688
2004-02-17	31.527742
2004-02-18	31.620356
2004-02-19	31.140381
2004-02-20	31.039333
2004-02-23	30.694071
2004-02-24	30.618279
2004-02-25	30.803534
2004-02-26	30.879335
2004-02-27	30.795132
2004-03-01	31.199310
2004-03-02	30.837215
2004-03-03	30.668812
2004-03-04	30.955114
2004-03-05	30.845646
2004-03-08	30.121456
2004-03-09	30.028833
2004-03-10	29.633039
2004-03-11	29.363577
2004-03-12	29.902500
2004-03-15	29.380407
2004-03-16	29.430944
2004-03-17	29.894085
2004-03-18	29.759350
2004-03-19	29.262522
2004-03-22	28.892000
2004-03-23	28.656223
2004-03-24	28.984623
2004-03-25	29.759350
2004-03-26	29.658312
2004-03-29	30.138287
2004-03-30	30.239338
2004-03-31	30.180395
2004-04-01	30.449862
2004-04-02	31.241423
2004-04-05	31.536154
2004-04-06	31.140381
2004-04-07	31.106688
2004-04-08	31.106688
2004-04-12	31.300371
2004-04-13	30.845646
2004-04-14	30.997219
2004-04-15	30.441437
2004-04-16	30.390917
2004-04-19	30.761438
2004-04-20	30.045656
2004-04-21	30.306713
2004-04-22	31.089853
2004-04-23	31.334044
2004-04-26	31.106688
2004-04-27	31.047750
2004-04-28	30.483540
2004-04-29	30.011957
2004-04-30	29.279364
2004-05-03	29.557262
2004-05-04	29.683554
2004-05-05	29.919350
2004-05-06	29.691980
2004-05-07	29.447777
2004-05-10	29.195156
2004-05-11	29.633039
2004-05-12	29.691980
2004-05-13	29.481459
2004-05-14	29.262522
2004-05-17	28.984623
2004-05-18	29.245672
2004-05-19	29.211992
2004-05-20	29.346725
2004-05-21	29.489878
2004-05-24	29.691980
2004-05-25	30.281448
2004-05-26	30.475121
2004-05-27	30.668812
2004-05-28	30.778288
2004-06-01	30.736155
2004-06-02	30.668812
2004-06-03	30.298288
2004-06-04	30.475121
2004-06-07	31.199310
2004-06-08	31.241423
2004-06-09	30.803534
2004-06-10	31.022490
2004-06-14	30.584599
2004-06-15	30.980387
2004-06-16	30.929852
2004-06-17	30.643545
2004-06-18	30.685658
2004-06-21	30.441437
2004-06-22	30.887751
2004-06-23	31.258266
2004-06-24	31.199310
2004-06-25	31.435102
2004-06-28	31.174051
2004-06-29	31.468782
2004-06-30	31.780376
2004-07-01	31.190903
2004-07-02	31.005640
2004-07-06	30.340406
2004-07-07	30.399347
2004-07-08	30.062508
2004-07-09	30.104610
2004-07-12	29.978300
2004-07-13	29.936186
2004-07-14	29.633039
2004-07-15	29.531992
2004-07-16	29.195156
2004-07-19	29.136217
2004-07-20	29.835146
2004-07-21	28.967808
2004-07-22	29.363577
2004-07-23	28.807804
2004-07-26	28.681486
2004-07-27	29.077272
2004-07-28	28.950956
2004-07-29	29.287773
2004-07-30	29.380407
2004-08-02	29.439346
2004-08-03	28.824633
2004-08-04	28.833055
2004-08-05	28.294115
2004-08-06	27.553091
2004-08-09	27.620447
2004-08-10	27.965698
2004-08-11	27.721500
2004-08-12	27.342567
2004-08-13	27.384670
2004-08-16	27.696247
2004-08-17	28.007811
2004-08-18	28.504641
2004-08-19	28.353060
2004-08-20	28.639374
2004-08-23	28.706747
2004-08-24	28.698332
2004-08-25	29.094097
2004-08-26	28.967808
2004-08-27	29.102518
2004-08-30	28.614105
2004-08-31	28.647800
2004-09-01	28.858322
2004-09-02	29.287773
2004-09-03	28.748852
2004-09-07	28.993052
2004-09-08	28.883583
2004-09-09	29.127789
2004-09-10	29.574095
2004-09-13	29.961452
2004-09-14	30.003563
2004-09-15	29.683554
2004-09-16	29.742517
2004-09-17	29.835146
2004-09-20	29.835146
2004-09-21	29.953033
2004-09-22	29.430944
2004-09-23	29.405676
2004-09-24	29.304632
2004-09-27	29.052008
2004-09-28	29.110943
2004-09-29	29.540421
2004-09-30	29.590931
2004-10-01	30.399347
2004-10-04	30.576181
2004-10-05	30.618279
2004-10-06	30.862492
2004-10-07	30.517225
2004-10-08	29.961452
2004-10-11	30.104610
2004-10-12	30.054089
2004-10-13	29.986713
2004-10-14	29.851967
2004-10-15	30.003563
2004-10-18	30.433020
2004-10-19	30.214079
2004-10-20	30.357233
2004-10-21	30.820379
2004-10-22	30.146719
2004-10-25	30.003563
2004-10-26	30.163555
2004-10-27	30.929852
2004-10-28	31.123533
2004-10-29	31.073017
2004-11-01	31.190903
2004-11-02	31.291964
2004-11-03	31.502470
2004-11-04	31.679312
2004-11-05	31.965618
2004-11-08	31.999287
2004-11-09	31.931932
2004-11-10	31.822468
2004-11-11	32.243511
2004-11-12	32.555069
2004-11-15	32.698235
2004-11-16	32.496132
2004-11-17	32.934021
2004-11-18	33.085590
2004-11-19	32.571949
2004-11-22	32.883507
2004-11-23	32.832970
2004-11-24	33.119289
2004-11-26	33.018246
2004-11-29	33.009815
2004-11-30	32.942451
2004-12-01	33.616112
2004-12-02	33.742428
2004-12-03	33.792950
2004-12-06	33.910839
2004-12-07	33.329807
2004-12-08	33.523502
2004-12-09	33.725601
2004-12-10	33.624542
2004-12-13	33.919266
2004-12-14	34.087666
2004-12-15	33.961365
2004-12-16	33.641384
2004-12-17	33.555500
2004-12-20	33.325966
2004-12-21	33.734047
2004-12-22	33.776550
2004-12-23	33.802052
2004-12-27	33.657516
2004-12-28	33.980579
2004-12-29	34.023098
2004-12-30	33.997581
2004-12-31	33.938076
2005-01-03	33.581020
2005-01-04	32.968899
2005-01-05	32.764874
2005-01-06	32.603333
2005-01-07	32.773361
2005-01-10	32.756359
2005-01-11	32.526840
2005-01-12	32.798882
2005-01-13	32.365299
2005-01-14	32.671341
2005-01-18	32.917896
2005-01-19	32.373798
2005-01-20	31.753197
2005-01-21	31.498131
2005-01-24	31.056059
2005-01-25	31.209089
2005-01-26	31.583151
2005-01-27	31.540638
2005-01-28	31.387625
2005-01-31	31.795679
2005-02-01	31.897715
2005-02-02	31.948725
2005-02-03	31.583151
2005-02-04	32.093239
2005-02-07	32.025223
2005-02-08	32.084766
2005-02-09	31.549145
2005-02-10	31.583151
2005-02-11	32.050728
2005-02-14	32.195267
2005-02-15	32.407791
2005-02-16	32.288807
2005-02-17	31.855209
2005-02-18	31.753197
2005-02-22	31.362127
2005-02-23	31.404617
2005-02-24	31.804193
2005-02-25	31.982727
2005-02-28	31.642654
2005-03-01	31.991230
2005-03-02	31.974230
2005-03-03	31.710688
2005-03-04	31.897715
2005-03-07	32.356781
2005-03-08	32.033730
2005-03-09	31.940216
2005-03-10	31.897715
2005-03-11	31.600163
2005-03-14	31.744686
2005-03-15	31.489645
2005-03-16	31.132563
2005-03-17	31.209089
2005-03-18	31.039051
2005-03-21	31.098564
2005-03-22	30.716000
2005-03-23	30.826523
2005-03-24	30.835018
2005-03-28	30.894527
2005-03-29	30.647985
2005-03-30	31.226088
2005-03-31	31.090080
2005-04-01	30.775496
2005-04-04	30.996567
2005-04-05	31.081566
2005-04-06	31.030539
2005-04-07	31.404617
2005-04-08	31.149582
2005-04-11	31.013550
2005-04-12	31.166590
2005-04-13	30.656490
2005-04-14	30.222906
2005-04-15	29.534279
2005-04-18	29.542793
2005-04-19	29.746817
2005-04-20	29.500290
2005-04-21	30.282413
2005-04-22	29.831850
2005-04-25	30.078402
2005-04-26	29.797838
2005-04-27	29.840353
2005-04-28	29.542793
2005-04-29	29.738319
2005-05-02	29.857342
2005-05-03	30.010374
2005-05-04	30.375937
2005-05-05	30.401449
2005-05-06	30.486454
2005-05-09	30.630997
2005-05-10	30.409948
2005-05-11	30.562969
2005-05-12	30.477962
2005-05-13	30.809509
2005-05-16	31.013550
2005-05-17	31.200590
2005-05-18	31.625660
2005-05-19	31.889202
2005-05-20	32.016727
2005-05-23	32.178246
2005-05-24	32.280285
2005-05-25	32.144260
2005-05-26	32.467308
2005-05-27	32.484333
2005-05-31	32.373798
2005-06-01	32.637344
2005-06-02	32.866879
2005-06-03	32.390778
2005-06-06	32.399315
2005-06-07	32.127251
2005-06-08	32.059246
2005-06-09	32.263271
2005-06-10	31.923206
2005-06-13	32.076256
2005-06-14	31.948725
2005-06-15	32.050728
2005-06-16	32.220749
2005-06-17	32.225018
2005-06-20	32.225018
2005-06-21	32.207993
2005-06-22	32.173981
2005-06-23	31.816568
2005-06-24	31.459181
2005-06-27	31.314507
2005-06-28	31.612356
2005-06-29	31.544270
2005-06-30	31.297501
2005-07-01	31.254942
2005-07-05	31.578308
2005-07-06	31.425144
2005-07-07	31.535765
2005-07-08	32.139938
2005-07-11	32.437752
2005-07-12	32.590939
2005-07-13	32.667515
2005-07-14	32.990871
2005-07-15	33.092976
2005-07-18	32.956818
2005-07-19	33.339741
2005-07-20	33.578011
2005-07-21	33.586529
2005-07-22	33.543980
2005-07-25	33.416332
2005-07-26	33.543980
2005-07-27	33.799263
2005-07-28	33.960911
2005-07-29	33.680134
2005-08-01	33.739708
2005-08-02	34.105587
2005-08-03	34.088581
2005-08-04	33.756699
2005-08-05	33.595036
2005-08-08	33.348270
2005-08-09	33.569500
2005-08-10	33.280190
2005-08-11	33.552483
2005-08-12	33.365295
2005-08-15	33.569500
2005-08-16	33.024914
2005-08-17	33.220634
2005-08-18	33.050434
2005-08-19	33.033409
2005-08-22	33.050434
2005-08-23	32.956818
2005-08-24	32.761108
2005-08-25	32.837700
2005-08-26	32.727070
2005-08-29	32.982353
2005-08-30	32.863232
2005-08-31	33.169563
2005-09-01	33.118504
2005-09-02	32.990871
2005-09-06	33.475903
2005-09-07	33.535461
2005-09-08	33.526966
2005-09-09	33.714149
2005-09-12	33.807755
2005-09-13	33.722683
2005-09-14	33.339741
2005-09-15	33.322735
2005-09-16	33.526966
2005-09-19	33.263172
2005-09-20	33.127029
2005-09-21	32.761108
2005-09-22	32.880264
2005-09-23	32.973854
2005-09-26	32.982353
2005-09-27	32.905769
2005-09-28	32.914280
2005-09-29	33.356758
2005-09-30	33.578011
2005-10-03	33.663101
2005-10-04	33.441853
2005-10-05	32.982353
2005-10-06	32.548374
2005-10-07	32.624958
2005-10-10	32.446274
2005-10-11	32.284595
2005-10-12	31.901667
2005-10-13	32.148426
2005-10-14	32.386696
2005-10-17	32.488823
2005-10-18	32.259052
2005-10-19	32.905769
2005-10-20	32.599426
2005-10-21	32.803658
2005-10-24	33.322735
2005-10-25	33.195087
2005-10-26	33.024914
2005-10-27	32.361176
2005-10-28	32.607933
2005-10-31	33.075966
2005-11-01	33.050434
2005-11-02	33.484409
2005-11-03	33.986465
2005-11-04	34.105587
2005-11-07	34.148132
2005-11-08	34.156647
2005-11-09	34.173676
2005-11-10	34.548096
2005-11-11	34.641693
2005-11-14	34.641693
2005-11-15	34.479996
2005-11-16	34.692741
2005-11-17	35.152256
2005-11-18	35.271408
2005-11-21	35.356483
2005-11-22	35.484112
2005-11-23	35.569202
2005-11-25	35.645790
2005-11-28	35.347977
2005-11-29	35.177780
2005-11-30	35.092697
2005-12-01	35.747913
2005-12-02	35.833012
2005-12-05	35.569202
2005-12-06	35.688343
2005-12-07	35.620262
2005-12-08	35.364990
2005-12-09	35.501148
2005-12-12	35.628777
2005-12-13	35.773449
2005-12-14	35.654312
2005-12-15	35.713860
2005-12-16	35.467381
2005-12-19	34.904377
2005-12-20	34.929962
2005-12-21	35.083515
2005-12-22	35.313808
2005-12-23	35.313808
2005-12-27	35.006733
2005-12-28	34.964104
2005-12-29	34.733795
2005-12-30	34.469349
2006-01-03	35.237049
2006-01-04	35.603821
2006-01-05	35.757366
2006-01-06	36.405632
2006-01-09	36.550671
2006-01-10	36.576218
2006-01-11	36.857723
2006-01-12	36.678616
2006-01-13	36.661530
2006-01-17	36.422707
2006-01-18	36.004742
2006-01-19	36.269161
2006-01-20	35.185867
2006-01-23	35.194401
2006-01-24	35.347935
2006-01-25	35.194401
2006-01-26	35.441776
2006-01-27	35.919437
2006-01-30	35.987675
2006-01-31	35.825619
2006-02-01	35.953564
2006-02-02	35.339424
2006-02-03	34.904377
2006-02-06	34.810558
2006-02-07	34.657013
2006-02-08	35.057922
2006-02-09	34.725266
2006-02-10	34.938507
2006-02-13	34.537609
2006-02-14	34.887314
2006-02-15	35.109085
2006-02-16	35.433250
2006-02-17	35.151722
2006-02-21	34.759377
2006-02-22	35.194401
2006-02-23	35.100578
2006-02-24	35.194401
2006-02-27	35.586788
2006-02-28	35.057922
2006-03-01	35.535595
2006-03-02	35.561184
2006-03-03	35.356487
2006-03-06	35.049393
2006-03-07	34.844677
2006-03-08	34.861721
2006-03-09	34.563171
2006-03-10	34.597313
2006-03-13	34.699654
2006-03-14	35.288216
2006-03-15	35.586788
2006-03-16	35.288216
2006-03-17	35.381283
2006-03-20	35.466633
2006-03-21	35.091038
2006-03-22	35.176384
2006-03-23	35.073978
2006-03-24	35.253239
2006-03-27	35.261780
2006-03-28	35.116661
2006-03-29	35.782452
2006-03-30	35.893421
2006-03-31	35.790989
2006-04-03	35.833664
2006-04-04	36.029999
2006-04-05	36.371437
2006-04-06	36.473869
2006-04-07	36.123905
2006-04-10	36.072670
2006-04-11	35.782452
2006-04-12	35.790989
2006-04-13	35.936111
2006-04-17	35.560524
2006-04-18	36.243404
2006-04-19	36.405582
2006-04-20	36.277519
2006-04-21	35.850750
2006-04-24	35.816601
2006-04-25	35.739777
2006-04-26	35.731239
2006-04-27	36.072670
2006-04-28	35.722694
2006-05-01	35.372734
2006-05-02	35.466633
2006-05-03	35.415401
2006-05-04	35.705635
2006-05-05	35.987309
2006-05-08	36.021442
2006-05-09	35.884903
2006-05-10	35.569042
2006-05-11	34.775208
2006-05-12	34.305733
2006-05-15	34.280132
2006-05-16	34.024052
2006-05-17	33.563103
2006-05-18	33.332645
2006-05-19	33.588734
2006-05-22	33.264359
2006-05-23	32.940002
2006-05-24	33.161938
2006-05-25	33.597275
2006-05-26	33.708229
2006-05-30	32.982700
2006-05-31	33.136326
2006-06-01	33.921616
2006-06-02	33.836262
2006-06-05	33.102165
2006-06-06	33.076584
2006-06-07	32.829044
2006-06-08	32.777813
2006-06-09	32.564415
2006-06-12	31.924219
2006-06-13	31.796213
2006-06-14	32.120571
2006-06-15	32.991219
2006-06-16	32.748631
2006-06-19	32.483837
2006-06-20	32.526554
2006-06-21	33.039051
2006-06-22	32.620491
2006-06-23	32.586334
2006-06-26	32.671757
2006-06-27	32.056770
2006-06-28	32.295933
2006-06-29	33.278214
2006-06-30	33.115940
2006-07-03	33.312382
2006-07-05	32.586334
2006-07-06	32.552170
2006-07-07	32.193428
2006-07-10	31.911541
2006-07-11	32.150711
2006-07-12	31.544264
2006-07-13	31.014669
2006-07-14	30.698629
2006-07-17	30.775518
2006-07-18	30.878016
2006-07-19	31.279472
2006-07-20	30.818233
2006-07-21	30.493643
2006-07-24	31.100107
2006-07-25	31.279472
2006-07-26	31.253855
2006-07-27	31.048847
2006-07-28	31.698009
2006-07-31	31.689465
2006-08-01	31.159889
2006-08-02	31.510103
2006-08-03	31.706562
2006-08-04	31.561346
2006-08-07	31.356346
2006-08-08	31.159889
2006-08-09	31.202593
2006-08-10	31.424685
2006-08-11	31.202593
2006-08-14	31.407598
2006-08-15	32.201973
2006-08-16	32.962173
2006-08-17	33.081741
2006-08-18	33.133018
2006-08-21	32.816994
2006-08-22	32.825508
2006-08-23	32.577797
2006-08-24	32.671757
2006-08-25	32.731544
2006-08-28	32.979263
2006-08-29	33.081741
2006-08-30	33.235504
2006-08-31	33.201355
2006-09-01	33.380711
2006-09-05	33.705307
2006-09-06	33.030510
2006-09-07	32.876755
2006-09-08	33.073223
2006-09-11	33.278214
2006-09-12	33.893223
2006-09-13	34.123840
2006-09-14	34.158001
2006-09-15	34.280212
2006-09-18	34.288780
2006-09-19	34.058010
2006-09-20	34.553696
2006-09-21	34.340046
2006-09-22	34.075111
2006-09-25	34.673359
2006-09-26	34.844288
2006-09-27	34.801552
2006-09-28	34.895569
2006-09-29	34.741737
2006-10-02	34.305866
2006-10-03	34.451153
2006-10-04	35.297268
2006-10-05	35.468201
2006-10-06	35.391273
2006-10-09	35.510925
2006-10-10	35.570763
2006-10-11	35.502377
2006-10-12	36.066448
2006-10-13	36.263023
2006-10-16	36.297192
2006-10-17	35.895527
2006-10-18	35.724598
2006-10-19	35.810051
2006-10-20	35.895527
2006-10-23	36.263023
2006-10-24	36.015156
2006-10-25	36.263023
2006-10-26	36.596317
2006-10-27	36.075016
2006-10-30	36.305759
2006-10-31	36.391216
2006-11-01	35.895527
2006-11-02	35.929703
2006-11-03	35.835693
2006-11-06	36.357037
2006-11-07	36.604881
2006-11-08	36.775833
2006-11-09	36.604881
2006-11-10	36.775833
2006-11-13	37.151867
2006-11-14	37.544991
2006-11-15	37.698837
2006-11-16	37.861233
2006-11-17	37.861233
2006-11-20	37.938164
2006-11-21	37.989426
2006-11-22	38.228745
2006-11-24	38.160378
2006-11-27	37.297161
2006-11-28	37.408260
2006-11-29	37.664646
2006-11-30	37.639019
2006-12-01	37.314240
2006-12-04	37.827049
2006-12-05	37.963779
2006-12-06	37.827049
2006-12-07	37.348442
2006-12-08	37.519363
2006-12-11	37.656120
2006-12-12	37.433891
2006-12-13	37.502266
2006-12-14	37.921040
2006-12-15	38.018600
2006-12-18	37.642113
2006-12-19	37.522301
2006-12-20	37.385380
2006-12-21	37.120132
2006-12-22	36.735035
2006-12-26	36.889088
2006-12-27	37.077335
2006-12-28	36.897648
2006-12-29	36.931862
2007-01-03	37.000328
2007-01-04	37.702007
2007-01-05	37.522301
2007-01-08	37.547970
2007-01-09	37.736217
2007-01-10	38.181175
2007-01-11	38.574810
2007-01-12	38.771614
2007-01-16	38.745949
2007-01-17	38.429329
2007-01-18	37.719120
2007-01-19	37.796124
2007-01-22	37.385380
2007-01-23	37.291267
2007-01-24	37.907364
2007-01-25	37.419613
2007-01-26	37.282700
2007-01-29	37.316944
2007-01-30	37.334053
2007-01-31	37.710556
2007-02-01	37.650635
2007-02-02	37.787563
2007-02-05	37.753334
2007-02-06	37.702007
2007-02-07	38.044270
2007-02-08	38.035713
2007-02-09	37.547970
2007-02-12	37.402493
2007-02-13	37.530842
2007-02-14	38.164066
2007-02-15	38.386543
2007-02-16	38.258194
2007-02-20	38.549141
2007-02-21	38.668938
2007-02-22	38.865715
2007-02-23	38.728840
2007-02-26	38.540573
2007-02-27	36.957535
2007-02-28	37.077335
2007-03-01	36.906189
2007-03-02	36.350002
2007-03-05	36.067616
2007-03-06	36.666607
2007-03-07	36.521133
2007-03-08	36.769299
2007-03-09	36.735035
2007-03-12	36.974651
2007-03-13	36.255875
2007-03-14	36.786404
2007-03-15	36.700832
2007-03-16	36.672581
2007-03-19	37.049328
2007-03-20	37.314751
2007-03-21	38.033978
2007-03-22	37.896999
2007-03-23	37.777115
2007-03-26	37.931240
2007-03-27	37.665829
2007-03-28	37.263393
2007-03-29	37.306194
2007-03-30	37.271950
2007-04-02	37.323311
2007-04-03	37.811348
2007-04-04	37.965492
2007-04-05	38.153858
2007-04-09	38.059673
2007-04-10	38.256618
2007-04-11	37.854176
2007-04-12	38.153858
2007-04-13	38.230946
2007-04-16	38.581989
2007-04-17	38.667614
2007-04-18	38.539169
2007-04-19	38.659035
2007-04-20	38.873119
2007-04-23	38.933033
2007-04-24	39.129978
2007-04-25	39.652283
2007-04-26	39.857769
2007-04-27	39.874893
2007-04-30	39.352600
2007-05-01	39.318340
2007-05-02	39.746449
2007-05-03	39.892033
2007-05-04	39.926258
2007-05-07	39.926258
2007-05-08	40.011890
2007-05-09	40.097523
2007-05-10	39.549511
2007-05-11	40.054707
2007-05-14	39.780701
2007-05-15	39.472477
2007-05-16	39.857769
2007-05-17	39.669392
2007-05-18	39.994774
2007-05-21	40.251644
2007-05-22	40.285892
2007-05-23	40.097523
2007-05-24	39.523846
2007-05-25	39.772137
2007-05-29	40.080391
2007-05-30	40.405739
2007-05-31	40.594135
2007-06-01	40.619823
2007-06-04	40.739708
2007-06-05	40.739708
2007-06-06	40.303028
2007-06-07	39.677944
2007-06-08	40.166016
2007-06-11	40.088959
2007-06-12	39.849194
2007-06-13	40.285892
2007-06-14	40.551323
2007-06-15	40.925781
2007-06-18	40.934372
2007-06-19	40.925781
2007-06-20	40.540184
2007-06-21	40.908646
2007-06-22	40.523052
2007-06-25	40.351658
2007-06-26	40.120296
2007-06-27	40.737267
2007-06-28	40.720131
2007-06-29	40.788681
2007-07-02	41.157143
2007-07-03	41.397091
2007-07-05	41.697002
2007-07-06	41.868385
2007-07-09	41.894093
2007-07-10	41.542763
2007-07-11	41.825531
2007-07-12	42.468212
2007-07-13	42.759563
2007-07-16	42.716732
2007-07-17	43.042339
2007-07-18	42.990940
2007-07-19	43.119473
2007-07-20	42.888103
2007-07-23	42.905258
2007-07-24	42.271133
2007-07-25	42.331112
2007-07-26	41.971218
2007-07-27	41.122883
2007-07-30	41.602749
2007-07-31	40.728699
2007-08-01	41.045753
2007-08-02	41.422798
2007-08-03	40.634453
2007-08-06	41.105743
2007-08-07	41.397091
2007-08-08	41.851250
2007-08-09	40.882942
2007-08-10	40.514484
2007-08-13	40.788681
2007-08-14	40.094589
2007-08-15	39.331959
2007-08-16	38.946342
2007-08-17	39.683281
2007-08-20	39.871799
2007-08-21	40.291687
2007-08-22	40.840088
2007-08-23	40.728699
2007-08-24	41.302822
2007-08-27	41.028622
2007-08-28	40.051735
2007-08-29	41.199997
2007-08-30	41.414242
2007-08-31	41.876942
2007-09-04	42.571045
2007-09-05	42.142590
2007-09-06	42.108334
2007-09-07	41.328533
2007-09-10	41.302822
2007-09-11	41.928364
2007-09-12	41.936935
2007-09-13	42.142590
2007-09-14	42.176872
2007-09-17	41.825531
2007-09-18	42.879524
2007-09-19	42.990940
2007-09-20	42.870960
2007-09-21	43.176174
2007-09-24	43.373383
2007-09-25	43.784901
2007-09-26	43.999245
2007-09-27	44.222149
2007-09-28	44.076408
2007-10-01	44.582237
2007-10-02	44.590820
2007-10-03	44.282169
2007-10-04	44.385048
2007-10-05	45.285275
2007-10-08	45.568180
2007-10-09	45.765381
2007-10-10	45.876823
2007-10-11	45.148098
2007-10-12	45.893986
2007-10-15	45.542461
2007-10-16	45.328125
2007-10-17	45.911133
2007-10-18	46.108318
2007-10-19	44.959473
2007-10-22	45.499607
2007-10-23	46.451267
2007-10-24	46.099743
2007-10-25	45.482456
2007-10-26	46.236938
2007-10-29	46.425537
2007-10-30	46.519844
2007-10-31	47.179993
2007-11-01	46.296928
2007-11-02	46.657013
2007-11-05	46.356949
2007-11-06	46.879944
2007-11-07	45.739666
2007-11-08	44.350758
2007-11-09	42.867561
2007-11-12	41.778698
2007-11-13	43.501968
2007-11-14	42.944706
2007-11-15	42.713223
2007-11-16	43.107597
2007-11-19	42.610344
2007-11-20	42.781796
2007-11-21	42.275948
2007-11-23	42.730358
2007-11-26	41.993050
2007-11-27	42.833233
2007-11-28	44.136417
2007-11-29	44.325012
2007-11-30	43.990669
2007-12-03	43.621998
2007-12-04	43.441956
2007-12-05	44.222149
2007-12-06	44.856579
2007-12-07	44.865162
2007-12-10	45.045197
2007-12-11	43.999245
2007-12-12	44.393623
2007-12-13	44.153545
2007-12-14	43.699165
2007-12-17	42.636036
2007-12-18	42.773228
2007-12-19	42.764645
2007-12-20	43.639145
2007-12-21	44.499954
2007-12-24	44.834671
2007-12-26	45.057827
2007-12-27	44.517139
2007-12-28	44.474232
2007-12-31	43.959282
2008-01-02	43.264095
2008-01-03	43.444336
2008-01-04	41.539032
2008-01-07	41.341625
2008-01-08	40.268814
2008-01-09	41.127068
2008-01-10	41.187145
2008-01-11	40.380405
2008-01-14	41.084156
2008-01-15	39.951275
2008-01-16	39.522160
2008-01-17	38.972866
2008-01-18	38.921375
2008-01-22	37.917225
2008-01-23	37.771320
2008-01-24	38.543766
2008-01-25	37.754181
2008-01-28	38.045982
2008-01-29	38.114643
2008-01-30	38.080292
2008-01-31	38.732567
2008-02-01	39.127346
2008-02-04	38.578083
2008-02-05	37.479538
2008-02-06	36.741432
2008-02-07	36.998913
2008-02-08	37.419434
2008-02-11	37.822830
2008-02-12	37.608261
2008-02-13	38.432167
2008-02-14	37.737015
2008-02-15	37.608261
2008-02-19	37.539616
2008-02-20	37.711262
2008-02-21	37.350788
2008-02-22	37.488106
2008-02-25	37.676922
2008-02-26	37.822830
2008-02-27	38.011658
2008-02-28	37.865738
2008-02-29	36.861607
2008-03-03	36.621269
2008-03-04	36.827263
2008-03-05	37.007500
2008-03-06	36.192150
2008-03-07	36.106342
2008-03-10	35.411156
2008-03-11	36.758602
2008-03-12	36.655605
2008-03-13	36.938843
2008-03-14	36.260818
2008-03-17	35.599960
2008-03-18	37.187725
2008-03-19	36.269413
2008-03-20	37.010639
2008-03-24	38.290424
2008-03-25	38.505154
2008-03-26	38.393505
2008-03-27	37.543175
2008-03-28	37.354214
2008-03-31	37.551773
2008-04-01	39.157921
2008-04-02	39.072048
2008-04-03	39.157921
2008-04-04	39.389843
2008-04-07	39.303955
2008-04-08	39.003326
2008-04-09	38.565285
2008-04-10	39.114990
2008-04-11	38.032745
2008-04-14	37.860973
2008-04-15	37.912518
2008-04-16	38.968983
2008-04-17	38.883076
2008-04-18	40.119907
2008-04-21	40.403362
2008-04-22	39.802124
2008-04-23	40.240196
2008-04-24	40.600929
2008-04-25	40.497849
2008-04-28	40.575142
2008-04-29	40.884350
2008-04-30	40.549366
2008-05-01	41.829159
2008-05-02	41.889297
2008-05-05	41.769051
2008-05-06	42.026714
2008-05-07	41.262295
2008-05-08	41.571487
2008-05-09	41.408283
2008-05-12	42.164143
2008-05-13	42.275784
2008-05-14	42.181328
2008-05-15	42.919983
2008-05-16	42.954334
2008-05-19	42.645134
2008-05-20	42.318741
2008-05-21	41.382523
2008-05-22	41.528538
2008-05-23	41.399712
2008-05-27	42.129784
2008-05-28	42.301575
2008-05-29	42.679478
2008-05-30	42.954334
2008-06-02	42.430412
2008-06-03	42.198521
2008-06-04	42.739605
2008-06-05	43.418156
2008-06-06	42.112602
2008-06-09	41.889297
2008-06-10	41.691742
2008-06-11	40.686802
2008-06-12	40.729759
2008-06-13	41.545731
2008-06-16	41.915047
2008-06-17	41.691742
2008-06-18	41.245079
2008-06-19	41.889297
2008-06-20	40.758163
2008-06-23	40.440147
2008-06-24	40.233864
2008-06-25	40.887100
2008-06-26	39.236835
2008-06-27	39.236835
2008-06-30	38.824253
2008-07-01	39.374355
2008-07-02	38.428886
2008-07-03	38.360126
2008-07-07	38.592186
2008-07-08	39.511871
2008-07-09	38.463253
2008-07-10	38.918800
2008-07-11	38.299953
2008-07-14	38.016304
2008-07-15	38.024918
2008-07-16	38.970387
2008-07-17	39.228222
2008-07-18	38.325756
2008-07-21	38.489040
2008-07-22	38.489040
2008-07-23	38.996170
2008-07-24	38.411694
2008-07-25	38.910206
2008-07-28	38.179630
2008-07-29	38.970387
2008-07-30	39.168072
2008-07-31	39.073521
2008-08-01	38.575008
2008-08-04	38.188217
2008-08-05	39.477493
2008-08-06	40.079151
2008-08-07	39.769733
2008-08-08	40.672222
2008-08-11	41.041805
2008-08-12	41.084785
2008-08-13	40.998844
2008-08-14	41.471542
2008-08-15	41.394207
2008-08-18	40.912888
2008-08-19	40.405766
2008-08-20	40.474506
2008-08-21	40.285446
2008-08-22	40.818325
2008-08-25	39.958813
2008-08-26	39.907246
2008-08-27	40.165104
2008-08-28	40.491699
2008-08-29	39.640797
2008-09-02	39.150875
2008-09-03	38.781281
2008-09-04	37.526394
2008-09-05	37.345905
2008-09-08	37.277130
2008-09-09	36.486378
2008-09-10	36.787216
2008-09-11	37.474812
2008-09-12	37.328693
2008-09-15	36.168362
2008-09-16	36.451992
2008-09-17	34.561081
2008-09-18	35.730022
2008-09-19	36.898026
2008-09-22	35.160637
2008-09-23	34.893993
2008-09-24	35.134823
2008-09-25	35.693874
2008-09-26	35.332653
2008-09-29	32.528740
2008-09-30	33.466232
2008-10-01	33.113590
2008-10-02	31.608423
2008-10-03	31.118193
2008-10-06	29.982878
2008-10-07	28.082060
2008-10-08	27.858427
2008-10-09	27.110153
2008-10-10	26.938124
2008-10-13	30.215094
2008-10-14	28.907763
2008-10-15	26.318869
2008-10-16	27.746614
2008-10-17	27.781033
2008-10-20	28.555109
2008-10-21	27.075750
2008-10-22	26.327467
2008-10-23	26.224255
2008-10-24	25.381369
2008-10-27	24.676090
2008-10-28	27.402588
2008-10-29	27.333775
2008-10-30	28.245480
2008-10-31	28.288485
2008-11-03	28.228271
2008-11-04	29.028152
2008-11-05	27.514400
2008-11-06	26.284466
2008-11-07	26.826323
2008-11-10	26.465084
2008-11-11	25.888821
2008-11-12	24.693285
2008-11-13	26.198456
2008-11-14	24.925516
2008-11-17	24.400864
2008-11-18	24.375061
2008-11-19	23.102114
2008-11-20	21.983992
2008-11-21	22.938698
2008-11-24	24.340649
2008-11-25	24.228840
2008-11-26	25.243742
2008-11-28	25.045925
2008-12-01	23.162321
2008-12-02	23.936396
2008-12-03	24.615877
2008-12-04	23.919207
2008-12-05	24.891111
2008-12-08	25.871611
2008-12-09	25.811407
2008-12-10	25.725401
2008-12-11	25.020124
2008-12-12	25.527578
2008-12-15	25.080328
2008-12-16	26.284466
2008-12-17	25.966217
2008-12-18	25.510386
2008-12-19	25.719687
2008-12-22	25.159819
2008-12-23	25.030609
2008-12-24	25.099503
2008-12-26	25.090902
2008-12-29	24.884182
2008-12-30	25.400986
2008-12-31	25.616323
2009-01-02	26.727461
2009-01-05	26.718842
2009-01-06	26.985859
2009-01-07	26.219263
2009-01-08	26.494884
2009-01-09	25.900568
2009-01-12	25.426834
2009-01-13	25.435448
2009-01-14	24.660231
2009-01-15	25.065069
2009-01-16	25.340693
2009-01-20	24.083134
2009-01-21	25.108130
2009-01-22	24.772203
2009-01-23	24.892790
2009-01-26	25.073681
2009-01-27	25.254560
2009-01-28	26.141748
2009-01-29	25.478506
2009-01-30	25.030609
2009-02-02	25.332077
2009-02-03	25.728294
2009-02-04	25.762749
2009-02-05	26.331236
2009-02-06	27.020306
2009-02-09	27.132288
2009-02-10	26.133125
2009-02-11	26.012531
2009-02-12	26.331236
2009-02-13	26.210653
2009-02-17	25.168430
2009-02-18	25.185644
2009-02-19	24.798058
2009-02-20	24.866957
2009-02-23	23.996996
2009-02-24	24.789434
2009-02-25	24.625790
2009-02-26	23.936707
2009-02-27	23.712759
2009-03-02	22.946165
2009-03-03	22.928928
2009-03-04	23.540476
2009-03-05	22.834190
2009-03-06	22.653311
2009-03-09	22.170952
2009-03-10	23.540476
2009-03-11	23.902254
2009-03-12	24.694683
2009-03-13	24.754984
2009-03-16	24.341530
2009-03-17	25.263166
2009-03-18	25.581869
2009-03-19	25.564644
2009-03-20	25.175529
2009-03-23	26.659494
2009-03-24	26.167704
2009-03-25	26.288492
2009-03-26	27.099499
2009-03-27	26.590464
2009-03-30	25.934767
2009-03-31	26.159092
2009-04-01	26.547338
2009-04-02	27.401476
2009-04-03	27.910503
2009-04-06	27.841486
2009-04-07	27.108130
2009-04-08	27.565392
2009-04-09	28.419529
2009-04-13	28.376406
2009-04-14	28.031284
2009-04-15	27.953646
2009-04-16	28.678366
2009-04-17	28.738760
2009-04-20	27.815594
2009-04-21	28.203842
2009-04-22	28.290125
2009-04-23	28.566210
2009-04-24	29.066618
2009-04-27	29.101110
2009-04-28	28.885431
2009-04-29	29.282303
2009-04-30	29.575642
2009-05-01	29.653297
2009-05-04	30.239969
2009-05-05	30.214083
2009-05-06	30.222725
2009-05-07	29.515245
2009-05-08	29.532509
2009-05-11	29.636038
2009-05-12	29.273678
2009-05-13	28.488558
2009-05-14	28.807777
2009-05-15	28.790524
2009-05-18	29.541122
2009-05-19	29.679173
2009-05-20	29.575642
2009-05-21	29.032104
2009-05-22	28.937185
2009-05-26	30.015640
2009-05-27	29.808584
2009-05-28	30.153704
2009-05-29	30.524694
2009-06-01	31.396076
2009-06-02	31.439220
2009-06-03	31.344313
2009-06-04	31.698044
2009-06-05	31.732567
2009-06-08	31.637657
2009-06-09	31.879227
2009-06-10	31.767071
2009-06-11	31.767071
2009-06-12	31.620405
2009-06-15	30.973339
2009-06-16	30.671343
2009-06-17	30.964699
2009-06-18	30.904303
2009-06-19	31.236025
2009-06-22	30.303085
2009-06-23	30.233963
2009-06-24	30.743633
2009-06-25	31.348316
2009-06-26	31.417435
2009-06-29	31.486525
2009-06-30	31.426037
2009-07-01	31.443344
2009-07-02	30.752270
2009-07-06	30.588142
2009-07-07	29.827965
2009-07-08	29.983467
2009-07-09	30.035299
2009-07-10	30.164871
2009-07-13	30.743633
2009-07-14	30.855930
2009-07-15	31.892515
2009-07-16	32.272610
2009-07-17	32.445377
2009-07-20	32.756355
2009-07-21	32.980949
2009-07-22	33.257370
2009-07-23	33.991631
2009-07-24	33.732479
2009-07-27	33.991631
2009-07-28	33.758392
2009-07-29	33.982983
2009-07-30	34.181664
2009-07-31	34.078018
2009-08-03	34.587673
2009-08-04	34.587673
2009-08-05	34.319878
2009-08-06	34.017532
2009-08-07	34.449467
2009-08-10	34.207584
2009-08-11	33.913876
2009-08-12	34.440819
2009-08-13	34.630852
2009-08-14	34.233494
2009-08-17	33.240082
2009-08-18	33.715199
2009-08-19	33.948433
2009-08-20	34.345795
2009-08-21	34.803642
2009-08-24	34.769062
2009-08-25	34.872730
2009-08-26	34.812256
2009-08-27	34.898651
2009-08-28	34.933201
2009-08-31	34.579018
2009-09-01	33.931149
2009-09-02	33.905243
2009-09-03	34.129833
2009-09-04	34.864090
2009-09-08	35.192364
2009-09-09	35.494694
2009-09-10	35.831566
2009-09-11	35.866123
2009-09-14	36.004349
2009-09-15	36.116627
2009-09-16	36.643589
2009-09-17	36.634937
2009-09-18	36.696323
2009-09-21	36.808750
2009-09-22	36.877914
2009-09-23	36.704967
2009-09-24	36.376408
2009-09-25	36.056473
2009-09-28	36.670387
2009-09-29	36.506092
2009-09-30	36.532047
2009-10-01	35.451221
2009-10-02	35.347450
2009-10-05	35.632790
2009-10-06	36.263988
2009-10-07	36.367767
2009-10-08	36.523392
2009-10-09	36.730915
2009-10-12	36.808750
2009-10-13	36.817383
2009-10-14	37.318878
2009-10-15	37.232407
2009-10-16	36.990307
2009-10-19	37.362118
2009-10-20	37.370770
2009-10-21	37.301594
2009-10-22	37.448589
2009-10-23	37.292953
2009-10-26	37.171894
2009-10-27	36.609879
2009-10-28	35.788441
2009-10-29	36.393684
2009-10-30	35.416630
2009-11-02	35.563622
2009-11-03	35.676025
2009-11-04	35.736557
2009-11-05	36.618507
2009-11-06	36.834679
2009-11-09	37.621506
2009-11-10	37.716637
2009-11-11	37.958736
2009-11-12	37.742569
2009-11-13	38.053841
2009-11-16	38.442944
2009-11-17	38.563999
2009-11-18	38.347828
2009-11-19	37.751232
2009-11-20	37.560978
2009-11-23	38.166264
2009-11-24	38.036545
2009-11-25	38.200851
2009-11-27	37.621506
2009-11-30	37.664757
2009-12-01	38.053841
2009-12-02	38.105740
2009-12-03	37.950081
2009-12-04	38.148964
2009-12-07	37.967377
2009-12-08	37.733921
2009-12-09	38.114376
2009-12-10	38.304607
2009-12-11	38.157608
2009-12-14	38.520767
2009-12-15	38.304607
2009-12-16	38.356487
2009-12-17	37.889545
2009-12-18	38.507099
2009-12-21	38.940159
2009-12-22	39.174011
2009-12-23	39.459808
2009-12-24	39.823574
2009-12-28	40.031441
2009-12-29	39.866882
2009-12-30	39.988155
2009-12-31	39.624378
2010-01-04	40.204643
2010-01-05	40.204643
2010-01-06	39.962151
2010-01-07	39.988155
2010-01-08	40.317265
2010-01-11	40.152695
2010-01-12	39.650337
2010-01-13	40.144039
2010-01-14	40.178684
2010-01-15	39.710991
2010-01-19	40.351910
2010-01-20	39.771618
2010-01-21	39.399185
2010-01-22	38.247261
2010-01-25	38.377171
2010-01-26	38.411835
2010-01-27	38.714958
2010-01-28	37.718929
2010-01-29	37.060703
2010-02-01	37.467758
2010-02-02	37.805550
2010-02-03	38.013420
2010-02-04	36.913464
2010-02-05	37.225266
2010-02-08	36.956753
2010-02-09	37.337864
2010-02-10	37.259911
2010-02-11	37.822868
2010-02-12	37.900826
2010-02-16	38.385849
2010-02-17	38.602371
2010-02-18	38.844891
2010-02-19	38.827545
2010-02-22	38.749588
2010-02-23	38.247261
2010-02-24	38.637016
2010-02-25	38.628365
2010-02-26	38.766926
2010-03-01	39.329906
2010-03-02	39.451149
2010-03-03	39.494469
2010-03-04	39.624378
2010-03-05	40.221977
2010-03-08	40.299946
2010-03-09	40.525127
2010-03-10	40.854248
2010-03-11	41.010159
2010-03-12	41.018803
2010-03-15	40.914867
2010-03-16	41.174694
2010-03-17	41.287304
2010-03-18	41.425884
2010-03-19	41.175312
2010-03-22	41.548122
2010-03-23	41.834248
2010-03-24	41.634823
2010-03-25	41.574158
2010-03-26	41.617477
2010-03-29	41.816898
2010-03-30	41.955639
2010-03-31	41.756218
2010-04-01	41.756218
2010-04-05	42.146374
2010-04-06	42.267761
2010-04-07	42.163723
2010-04-08	42.259109
2010-04-09	42.510540
2010-04-12	42.545212
2010-04-13	42.761967
2010-04-14	43.273540
2010-04-15	43.464272
2010-04-16	42.944057
2010-04-19	42.918041
2010-04-20	43.134789
2010-04-21	43.377560
2010-04-22	43.620327
2010-04-23	43.802410
2010-04-26	43.707031
2010-04-27	42.779305
2010-04-28	42.805321
2010-04-29	43.550972
2010-04-30	42.692612
2010-05-03	43.290863
2010-05-04	41.990307
2010-05-05	41.773560
2010-05-06	40.377644
2010-05-07	39.371883
2010-05-10	41.418083
2010-05-11	41.374710
2010-05-12	42.155048
2010-05-13	41.487434
2010-05-14	40.689754
2010-05-17	40.819832
2010-05-18	40.256241
2010-05-19	39.935455
2010-05-20	38.452843
2010-05-21	38.877663
2010-05-24	38.721607
2010-05-25	38.756283
2010-05-26	38.322777
2010-05-27	39.770706
2010-05-28	39.536629
2010-06-01	39.172451
2010-06-02	40.100193
2010-06-03	40.481670
2010-06-04	39.094429
2010-06-07	38.383457
2010-06-08	38.314098
2010-06-09	37.993298
2010-06-10	39.077084
2010-06-11	39.449898
2010-06-14	39.441235
2010-06-15	40.499023
2010-06-16	40.663754
2010-06-17	40.793812
2010-06-18	40.827690
2010-06-21	40.480221
2010-06-22	40.167507
2010-06-23	40.002441
2010-06-24	39.394367
2010-06-25	39.402214
2010-06-28	39.262959
2010-06-29	37.748470
2010-06-30	37.174046
2010-07-01	37.069588
2010-07-02	36.965137
2010-07-06	37.078297
2010-07-07	38.262016
2010-07-08	38.470913
2010-07-09	38.836460
2010-07-12	38.949604
2010-07-13	39.454426
2010-07-14	39.654629
2010-07-15	39.689434
2010-07-16	38.592758
2010-07-19	38.923500
2010-07-20	39.393513
2010-07-21	38.853878
2010-07-22	39.837414
2010-07-23	40.089813
2010-07-26	40.420559
2010-07-27	40.403141
2010-07-28	40.081097
2010-07-29	39.785183
2010-07-30	39.872219
2010-08-02	40.620735
2010-08-03	40.446663
2010-08-04	40.855751
2010-08-05	40.760002
2010-08-06	40.699078
2010-08-09	40.977596
2010-08-10	40.620735
2010-08-11	39.515354
2010-08-12	39.202019
2010-08-13	38.923500
2010-08-16	38.993126
2010-08-17	39.489258
2010-08-18	39.645924
2010-08-19	39.045349
2010-08-20	39.097576
2010-08-23	38.714615
2010-08-24	37.992210
2010-08-25	38.357750
2010-08-26	37.896458
2010-08-27	38.357750
2010-08-30	37.957378
2010-08-31	37.826809
2010-09-01	38.958309
2010-09-02	39.393513
2010-09-03	40.046307
2010-09-07	39.776470
2010-09-08	40.255188
2010-09-09	40.411858
2010-09-10	40.559822
2010-09-13	41.125568
2010-09-14	41.299656
2010-09-15	41.560772
2010-09-16	41.726147
2010-09-17	41.867462
2010-09-20	42.600292
2010-09-21	42.591564
2010-09-22	42.478176
2010-09-23	42.460724
2010-09-24	43.324402
2010-09-27	43.088856
2010-09-28	43.071411
2010-09-29	43.001614
2010-09-30	42.809669
2010-10-01	42.757328
2010-10-04	42.294952
2010-10-05	43.324402
2010-10-06	42.949268
2010-10-07	43.106297
2010-10-08	43.402916
2010-10-11	43.420376
2010-10-12	43.717003
2010-10-13	44.074680
2010-10-14	43.987442
2010-10-15	44.920933
2010-10-18	44.755184
2010-10-19	44.336399
2010-10-20	44.659210
2010-10-21	44.746471
2010-10-22	45.051796
2010-10-25	45.269905
2010-10-26	45.392040
2010-10-27	45.531639
2010-10-28	45.627598
2010-10-29	45.522888
2010-11-01	45.557796
2010-11-02	46.046364
2010-11-03	46.255749
2010-11-04	46.822811
2010-11-05	46.822811
2010-11-08	46.883888
2010-11-09	46.630867
2010-11-10	46.866440
2010-11-11	46.569794
2010-11-12	45.810806
2010-11-15	45.636337
2010-11-16	44.886036
2010-11-17	45.016914
2010-11-18	45.741024
2010-11-19	45.775928
2010-11-22	46.159790
2010-11-23	45.426945
2010-11-24	46.342979
2010-11-26	46.037647
2010-11-29	46.002735
2010-11-30	45.444386
2010-12-01	46.404060
2010-12-02	46.875145
2010-12-03	46.997303
2010-12-06	46.979847
2010-12-07	47.006020
2010-12-08	47.180519
2010-12-09	47.224136
2010-12-10	47.538212
2010-12-13	47.372452
2010-12-14	47.459690
2010-12-15	47.250301
2010-12-16	47.616714
2010-12-17	47.658699
2010-12-20	47.693634
2010-12-21	47.982113
2010-12-22	47.973373
2010-12-23	47.850979
2010-12-27	47.877209
2010-12-28	47.789803
2010-12-29	47.894695
2010-12-30	47.781048
2010-12-31	47.606224
2011-01-03	48.349251
2011-01-04	48.314293
2011-01-05	48.725132
2011-01-06	48.882477
2011-01-07	48.838795
2011-01-10	49.022346
2011-01-11	49.092278
2011-01-12	49.441948
2011-01-13	49.459427
2011-01-14	49.826569
2011-01-18	49.966431
2011-01-19	49.398232
2011-01-20	49.048573
2011-01-21	48.672695
2011-01-24	49.345776
2011-01-25	49.415707
2011-01-26	49.677952
2011-01-27	49.983929
2011-01-28	48.716396
2011-01-31	48.952419
2011-02-01	49.870270
2011-02-02	49.791599
2011-02-03	49.879021
2011-02-04	50.158749
2011-02-07	50.394768
2011-02-08	50.726952
2011-02-09	50.639542
2011-02-10	50.718201
2011-02-11	51.085354
2011-02-14	51.207718
2011-02-15	51.137791
2011-02-16	51.469978
2011-02-17	51.452507
2011-02-18	51.338856
2011-02-22	49.852787
2011-02-23	49.441948
2011-02-24	49.704193
2011-02-25	50.394768
2011-02-28	50.499676
2011-03-01	49.686699
2011-03-02	49.948959
2011-03-03	50.936745
2011-03-04	50.674492
2011-03-07	49.992649
2011-03-08	50.193714
2011-03-09	49.852787
2011-03-10	49.074791
2011-03-11	49.380749
2011-03-14	49.205925
2011-03-15	48.506596
2011-03-16	47.335243
2011-03-17	47.772308
2011-03-18	47.664639
2011-03-21	48.583801
2011-03-22	48.496258
2011-03-23	48.767624
2011-03-24	49.634254
2011-03-25	49.756813
2011-03-28	49.485439
2011-03-29	49.966892
2011-03-30	50.203255
2011-03-31	50.273293
2011-04-01	50.299553
2011-04-04	50.133213
2011-04-05	50.001919
2011-04-06	50.124474
2011-04-07	50.089466
2011-04-08	49.853111
2011-04-11	49.686768
2011-04-12	49.345375
2011-04-13	49.765568
2011-04-14	49.678017
2011-04-15	49.590469
2011-04-18	49.240334
2011-04-19	49.546722
2011-04-20	50.667213
2011-04-21	51.069885
2011-04-25	51.201187
2011-04-26	51.490074
2011-04-27	51.840218
2011-04-28	51.761436
2011-04-29	51.717667
2011-05-02	51.621380
2011-05-03	51.376266
2011-05-04	51.297482
2011-05-05	51.017361
2011-05-06	51.183681
2011-05-09	51.376266
2011-05-10	51.813965
2011-05-11	51.437546
2011-05-12	51.743942
2011-05-13	51.131176
2011-05-16	50.247032
2011-05-17	50.387074
2011-05-18	50.807266
2011-05-19	50.956093
2011-05-20	50.570927
2011-05-23	49.826839
2011-05-24	49.520466
2011-05-25	49.713039
2011-05-26	50.019432
2011-05-27	50.273293
2011-05-31	51.087379
2011-06-01	49.975655
2011-06-02	50.080685
2011-06-03	49.327873
2011-06-06	48.925190
2011-06-07	48.837650
2011-06-08	48.487514
2011-06-09	48.575035
2011-06-10	47.830971
2011-06-13	47.830971
2011-06-14	48.443726
2011-06-15	47.524601
2011-06-16	47.340752
2011-06-17	47.192486
2011-06-20	47.438133
2011-06-21	48.455860
2011-06-22	48.104923
2011-06-23	48.552364
2011-06-24	47.710121
2011-06-27	48.473419
2011-06-28	49.192833
2011-06-29	49.394619
2011-06-30	50.052612
2011-07-01	50.807144
2011-07-05	51.061581
2011-07-06	51.228268
2011-07-07	51.930153
2011-07-08	51.789780
2011-07-11	50.851009
2011-07-12	50.464985
2011-07-13	50.675541
2011-07-14	50.087723
2011-07-15	50.754528
2011-07-18	50.482525
2011-07-19	51.631863
2011-07-20	51.412510
2011-07-21	51.754692
2011-07-22	52.289860
2011-07-25	52.184586
2011-07-26	52.316189
2011-07-27	50.965088
2011-07-28	51.052807
2011-07-29	50.886105
2011-08-01	50.649242
2011-08-02	49.368313
2011-08-03	49.842064
2011-08-04	47.525867
2011-08-05	47.227589
2011-08-08	44.384975
2011-08-09	46.525707
2011-08-10	44.621857
2011-08-11	46.587116
2011-08-12	46.999485
2011-08-15	47.692574
2011-08-16	47.289001
2011-08-17	47.008232
2011-08-18	44.700817
2011-08-19	43.893654
2011-08-22	44.051575
2011-08-23	45.867691
2011-08-24	46.227406
2011-08-25	45.472900
2011-08-26	46.613445
2011-08-29	47.911907
2011-08-30	48.227760
2011-08-31	48.306713
2011-09-01	47.868034
2011-09-02	46.745037
2011-09-06	46.753811
2011-09-07	47.938236
2011-09-08	47.718880
2011-09-09	46.657295
2011-09-12	47.253910
2011-09-13	47.885597
2011-09-14	48.569916
2011-09-15	49.289341
2011-09-16	49.741135
2011-09-19	49.758728
2011-09-20	49.538967
2011-09-21	48.677582
2011-09-22	47.095417
2011-09-23	47.596432
2011-09-26	48.150188
2011-09-27	48.651207
2011-09-28	47.930454
2011-09-29	47.359116
2011-09-30	46.137333
2011-10-03	44.950729
2011-10-04	45.873638
2011-10-05	47.051468
2011-10-06	47.842560
2011-10-07	47.526108
2011-10-10	49.169804
2011-10-11	49.503822
2011-10-12	49.749920
2011-10-13	50.206982
2011-10-14	51.138714
2011-10-17	50.347641
2011-10-18	50.971710
2011-10-19	49.987244
2011-10-20	49.741135
2011-10-21	50.365204
2011-10-24	51.411190
2011-10-25	50.400372
2011-10-26	50.338837
2011-10-27	51.727631
2011-10-28	51.806721
2011-10-31	50.936531
2011-11-01	49.609283
2011-11-02	50.031197
2011-11-03	51.068378
2011-11-04	50.804699
2011-11-07	51.165066
2011-11-08	51.753998
2011-11-09	49.934509
2011-11-10	49.908127
2011-11-11	50.848652
2011-11-14	50.532227
2011-11-15	51.094746
2011-11-16	50.250935
2011-11-17	49.073109
2011-11-18	48.695156
2011-11-21	47.763454
2011-11-22	47.921658
2011-11-23	46.840523
2011-11-25	46.480133
2011-11-28	48.097439
2011-11-29	47.798607
2011-11-30	49.565331
2011-12-01	49.908127
2011-12-02	49.767506
2011-12-05	50.312466
2011-12-06	50.171844
2011-12-07	50.171844
2011-12-08	49.328007
2011-12-09	50.119102
2011-12-12	49.556534
2011-12-13	49.011581
2011-12-14	48.246883
2011-12-15	48.115013
2011-12-16	48.362755
2011-12-19	47.886696
2011-12-20	49.306019
2011-12-21	48.600769
2011-12-22	49.015121
2011-12-23	49.438263
2011-12-27	49.622673
2011-12-28	49.049149
2011-12-29	49.402088
2011-12-30	49.260906
2012-01-03	50.205017
2012-01-04	50.416790
2012-01-05	50.831463
2012-01-06	51.007954
2012-01-09	50.840294
2012-01-10	51.210892
2012-01-11	51.316757
2012-01-12	51.519695
2012-01-13	51.334412
2012-01-17	51.802048
2012-01-18	52.490265
2012-01-19	52.816738
2012-01-20	52.737331
2012-01-23	52.754967
2012-01-24	52.657913
2012-01-25	53.319679
2012-01-26	53.134377
2012-01-27	53.293201
2012-01-30	53.337326
2012-01-31	53.407906
2012-02-01	53.840240
2012-02-02	54.007912
2012-02-03	54.749043
2012-02-06	54.704941
2012-02-07	54.819664
2012-02-08	55.110798
2012-02-09	55.507858
2012-02-10	55.119644
2012-02-13	55.631390
2012-02-14	55.772552
2012-02-15	55.384323
2012-02-16	56.143154
2012-02-17	55.966686
2012-02-21	56.125504
2012-02-22	55.869621
2012-02-23	56.240200
2012-02-24	56.434311
2012-02-27	56.513741
2012-02-28	57.087242
2012-02-29	56.831371
2012-03-01	57.281380
2012-03-02	57.237236
2012-03-05	56.646076
2012-03-06	56.090199
2012-03-07	56.522545
2012-03-08	57.131374
2012-03-09	57.369595
2012-03-12	57.396076
2012-03-13	58.463696
2012-03-14	58.666637
2012-03-15	58.834274
2012-03-16	58.792732
2012-03-19	59.208145
2012-03-20	59.314220
2012-03-21	59.323036
2012-03-22	59.199314
2012-03-23	59.163940
2012-03-26	60.198009
2012-03-27	60.286419
2012-03-28	60.047779
2012-03-29	59.817970
2012-03-30	59.703079
2012-04-02	60.321777
2012-04-03	60.304096
2012-04-04	59.482140
2012-04-05	59.853321
2012-04-09	59.402580
2012-04-10	58.448029
2012-04-11	58.730869
2012-04-12	59.402580
2012-04-13	58.501076
2012-04-16	57.847038
2012-04-17	59.022541
2012-04-18	58.872299
2012-04-19	58.209396
2012-04-20	58.050312
2012-04-23	57.520023
2012-04-24	57.210674
2012-04-25	58.730869
2012-04-26	59.075577
2012-04-27	59.429089
2012-04-30	59.004860
2012-05-01	59.102081
2012-05-02	59.269989
2012-05-03	58.642490
2012-05-04	57.184155
2012-05-07	57.237198
2012-05-08	57.025070
2012-05-09	56.848293
2012-05-10	56.733391
2012-05-11	56.724571
2012-05-14	56.194263
2012-05-15	56.008644
2012-05-16	55.628601
2012-05-17	54.453098
2012-05-18	53.746044
2012-05-21	55.248569
2012-05-22	55.186684
2012-05-23	55.292747
2012-05-24	54.930370
2012-05-25	54.859669
2012-05-29	55.557911
2012-05-30	55.089474
2012-05-31	54.850834
2012-06-01	53.392517
2012-06-04	53.799068
2012-06-05	54.020027
2012-06-06	55.257385
2012-06-07	55.036453
2012-06-08	55.566746
2012-06-11	54.629868
2012-06-12	55.292747
2012-06-13	54.912720
2012-06-14	55.115978
2012-06-15	55.800758
2012-06-18	56.323418
2012-06-19	56.908077
2012-06-20	56.952393
2012-06-21	55.534988
2012-06-22	56.119678
2012-06-25	55.038933
2012-06-26	55.384373
2012-06-27	55.721024
2012-06-28	55.100941
2012-06-29	56.837223
2012-07-02	57.005539
2012-07-03	57.483906
2012-07-05	57.519344
2012-07-06	56.801800
2012-07-09	56.695465
2012-07-10	56.137375
2012-07-11	55.827324
2012-07-12	55.304668
2012-07-13	56.146240
2012-07-16	55.986782
2012-07-17	56.279121
2012-07-18	57.040962
2012-07-19	57.669933
2012-07-20	56.908077
2012-07-23	56.217129
2012-07-24	55.774178
2012-07-25	55.402130
2012-07-26	56.137375
2012-07-27	57.466183
2012-07-30	57.421894
2012-07-31	57.404182
2012-08-01	57.235859
2012-08-02	57.032097
2012-08-03	58.112877
2012-08-06	58.555779
2012-08-07	59.043015
2012-08-08	59.016460
2012-08-09	59.193642
2012-08-10	59.229076
2012-08-13	59.370804
2012-08-14	59.397381
2012-08-15	59.547966
2012-08-16	60.256657
2012-08-17	60.522434
2012-08-20	60.611008
2012-08-21	60.371826
2012-08-22	60.619858
2012-08-23	60.123768
2012-08-24	60.495853
2012-08-27	60.593304
2012-08-28	60.593304
2012-08-29	60.593304
2012-08-30	59.982052
2012-08-31	60.380699
2012-09-04	60.318665
2012-09-05	60.256657
2012-09-06	61.594315
2012-09-07	61.505756
2012-09-10	60.717304
2012-09-11	60.619858
2012-09-12	60.797047
2012-09-13	61.620880
2012-09-14	62.170170
2012-09-17	62.196701
2012-09-18	62.249870
2012-09-19	62.365009
2012-09-20	62.303024
2012-09-21	62.320759
2012-09-24	61.956547
2012-09-25	61.085903
2012-09-26	60.588432
2012-09-27	61.423504
2012-09-28	60.917126
2012-10-01	60.828281
2012-10-02	61.005962
2012-10-03	61.396832
2012-10-04	61.610085
2012-10-05	61.281364
2012-10-08	60.721676
2012-10-09	59.753345
2012-10-10	59.451275
2012-10-11	59.264717
2012-10-12	59.238056
2012-10-15	59.673351
2012-10-16	60.517349
2012-10-17	60.481819
2012-10-18	59.779968
2012-10-19	58.349670
2012-10-22	58.651722
2012-10-23	58.092037
2012-10-24	57.887730
2012-10-25	57.887730
2012-10-26	58.056499
2012-10-31	57.701138
2012-11-01	58.518467
2012-11-02	57.896599
2012-11-05	58.278618
2012-11-06	58.385208
2012-11-07	57.008194
2012-11-08	56.110924
2012-11-09	56.350784
2012-11-12	56.341908
2012-11-13	55.951000
2012-11-14	55.293610
2012-11-15	55.107044
2012-11-16	55.346897
2012-11-19	56.661724
2012-11-20	56.679504
2012-11-21	56.794979
2012-11-23	57.656719
2012-11-26	57.905468
2012-11-27	57.710033
2012-11-28	58.207531
2012-11-29	58.554020
2012-11-30	58.456291
2012-12-03	58.340786
2012-12-04	58.305256
2012-12-05	57.656719
2012-12-06	58.029850
2012-12-07	57.683380
2012-12-10	57.852165
2012-12-11	58.607315
2012-12-12	58.482910
2012-12-13	58.020943
2012-12-14	57.470169
2012-12-17	58.234180
2012-12-18	59.122578
2012-12-19	58.864933
2012-12-20	58.864933
2012-12-21	58.245846
2012-12-24	58.129730
2012-12-26	57.620502
2012-12-27	57.531174
2012-12-28	56.977318
2012-12-31	58.183323
2013-01-02	60.032532
2013-01-03	59.719868
2013-01-04	59.523335
2013-01-07	59.541180
2013-01-08	59.425053
2013-01-09	59.648399
2013-01-10	60.005707
2013-01-11	60.086143
2013-01-14	59.818150
2013-01-15	59.523335
2013-01-16	59.764526
2013-01-17	60.050392
2013-01-18	59.916393
2013-01-22	60.014660
2013-01-23	60.380932
2013-01-24	59.550133
2013-01-25	59.853870
2013-01-28	59.987865
2013-01-29	59.996792
2013-01-30	59.871738
2013-01-31	59.737736
2013-02-01	60.443493
2013-02-04	59.389328
2013-02-05	60.264805
2013-02-06	60.068253
2013-02-07	60.121872
2013-02-08	60.738258
2013-02-11	60.756149
2013-02-12	60.506008
2013-02-13	60.720413
2013-02-14	60.702530
2013-02-15	60.523880
2013-02-19	60.961601
2013-02-20	60.023590
2013-02-21	59.380383
2013-02-22	59.978928
2013-02-25	59.237465
2013-02-26	59.460785
2013-02-27	60.068253
2013-02-28	59.943188
2013-03-01	60.193348
2013-03-04	60.461330
2013-03-05	61.354706
2013-03-06	61.202808
2013-03-07	61.363613
2013-03-08	61.435089
2013-03-11	61.613735
2013-03-12	61.390396
2013-03-13	61.310020
2013-03-14	61.515484
2013-03-15	61.344444
2013-03-18	61.210140
2013-03-19	61.093746
2013-03-20	61.523537
2013-03-21	60.825142
2013-03-22	61.416088
2013-03-25	61.192226
2013-03-26	61.523537
2013-03-27	61.604126
2013-03-28	61.756329
2013-04-01	61.335491
2013-04-02	61.819016
2013-04-03	61.254932
2013-04-04	61.272804
2013-04-05	60.762436
2013-04-08	61.084805
2013-04-09	61.496674
2013-04-10	62.696529
2013-04-11	62.669670
2013-04-12	62.624893
2013-04-15	61.389233
2013-04-16	62.204067
2013-04-17	60.986271
2013-04-18	60.144585
2013-04-19	60.968376
2013-04-22	61.595154
2013-04-23	62.186131
2013-04-24	62.159271
2013-04-25	62.490559
2013-04-26	62.293606
2013-04-29	62.866619
2013-04-30	63.323307
2013-05-01	63.027828
2013-05-02	63.824741
2013-05-03	64.576904
2013-05-06	64.827614
2013-05-07	64.791809
2013-05-08	65.105179
2013-05-09	65.015648
2013-05-10	65.409592
2013-05-13	65.490189
2013-05-14	65.830452
2013-05-15	65.964775
2013-05-16	65.893158
2013-05-17	66.528870
2013-05-20	66.430412
2013-05-21	66.502037
2013-05-22	65.919991
2013-05-23	65.767769
2013-05-24	65.731987
2013-05-28	66.161766
2013-05-29	65.848366
2013-05-30	66.197571
2013-05-31	65.588699
2013-06-03	65.705093
2013-06-04	65.364830
2013-06-05	64.514175
2013-06-06	64.827614
2013-06-07	65.714050
2013-06-10	65.740936
2013-06-11	65.087273
2013-06-12	64.335144
2013-06-13	65.149963
2013-06-14	64.720146
2013-06-17	65.346931
2013-06-18	65.884171
2013-06-19	65.149963
2013-06-20	63.600876
2013-06-21	63.263149
2013-06-24	62.634361
2013-06-25	63.092484
2013-06-26	63.658382
2013-06-27	63.927845
2013-06-28	64.017654
2013-07-01	64.412880
2013-07-02	64.439835
2013-07-03	64.700340
2013-07-05	65.194344
2013-07-08	65.257248
2013-07-09	65.652473
2013-07-10	66.029770
2013-07-11	67.341141
2013-07-12	67.637596
2013-07-15	67.790291
2013-07-16	67.700470
2013-07-17	67.871109
2013-07-18	67.700470
2013-07-19	66.999832
2013-07-22	67.197456
2013-07-23	66.703430
2013-07-24	66.918976
2013-07-25	67.341141
2013-07-26	67.700470
2013-07-29	67.574745
2013-07-30	67.934021
2013-07-31	68.059784
2013-08-01	68.751404
2013-08-02	69.137634
2013-08-05	69.182587
2013-08-06	68.769371
2013-08-07	68.643600
2013-08-08	68.984917
2013-08-09	68.706497
2013-08-12	68.868179
2013-08-13	69.254425
2013-08-14	68.993912
2013-08-15	67.826256
2013-08-16	67.799301
2013-08-19	67.682487
2013-08-20	67.978912
2013-08-21	67.745384
2013-08-22	68.410103
2013-08-23	68.868179
2013-08-26	68.904114
2013-08-27	67.493881
2013-08-28	67.754349
2013-08-29	68.230438
2013-08-30	67.790291
2013-09-03	68.176544
2013-09-04	68.904114
2013-09-05	69.020882
2013-09-06	69.101738
2013-09-09	69.910126
2013-09-10	70.251480
2013-09-11	70.116722
2013-09-12	70.071838
2013-09-13	70.116722
2013-09-16	69.928093
2013-09-17	70.395187
2013-09-18	71.239548
2013-09-19	71.410194
2013-09-20	71.165161
2013-09-23	71.020996
2013-09-24	71.020996
2013-09-25	70.777725
2013-09-26	71.327316
2013-09-27	71.237183
2013-09-30	71.066055
2013-10-01	71.786789
2013-10-02	71.759773
2013-10-03	70.921906
2013-10-04	71.534531
2013-10-07	70.939903
2013-10-08	69.570473
2013-10-09	69.354279
2013-10-10	70.822800
2013-10-11	71.381378
2013-10-14	71.885895
2013-10-15	71.606598
2013-10-16	72.417442
2013-10-17	72.831879
2013-10-18	74.012131
2013-10-21	74.174286
2013-10-22	74.282356
2013-10-23	73.831902
2013-10-24	74.156235
2013-10-25	74.687805
2013-10-28	74.705811
2013-10-29	74.831970
2013-10-30	74.759888
2013-10-31	74.588715
2013-11-01	74.606735
2013-11-04	74.714828
2013-11-05	74.795929
2013-11-06	74.777916
2013-11-07	73.372452
2013-11-08	74.363464
2013-11-11	74.246346
2013-11-12	74.363464
2013-11-13	75.264442
2013-11-14	75.498657
2013-11-15	75.642815
2013-11-18	74.904022
2013-11-19	74.687805
2013-11-20	74.507622
2013-11-21	75.264442
2013-11-22	75.669853
2013-11-25	75.850014
2013-11-26	76.246414
2013-11-27	76.778008
2013-11-29	77.237465
2013-12-02	77.012238
2013-12-03	76.949196
2013-12-04	77.021263
2013-12-05	76.922150
2013-12-06	77.480721
2013-12-09	77.796043
2013-12-10	77.741966
2013-12-11	76.741943
2013-12-12	76.543747
2013-12-13	76.444664
2013-12-16	76.868095
2013-12-17	76.714966
2013-12-18	77.606865
2013-12-19	77.390610
2013-12-20	78.178757
2013-12-23	79.001221
2013-12-24	79.037338
2013-12-26	79.299416
2013-12-27	79.100632
2013-12-30	78.983116
2013-12-31	79.498299
2014-01-02	78.874664
2014-01-03	78.305290
2014-01-06	78.016075
2014-01-07	78.739098
2014-01-08	78.910828
2014-01-09	78.648735
2014-01-10	78.901787
2014-01-13	77.735870
2014-01-14	79.218109
2014-01-15	79.868843
2014-01-16	79.877907
2014-01-17	79.426010
2014-01-21	80.031525
2014-01-22	80.239410
2014-01-23	79.968277
2014-01-24	78.395660
2014-01-27	77.636452
2014-01-28	77.591263
2014-01-29	76.759773
2014-01-30	78.178757
2014-01-31	77.970856
2014-02-03	76.181328
2014-02-04	76.741684
2014-02-05	76.542900
2014-02-06	77.518936
2014-02-07	78.901787
2014-02-10	79.353699
2014-02-11	80.257500
2014-02-12	80.411102
2014-02-13	81.007645
2014-02-14	81.170311
2014-02-18	81.568001
2014-02-19	81.007645
2014-02-20	81.387222
2014-02-21	81.278770
2014-02-24	81.712585
2014-02-25	81.622208
2014-02-26	81.549896
2014-02-27	82.079002
2014-02-28	81.988274
2014-03-03	81.380219
2014-03-04	82.414810
2014-03-05	82.641678
2014-03-06	82.569092
2014-03-07	82.160698
2014-03-10	82.233299
2014-03-11	81.879379
2014-03-12	82.187943
2014-03-13	81.026230
2014-03-14	80.472649
2014-03-17	81.180557
2014-03-18	82.160698
2014-03-19	81.715988
2014-03-20	81.942902
2014-03-21	80.956863
2014-03-24	80.247353
2014-03-25	80.511131
2014-03-26	79.474167
2014-03-27	79.028465
2014-03-28	79.183105
2014-03-31	79.747040
2014-04-01	81.147888
2014-04-02	81.357094
2014-04-03	80.711258
2014-04-04	78.564560
2014-04-07	77.818665
2014-04-08	78.537262
2014-04-09	79.883522
2014-04-10	77.409309
2014-04-11	76.508797
2014-04-14	77.109116
2014-04-15	77.363831
2014-04-16	78.391678
2014-04-17	78.409889
2014-04-21	78.992058
2014-04-22	79.619652
2014-04-23	78.919296
2014-04-24	79.674301
2014-04-25	78.400803
2014-04-28	78.655510
2014-04-29	79.283157
2014-04-30	79.492363
2014-05-01	79.728867
2014-05-02	79.583336
2014-05-05	80.001778
2014-05-06	78.964775
2014-05-07	78.737366
2014-05-08	78.664574
2014-05-09	78.955711
2014-05-12	80.256447
2014-05-13	80.311012
2014-05-14	79.892586
2014-05-15	79.264961
2014-05-16	79.783417
2014-05-19	80.338310
2014-05-20	80.047226
2014-05-21	80.811310
2014-05-22	81.166069
2014-05-23	81.757347
2014-05-27	82.776093
2014-05-28	82.521400
2014-05-29	83.049004
2014-05-30	83.058098
2014-06-02	82.976219
2014-06-03	82.939842
2014-06-04	83.249115
2014-06-05	83.949516
2014-06-06	84.431618
2014-06-09	84.367958
2014-06-10	84.513504
2014-06-11	84.495316
2014-06-12	83.731239
2014-06-13	83.976837
2014-06-16	84.049576
2014-06-17	84.095016
2014-06-18	84.568077
2014-06-19	84.513504
2014-06-20	84.612885
2014-06-23	84.631149
2014-06-24	84.549065
2014-06-25	85.087204
2014-06-26	85.132805
2014-06-27	85.506737
2014-06-30	85.652710
2014-07-01	86.592140
2014-07-02	86.738029
2014-07-03	87.285301
2014-07-07	87.020790
2014-07-08	85.971893
2014-07-09	86.610359
2014-07-10	86.336777
2014-07-11	86.893097
2014-07-14	87.412964
2014-07-15	87.112000
2014-07-16	87.458588
2014-07-17	86.300270
2014-07-18	87.668373
2014-07-21	87.558914
2014-07-22	88.115295
2014-07-23	88.680763
2014-07-24	88.580429
2014-07-25	88.233856
2014-07-28	88.261200
2014-07-29	88.106148
2014-07-30	88.452751
2014-07-31	86.665054
2014-08-01	86.345840
2014-08-04	86.938690
2014-08-05	86.272926
2014-08-06	86.209038
2014-08-07	85.935402
2014-08-08	86.555641
2014-08-11	87.066414
2014-08-12	87.029892
2014-08-13	87.951111
2014-08-14	88.407173
2014-08-15	88.835831
2014-08-18	89.519844
2014-08-19	90.021523
2014-08-20	90.021523
2014-08-21	90.203903
2014-08-22	90.340721
2014-08-25	90.659950
2014-08-26	90.751167
2014-08-27	90.769386
2014-08-28	90.669075
2014-08-29	91.006538
2014-09-02	91.271027
2014-09-03	90.732933
2014-09-04	90.650841
2014-09-05	91.106842
2014-09-08	91.280182
2014-09-09	90.523117
2014-09-10	91.271027
2014-09-11	91.198074
2014-09-12	90.732933
2014-09-15	89.857323
2014-09-16	90.641708
2014-09-17	90.778549
2014-09-18	91.462578
2014-09-19	91.405907
2014-09-22	90.555634
2014-09-23	90.308784
2014-09-24	91.277893
2014-09-25	89.357994
2014-09-26	90.308784
2014-09-29	90.189972
2014-09-30	90.317947
2014-10-01	88.873451
2014-10-02	88.873451
2014-10-03	89.751106
2014-10-06	89.559143
2014-10-07	88.288338
2014-10-08	90.007103
2014-10-09	88.553436
2014-10-10	86.341003
2014-10-13	84.987900
2014-10-14	84.997055
2014-10-15	84.448517
2014-10-16	83.918228
2014-10-17	85.024490
2014-10-20	86.295296
2014-10-21	88.562599
2014-10-22	88.105469
2014-10-23	89.431145
2014-10-24	90.162529
2014-10-27	90.226509
2014-10-28	91.588783
2014-10-29	91.250481
2014-10-30	91.442474
2014-10-31	92.704117
2014-11-03	92.978378
2014-11-04	92.667564
2014-11-05	92.676682
2014-11-06	92.969261
2014-11-07	92.886963
2014-11-10	93.216080
2014-11-11	93.508667
2014-11-12	93.673218
2014-11-13	94.075470
2014-11-14	94.368042
2014-11-17	94.084641
2014-11-18	94.788605
2014-11-19	94.358879
2014-11-20	94.779442
2014-11-21	94.962273
2014-11-24	95.702827
2014-11-25	95.849106
2014-11-26	96.470802
2014-11-28	96.918755
2014-12-01	95.821693
2014-12-02	96.205658
2014-12-03	96.379395
2014-12-04	96.333649
2014-12-05	96.342789
2014-12-08	95.657112
2014-12-09	95.958817
2014-12-10	94.450302
2014-12-11	94.898277
2014-12-12	93.865204
2014-12-15	92.896072
2014-12-16	91.405907
2014-12-17	93.069809
2014-12-18	95.309715
2014-12-19	95.729073
2014-12-22	95.967651
2014-12-23	95.628120
2014-12-24	95.710739
2014-12-26	96.389763
2014-12-29	96.371429
2014-12-30	95.729073
2014-12-31	94.747177
2015-01-02	94.462723
2015-01-05	93.077057
2015-01-06	91.829071
2015-01-07	93.012856
2015-01-08	94.793060
2015-01-09	94.169083
2015-01-12	93.187195
2015-01-13	93.159653
2015-01-14	92.645760
2015-01-15	91.443687
2015-01-16	92.517303
2015-01-20	93.251427
2015-01-21	93.728584
2015-01-22	95.462975
2015-01-23	95.674019
2015-01-26	95.563889
2015-01-27	93.086258
2015-01-28	92.609093
2015-01-29	93.499176
2015-01-30	92.774254
2015-02-02	93.581757
2015-02-03	94.481056
2015-02-04	94.398460
2015-02-05	95.215179
2015-02-06	94.637070
2015-02-09	94.334267
2015-02-10	95.802498
2015-02-11	96.151176
2015-02-12	97.270729
2015-02-13	98.105804
2015-02-17	98.197548
2015-02-18	98.335213
2015-02-19	98.821526
2015-02-20	99.482246
2015-02-23	99.583176
2015-02-24	99.656609
2015-02-25	99.408829
2015-02-26	99.913513
2015-02-27	99.473068
2015-03-02	100.372375
2015-03-03	99.904396
2015-03-04	99.518959
2015-03-05	99.693298
2015-03-06	98.564590
2015-03-09	98.849091
2015-03-10	97.013794
2015-03-11	96.454010
2015-03-12	97.087196
2015-03-13	96.665070
2015-03-16	97.913078
2015-03-17	98.069077
2015-03-18	99.032608
2015-03-19	99.179443
2015-03-20	99.821396
2015-03-23	99.628281
2015-03-24	99.269554
2015-03-25	96.997749
2015-03-26	96.666634
2015-03-27	97.052948
2015-03-30	98.165863
2015-03-31	97.126549
2015-04-01	96.620697
2015-04-02	96.685043
2015-04-06	97.476059
2015-04-07	97.310478
2015-04-08	98.083092
2015-04-09	98.699318
2015-04-10	99.104027
2015-04-13	98.855682
2015-04-14	98.570549
2015-04-15	99.186790
2015-04-16	99.048813
2015-04-17	97.503624
2015-04-20	98.966057
2015-04-21	99.389137
2015-04-22	99.931808
2015-04-23	100.308868
2015-04-24	101.670135
2015-04-27	101.412590
2015-04-28	101.210258
2015-04-29	100.575630
2015-04-30	98.993645
2015-05-01	100.299698
2015-05-04	100.465233
2015-05-05	98.828072
2015-05-06	98.147446
2015-05-07	98.736069
2015-05-08	99.968575
2015-05-11	99.582306
2015-05-12	99.131584
2015-05-13	99.333954
2015-05-14	100.787193
2015-05-15	100.787193
2015-05-18	101.228645
2015-05-19	101.118271
2015-05-20	101.182663
2015-05-21	101.706924
2015-05-22	101.605766
2015-05-26	100.437637
2015-05-27	102.056442
2015-05-28	101.826500
2015-05-29	101.219460
2015-06-01	101.559769
2015-06-02	101.237846
2015-06-03	101.541374
2015-06-04	100.768776
2015-06-05	100.529625
2015-06-08	99.508705
2015-06-09	99.343140
2015-06-10	100.704376
2015-06-11	100.851547
2015-06-12	100.023811
2015-06-15	99.527077
2015-06-16	100.069756
2015-06-17	100.345673
2015-06-18	101.808090
2015-06-19	101.304764
2015-06-22	102.051422
2015-06-23	102.134453
2015-06-24	101.608971
2015-06-25	101.406174
2015-06-26	100.733192
2015-06-29	98.354767
2015-06-30	98.705101
2015-07-01	99.488640
2015-07-02	99.516327
2015-07-06	99.285851
2015-07-07	99.534767
2015-07-08	97.801651
2015-07-09	97.746330
2015-07-10	99.239769
2015-07-13	100.982124
2015-07-14	101.645828
2015-07-15	101.756470
2015-07-16	103.194588
2015-07-17	104.715683
2015-07-20	105.075218
2015-07-21	105.010727
2015-07-22	103.821487
2015-07-23	103.434273
2015-07-24	102.420219
2015-07-27	101.572121
2015-07-28	102.447891
2015-07-29	102.835106
2015-07-30	103.323647
2015-07-31	103.203827
2015-08-03	102.881157
2015-08-04	102.687553
2015-08-05	103.480392
2015-08-06	101.820976
2015-08-07	101.691948
2015-08-10	102.853523
2015-08-11	101.535225
2015-08-12	101.885536
2015-08-13	101.719597
2015-08-14	101.876335
2015-08-17	102.724442
2015-08-18	102.198990
2015-08-19	101.526009
2015-08-20	98.714272
2015-08-21	94.399940
2015-08-24	90.767708
2015-08-25	90.426643
2015-08-26	94.980713
2015-08-27	97.386757
2015-08-28	97.368340
2015-08-31	96.160683
2015-09-01	93.155426
2015-09-02	95.782730
2015-09-03	95.312599
2015-09-04	94.178680
2015-09-08	96.833672
2015-09-09	95.745872
2015-09-10	96.787575
2015-09-11	97.322243
2015-09-14	97.027260
2015-09-15	98.170364
2015-09-16	98.723503
2015-09-17	98.760368
2015-09-18	97.355721
2015-09-21	97.660698
2015-09-22	96.200584
2015-09-23	96.274506
2015-09-24	95.923355
2015-09-25	95.110138
2015-09-28	92.402466
2015-09-29	91.921928
2015-09-30	94.038132
2015-10-01	94.463234
2015-10-02	96.117432
2015-10-05	97.494354
2015-10-06	97.032303
2015-10-07	97.614479
2015-10-08	98.002632
2015-10-09	98.446182
2015-10-12	98.686478
2015-10-13	98.048813
2015-10-14	97.891724
2015-10-15	99.499680
2015-10-16	99.915535
2015-10-19	100.488487
2015-10-20	99.970985
2015-10-21	99.361061
2015-10-22	101.384842
2015-10-23	104.221924
2015-10-26	104.286621
2015-10-27	104.499168
2015-10-28	105.367813
2015-10-29	105.201477
2015-10-30	104.730179
2015-11-02	105.913071
2015-11-03	106.282700
2015-11-04	106.291939
2015-11-05	106.005478
2015-11-06	106.079407
2015-11-09	104.952003
2015-11-10	104.683968
2015-11-11	104.554604
2015-11-12	103.538078
2015-11-13	101.505013
2015-11-16	102.965149
2015-11-17	103.029793
2015-11-18	105.007408
2015-11-19	105.081367
2015-11-20	105.792931
2015-11-23	105.487976
2015-11-24	105.395561
2015-11-25	105.487976
2015-11-27	105.635818
2015-11-30	105.367813
2015-12-01	106.421333
2015-12-02	105.765190
2015-12-03	103.972420
2015-12-04	106.402817
2015-12-07	105.922295
2015-12-08	105.931549
2015-12-09	104.323570
2015-12-10	104.794884
2015-12-11	102.382935
2015-12-14	103.159157
2015-12-15	103.787560
2015-12-16	105.330864
2015-12-17	103.796844
2015-12-18	101.805756
2015-12-21	102.936615
2015-12-22	103.613304
2015-12-23	104.382645
2015-12-24	104.364090
2015-12-28	104.308487
2015-12-29	105.949203
2015-12-30	104.994438
2015-12-31	103.687431
2016-01-04	101.499886
2016-01-05	101.323715
2016-01-06	100.350456
2016-01-07	97.208160
2016-01-08	96.410988
2016-01-11	96.707603
2016-01-12	97.829178
2016-01-13	94.455124
2016-01-14	96.466560
2016-01-15	93.472557
2016-01-19	93.676498
2016-01-20	93.389168
2016-01-21	93.481834
2016-01-22	96.188507
2016-01-25	94.761024
2016-01-26	95.613815
2016-01-27	93.231560
2016-01-28	94.547821
2016-01-29	96.522217
2016-02-01	96.781769
2016-02-02	94.686867
2016-02-03	94.232689
2016-02-04	94.223373
2016-02-05	90.951317
2016-02-08	89.560883
2016-02-09	89.282799
2016-02-10	89.625771
2016-02-11	89.496010
2016-02-12	90.858597
2016-02-16	92.907112
2016-02-17	95.011292
2016-02-18	93.926781
2016-02-19	94.204887
2016-02-22	95.734322
2016-02-23	94.158516
2016-02-24	95.057632
2016-02-25	95.993858
2016-02-26	95.873344
2016-02-29	95.011292
2016-03-01	98.060944
2016-03-02	98.098000
2016-03-03	97.912598
2016-03-04	97.949677
2016-03-07	97.347145
2016-03-08	96.540756
2016-03-09	97.161819
2016-03-10	97.013504
2016-03-11	98.709747
2016-03-14	98.876625
2016-03-15	98.839531
2016-03-16	99.720169
2016-03-17	99.664513
2016-03-18	99.820724
2016-03-21	100.211197
2016-03-22	100.518013
2016-03-23	99.690582
2016-03-24	99.718430
2016-03-28	99.578995
2016-03-29	101.178093
2016-03-30	101.670799
2016-03-31	101.522034
2016-04-01	102.600494
2016-04-04	102.210022
2016-04-05	101.224510
2016-04-06	102.888657
2016-04-07	101.410477
2016-04-08	101.336121
2016-04-11	100.964226
2016-04-12	101.810242
2016-04-13	103.111824
2016-04-14	103.121094
2016-04-15	102.860817
2016-04-18	103.409317
2016-04-19	102.777138
2016-04-20	102.860817
2016-04-21	102.870094
2016-04-22	101.317497
2016-04-25	101.317497
2016-04-26	100.824799
2016-04-27	100.015976
2016-04-28	98.807350
2016-04-29	98.286728
2016-05-02	99.216415
2016-05-03	98.296021
2016-05-04	97.663834
2016-05-05	97.635910
2016-05-06	98.156578
2016-05-09	98.435478
2016-05-10	99.783531
2016-05-11	98.881721
2016-05-12	98.444763
2016-05-13	98.082191
2016-05-16	99.309380
2016-05-17	98.063583
2016-05-18	98.416870
2016-05-19	97.905525
2016-05-20	98.984016
2016-05-23	98.853836
2016-05-24	100.834053
2016-05-25	101.559219
2016-05-26	101.856712
2016-05-27	102.386635
2016-05-31	102.581909
2016-06-01	102.591156
2016-06-02	102.805016
2016-06-03	102.321556
2016-06-06	102.693459
2016-06-07	102.433128
2016-06-08	102.609772
2016-06-09	102.442459
2016-06-10	101.280296
2016-06-13	100.434311
2016-06-14	100.434311
2016-06-15	100.146103
2016-06-16	100.443611
2016-06-17	99.266266
2016-06-20	99.890816
2016-06-21	100.207779
2016-06-22	99.965393
2016-06-23	101.391602
2016-06-24	97.215530
2016-06-27	95.285919
2016-06-28	97.373978
2016-06-29	99.098503
2016-06-30	100.245049
2016-07-01	100.748390
2016-07-05	100.133186
2016-07-06	100.953484
2016-07-07	101.251785
2016-07-08	102.817833
2016-07-11	103.405090
2016-07-12	103.927109
2016-07-13	103.675423
2016-07-14	104.383865
2016-07-15	104.216072
2016-07-18	104.905869
2016-07-19	104.523697
2016-07-20	105.744835
2016-07-21	105.502464
2016-07-22	105.940605
2016-07-25	105.949890
2016-07-26	106.071098
2016-07-27	106.807510
2016-07-28	107.180367
2016-07-29	107.413406
2016-08-01	107.982002
2016-08-02	107.161705
2016-08-03	107.515945
2016-08-04	107.823578
2016-08-05	108.858253
2016-08-08	108.737099
2016-08-09	108.988739
2016-08-10	108.709122
2016-08-11	109.175179
2016-08-12	109.249786
2016-08-15	109.715828
2016-08-16	109.109955
2016-08-17	109.305679
2016-08-18	109.333664
2016-08-19	109.305679
2016-08-22	109.389603
2016-08-23	109.585327
2016-08-24	108.876907
2016-08-25	108.699799
2016-08-26	108.858253
2016-08-29	109.007385
2016-08-30	108.653168
2016-08-31	108.541344
2016-09-01	108.820961
2016-09-02	109.175179
2016-09-06	109.855675
2016-09-07	109.920914
2016-09-08	109.277740
2016-09-09	106.527840
2016-09-12	108.438774
2016-09-13	107.469337
2016-09-14	107.982002
2016-09-15	109.659943
2016-09-16	109.607605
2016-09-19	109.130997
2016-09-20	109.336563
2016-09-21	110.411285
2016-09-22	111.289696
2016-09-23	110.579475
2016-09-26	109.654297
2016-09-27	110.738373
2016-09-28	110.925240
2016-09-29	110.121536
2016-09-30	110.943924
2016-10-03	110.785049
2016-10-04	110.616852
2016-10-05	111.009338
2016-10-06	110.953270
2016-10-07	110.710304
2016-10-10	111.411163
2016-10-11	109.822495
2016-10-12	109.729088
2016-10-13	109.336563
2016-10-14	109.467415
2016-10-17	109.168343
2016-10-18	110.140251
2016-10-19	110.130905
2016-10-20	110.000084
2016-10-21	110.411285
2016-10-24	111.738251
2016-10-25	111.383141
2016-10-26	110.626183
2016-10-27	110.121536
2016-10-28	109.430031
2016-10-31	109.327255
2016-11-01	108.504868
2016-11-02	107.635788
2016-11-03	106.579811
2016-11-04	106.206009
2016-11-07	108.729156
2016-11-08	109.439354
2016-11-09	109.943993
2016-11-10	108.168457
2016-11-11	108.215172
2016-11-14	107.121819
2016-11-15	108.607674
2016-11-16	109.252472
2016-11-17	110.046829
2016-11-18	109.635628
2016-11-21	110.775696
2016-11-22	111.112152
2016-11-23	110.663567
2016-11-25	111.018692
2016-11-28	110.766365
2016-11-29	111.149521
2016-11-30	109.803841
2016-12-01	107.906807
2016-12-02	108.121719
2016-12-05	108.962776
2016-12-06	109.224442
2016-12-07	110.607513
2016-12-08	110.803749
2016-12-09	111.672836
2016-12-12	111.168182
2016-12-13	112.569969
2016-12-14	112.336334
2016-12-15	112.513885
2016-12-16	112.096817
2016-12-19	112.556091
2016-12-20	112.987213
2016-12-21	112.902863
2016-12-22	112.584183
2016-12-23	112.659157
2016-12-27	113.240257
2016-12-28	112.359253
2016-12-29	112.199890
2016-12-30	111.047081
2017-01-03	112.040581
2017-01-04	112.649803
2017-01-05	113.287132
2017-01-06	114.280640
2017-01-09	114.655556
2017-01-10	114.908615
2017-01-11	115.217911
2017-01-12	115.039833
2017-01-13	115.433464
2017-01-17	115.086685
2017-01-18	115.320984
2017-01-19	115.264755
2017-01-20	115.517822
2017-01-23	115.611557
2017-01-24	116.389481
2017-01-25	117.561050
2017-01-26	117.682899
2017-01-27	117.907829
2017-01-30	116.989334
2017-01-31	116.754997
2017-02-01	117.561050
2017-02-02	117.457977
2017-02-03	117.795380
2017-02-06	117.935959
2017-02-07	118.367104
2017-02-08	118.563927
2017-02-09	118.995087
2017-02-10	119.388733
2017-02-13	120.063522
2017-02-14	120.466576
2017-02-15	121.178902
2017-02-16	121.141426
2017-02-17	121.666283
2017-02-21	122.266144
2017-02-22	122.313011
2017-02-23	121.853745
2017-02-24	122.088043
2017-02-27	122.238014
2017-02-28	121.863113
2017-03-01	123.194008
2017-03-02	122.575386
2017-03-03	122.800362
2017-03-06	122.528572
2017-03-07	122.322342
2017-03-08	122.537964
2017-03-09	122.631660
2017-03-10	123.147125
2017-03-13	123.353386
2017-03-14	123.053429
2017-03-15	123.812630
2017-03-16	123.728264
2017-03-17	123.685043
2017-03-20	123.797745
2017-03-21	121.919350
2017-03-22	122.745850
2017-03-23	122.435890
2017-03-24	122.689476
2017-03-27	122.886719
2017-03-28	123.638077
2017-03-29	124.210999
2017-03-30	124.417694
2017-03-31	124.333122
2017-04-03	124.257980
2017-04-04	124.455200
2017-04-05	123.948036
2017-04-06	124.013763
2017-04-07	123.948036
2017-04-10	123.994995
2017-04-11	123.459679
2017-04-12	122.961823
2017-04-13	122.473503
2017-04-17	123.487846
2017-04-18	123.299973
2017-04-19	123.497177
2017-04-20	124.530327
2017-04-21	124.502174
2017-04-24	126.004929
2017-04-25	126.915909
2017-04-26	126.737495
2017-04-27	127.498260
2017-04-28	127.723656
2017-05-01	128.860077
2017-05-02	129.076126
2017-05-03	128.662872
2017-05-04	128.709885
2017-05-05	129.179459
2017-05-08	129.461197
2017-05-09	129.912003
2017-05-10	129.987152
2017-05-11	129.883896
2017-05-12	130.175003
2017-05-15	130.588287
2017-05-16	131.133041
2017-05-17	127.798721
2017-05-18	128.916473
2017-05-19	129.461197
2017-05-22	130.550720
2017-05-23	130.682190
2017-05-24	131.283264
2017-05-25	132.400955
2017-05-26	132.635727
2017-05-30	132.748459
2017-05-31	132.701492
2017-06-01	133.218109
2017-06-02	134.739594
2017-06-05	134.711426
2017-06-06	134.176071
2017-06-07	134.702026
2017-06-08	134.842926
2017-06-09	131.471100
2017-06-12	130.766678
2017-06-13	131.827988
2017-06-14	131.255112
2017-06-15	130.672852
2017-06-16	130.105835
2017-06-19	132.281357
2017-06-20	131.245392
2017-06-21	132.545090
2017-06-22	132.507385
2017-06-23	133.015961
2017-06-26	132.394363
2017-06-27	129.992874
2017-06-28	131.867004
2017-06-29	129.578445
2017-06-30	129.625534
2017-07-03	128.259964
2017-07-05	129.521973
2017-07-06	128.354156
2017-07-07	129.738556
2017-07-10	130.586212
2017-07-11	130.953491
2017-07-12	132.507385
2017-07-13	132.799301
2017-07-14	133.844666
2017-07-17	133.910599
2017-07-18	134.805328
2017-07-19	135.596313
2017-07-20	135.775330
2017-07-21	135.718826
2017-07-24	136.340408
2017-07-25	135.991943
2017-07-26	136.434525
2017-07-27	135.577545
2017-07-28	135.464523
2017-07-31	134.890060
2017-08-01	135.200867
2017-08-02	135.568115
2017-08-03	135.040756
2017-08-04	135.285629
2017-08-07	136.142578
2017-08-08	135.907150
2017-08-09	135.728210
2017-08-10	132.818207
2017-08-11	133.825867
2017-08-14	135.549347
2017-08-15	135.643509
2017-08-16	135.878937
2017-08-17	133.100708
2017-08-18	133.006485
2017-08-21	132.837006
2017-08-22	134.861786
2017-08-23	134.381531
2017-08-24	133.985962
2017-08-25	133.703445
2017-08-28	134.117813
2017-08-29	134.645233
2017-08-30	136.227356
2017-08-31	137.687103
2017-09-01	137.498749
2017-09-05	136.265060
2017-09-06	136.679398
2017-09-07	136.999634
2017-09-08	135.813034
2017-09-11	137.376328
2017-09-12	137.705948
2017-09-13	137.894348
2017-09-14	137.084381
2017-09-15	137.555206
2017-09-18	137.375000
2017-09-19	137.610977
2017-09-20	137.186295
2017-09-21	136.346207
2017-09-22	136.214035
2017-09-25	134.779465
2017-09-26	135.128723
2017-09-27	136.346207
2017-09-28	136.299057
2017-09-29	137.280624
2017-10-02	137.403290
2017-10-03	137.695908
2017-10-04	137.828033
2017-10-05	139.177780
2017-10-06	139.366486
2017-10-09	139.206070
2017-10-10	139.309875
2017-10-11	139.725128
2017-10-12	139.470322
2017-10-13	140.008347
2017-10-16	140.489685
2017-10-17	140.668961
2017-10-18	140.499084
2017-10-19	139.979996
2017-10-20	140.357544
2017-10-23	139.442032
2017-10-24	139.678009
2017-10-25	139.149429
2017-10-26	138.705841
2017-10-27	142.745453
2017-10-30	143.066284
2017-10-31	143.604324
2017-11-01	143.557114
2017-11-02	143.283417
2017-11-03	144.661438
2017-11-06	145.152161
2017-11-07	145.237122
2017-11-08	145.822281
2017-11-09	145.057785
2017-11-10	145.048355
2017-11-13	145.227722
2017-11-14	144.699127
2017-11-15	144.019592
2017-11-16	145.860077
2017-11-17	145.303238
2017-11-20	145.189926
2017-11-21	146.766144
2017-11-22	146.945465
2017-11-24	147.483505
2017-11-27	147.417404
2017-11-28	147.794861
2017-11-29	145.218246
2017-11-30	146.435867
2017-12-01	145.812881
2017-12-04	144.132843
2017-12-05	144.227219
2017-12-06	144.878464
2017-12-07	145.369354
2017-12-08	146.011078
2017-12-11	147.143707
2017-12-12	146.945465
2017-12-13	147.228653
2017-12-14	147.124832
2017-12-15	148.795380
2017-12-18	150.042923
2017-12-19	149.153885
2017-12-20	148.993027
2017-12-21	149.012009
2017-12-22	148.841766
2017-12-26	148.037796
2017-12-27	148.056671
2017-12-28	148.236404
2017-12-29	147.319016
2018-01-02	149.901047
2018-01-03	151.357590
2018-01-04	151.622375
2018-01-05	153.145142
2018-01-08	153.741028
2018-01-09	153.750519
2018-01-10	153.391083
2018-01-11	154.440903
2018-01-12	155.575912
2018-01-16	155.131348
2018-01-17	156.805389
2018-01-18	156.833847
2018-01-19	157.325623
2018-01-22	159.009140
2018-01-23	160.323853
2018-01-24	159.283493
2018-01-25	159.226730
2018-01-26	161.666870
2018-01-29	160.881866
2018-01-30	159.557739
2018-01-31	160.219788
2018-02-01	158.857864
2018-02-02	155.689407
2018-02-05	149.551102
2018-02-06	153.514023
2018-02-07	151.527817
2018-02-08	145.134140
2018-02-09	147.640579
2018-02-12	150.260437
2018-02-13	151.035980
2018-02-14	153.863998
2018-02-15	156.720276
2018-02-16	156.020447
2018-02-20	156.332550
2018-02-21	155.888000
2018-02-22	155.869125
2018-02-23	159.056473
2018-02-26	161.165543
2018-02-27	159.169937
2018-02-28	158.148499
2018-03-01	155.566452
2018-03-02	156.994583
2018-03-05	158.734848
2018-03-06	159.406387
2018-03-07	159.775269
2018-03-08	160.654846
2018-03-09	163.776077
2018-03-12	164.646210
2018-03-13	162.404587
2018-03-14	162.376236
2018-03-15	162.234344
2018-03-16	161.752060
2018-03-19	158.300842
2018-03-20	158.821884
2018-03-21	158.130295
2018-03-22	154.227264
2018-03-23	150.163177
2018-03-26	155.743011
2018-03-27	150.703156
2018-03-28	148.969528
2018-03-29	151.697876
2018-04-02	147.321152
2018-04-03	148.978943
2018-04-04	151.328384
2018-04-05	152.190460
2018-04-06	148.382202
2018-04-09	149.424225
2018-04-10	152.720978
2018-04-11	151.839996
2018-04-12	153.668304
2018-04-13	152.872574
2018-04-16	154.037842
2018-04-17	157.353485
2018-04-18	157.675613
2018-04-19	156.226181
2018-04-20	153.753586
2018-04-23	153.365189
2018-04-24	150.115814
2018-04-25	150.295792
2018-04-26	153.459946
2018-04-27	153.554642
2018-04-30	152.465210
2018-05-01	154.208298
2018-05-02	153.298920
2018-05-03	153.279877
2018-05-04	156.188263
2018-05-07	157.486115
2018-05-08	157.325073
2018-05-09	159.039780
2018-05-10	160.688171
2018-05-11	160.536545
2018-05-14	160.811310
2018-05-15	159.030319
2018-05-16	160.081879
2018-05-17	159.466080
2018-05-18	158.641922
2018-05-21	159.532364
2018-05-22	159.323929
2018-05-23	160.669189
2018-05-24	160.621872
2018-05-25	160.782898
2018-05-29	160.072357
2018-05-30	161.218689
2018-05-31	161.114456
2018-06-01	163.643875
2018-06-04	165.121674
2018-06-05	165.633301
2018-06-06	166.599564
2018-06-07	165.244858
2018-06-08	165.254303
2018-06-11	165.699524
2018-06-12	166.571167
2018-06-13	166.561691
2018-06-14	168.247940
2018-06-15	167.660583
2018-06-18	167.563736
2018-06-19	167.089096
2018-06-20	168.275772
2018-06-21	166.813736
2018-06-22	166.443497
2018-06-25	162.693451
2018-06-26	163.358032
2018-06-27	161.136520
2018-06-28	162.522598
2018-06-29	162.959274
2018-07-02	164.051071
2018-07-03	162.152328
2018-07-05	164.165009
2018-07-06	166.718796
2018-07-09	168.218842
2018-07-10	168.342209
2018-07-11	167.487823
2018-07-12	170.373917
2018-07-13	170.516281
2018-07-16	170.108063
2018-07-17	171.142868
2018-07-18	170.820053
2018-07-19	169.965683
2018-07-20	169.927673
2018-07-23	170.468811
2018-07-24	171.171310
2018-07-25	173.563797
2018-07-26	170.934006
2018-07-27	168.627060
2018-07-30	166.244095
2018-07-31	167.516251
2018-08-01	168.152328
2018-08-02	170.440384
2018-08-03	170.962479
2018-08-06	171.968842
2018-08-07	172.595383
2018-08-08	172.804276
2018-08-09	172.699875
2018-08-10	171.380234
2018-08-13	171.190369
2018-08-14	172.263168
2018-08-15	170.155563
2018-08-16	170.715652
2018-08-17	170.753586
2018-08-20	170.601746
2018-08-21	171.228333
2018-08-22	171.892838
2018-08-23	171.645996
2018-08-24	173.240982
2018-08-27	175.006790
2018-08-28	175.263153
2018-08-29	177.285294
2018-08-30	176.972000
2018-08-31	177.199844
2018-09-04	176.440338
2018-09-05	174.161835
2018-09-06	172.604919
2018-09-07	171.940308
2018-09-10	172.519440
2018-09-11	173.848587
2018-09-12	173.335907
2018-09-13	175.187210
2018-09-14	174.674561
2018-09-17	172.158707
2018-09-18	173.582718
2018-09-19	173.449753
2018-09-20	175.367538
2018-09-21	174.408752
2018-09-24	174.893707
2018-09-25	175.131531
2018-09-26	175.255142
2018-09-27	176.738846
2018-09-28	176.700775
2018-10-01	177.062149
2018-10-02	176.662781
2018-10-03	176.852982
2018-10-04	173.457657
2018-10-05	171.336700
2018-10-08	170.290497
2018-10-09	170.842194
2018-10-10	163.328644
2018-10-11	161.302856
2018-10-12	165.791916
2018-10-15	163.785187
2018-10-16	168.550049
2018-10-17	168.616608
2018-10-18	164.707687
2018-10-19	164.555496
2018-10-22	165.401978
2018-10-23	164.793274
2018-10-24	157.251266
2018-10-25	162.691376
2018-10-26	158.506668
2018-10-29	155.244492
2018-10-30	157.802902
2018-10-31	161.512070
2018-11-01	163.642502
2018-11-02	161.093658
2018-11-05	160.694138
2018-11-06	161.911575
2018-11-07	166.990265
2018-11-08	165.925095
2018-11-09	163.128891
2018-11-12	158.192825
2018-11-13	158.325974
2018-11-14	157.118088
2018-11-15	159.866730
2018-11-16	159.305573
2018-11-19	154.131729
2018-11-20	151.373596
2018-11-21	152.524399
2018-11-23	151.421204
2018-11-26	154.921097
2018-11-27	155.444199
2018-11-28	160.446869
2018-11-29	159.923767
2018-11-30	161.084122
2018-12-03	163.899292
2018-12-04	157.612656
2018-12-06	158.725464
2018-12-07	153.484985
2018-12-10	155.092331
2018-12-11	155.605881
2018-12-12	156.975449
2018-12-13	157.022995
2018-12-14	153.199646
2018-12-17	149.728195
2018-12-18	150.669800
2018-12-19	146.970093
2018-12-20	144.839706
2018-12-21	140.350647
2018-12-24	136.870178
2018-12-26	145.416214
2018-12-27	145.979004
2018-12-28	145.902649
2018-12-31	147.133087
2019-01-02	147.724442
2019-01-03	142.898163
2019-01-04	149.012039
2019-01-07	150.786087
2019-01-08	152.150055
2019-01-09	153.389999
2019-01-10	153.828735
2019-01-11	153.265991
2019-01-14	151.911621
2019-01-15	154.877930
2019-01-16	154.849289
2019-01-17	156.070206
2019-01-18	157.615341
2019-01-22	154.458267
2019-01-23	154.658478
2019-01-24	155.660019
2019-01-25	157.519928
2019-01-28	155.574203
2019-01-29	154.105316
2019-01-30	158.025421
2019-01-31	160.390869
2019-02-01	159.713669
2019-02-04	161.697571
2019-02-05	163.128250
2019-02-06	162.641830
2019-02-07	160.457596
2019-02-08	160.772369
2019-02-11	160.619736
2019-02-12	162.994720
2019-02-13	163.109207
2019-02-14	163.309479
2019-02-15	163.996231
2019-02-19	164.320496
2019-02-20	164.291916
2019-02-21	163.691010
2019-02-22	164.902328
2019-02-25	165.503220
2019-02-26	165.674881
2019-02-27	165.569992
2019-02-28	165.188446
2019-03-01	166.333054
2019-03-04	166.361572
2019-03-05	166.485657
2019-03-06	165.541367
2019-03-07	163.509781
2019-03-08	163.261810
2019-03-11	166.657333
2019-03-12	167.572952
2019-03-13	168.831924
2019-03-14	168.545853
2019-03-15	170.110092
2019-03-18	170.515244
2019-03-19	171.088501
2019-03-20	171.766968
2019-03-21	174.452026
2019-03-22	170.620270
2019-03-25	170.295441
2019-03-26	171.088501
2019-03-27	169.989609
2019-03-28	170.381393
2019-03-29	171.671448
2019-04-01	173.945572
2019-04-02	174.604935
2019-04-03	175.608246
2019-04-04	175.541351
2019-04-05	176.449097
2019-04-08	176.898193
2019-04-09	176.277130
2019-04-10	177.223038
2019-04-11	176.802643
2019-04-12	177.567047
2019-04-15	177.595734
2019-04-16	178.207275
2019-04-17	178.828384
2019-04-18	179.057678
2019-04-22	179.564117
2019-04-23	181.847809
2019-04-24	181.274567
2019-04-25	182.010300
2019-04-26	182.172760
2019-04-29	182.526276
2019-04-30	181.112106
2019-05-01	180.529221
2019-05-02	179.745712
2019-05-03	182.612289
2019-05-06	181.494324
2019-05-07	177.958817
2019-05-08	177.509735
2019-05-09	176.554169
2019-05-10	176.774017
2019-05-13	170.639465
2019-05-14	172.512299
2019-05-15	174.948883
2019-05-16	176.707077
2019-05-17	174.901108
2019-05-20	171.948532
2019-05-21	173.744919
2019-05-22	172.970963
2019-05-23	170.324081
2019-05-24	170.238098
2019-05-28	169.597946
2019-05-29	168.202789
2019-05-30	168.909927
2019-05-31	166.215286
2019-06-03	162.555664
2019-06-04	167.132629
2019-06-05	168.374802
2019-06-06	169.712555
2019-06-07	172.990005
2019-06-10	175.006226
2019-06-11	175.245117
2019-06-12	174.232224
2019-06-13	175.264206
2019-06-14	174.518890
2019-06-17	175.570023
2019-06-18	178.121262
2019-06-19	178.790146
2019-06-20	180.452789
2019-06-21	180.185242
2019-06-24	180.191025
2019-06-25	177.097778
2019-06-26	177.921326
2019-06-27	178.601257
2019-06-28	178.831131
2019-07-01	181.244400
2019-07-02	181.962646
2019-07-03	183.332077
2019-07-05	182.958603
2019-07-08	181.675339
2019-07-09	182.585129
2019-07-10	184.404694
2019-07-11	184.270569
2019-07-12	185.333557
2019-07-15	185.927322
2019-07-16	184.969635
2019-07-17	184.059906
2019-07-18	184.270569
2019-07-19	182.920288
2019-07-22	184.375916
2019-07-23	185.582550
2019-07-24	186.884964
2019-07-25	185.113327
2019-07-26	187.018967
2019-07-29	186.377380
2019-07-30	185.572952
2019-07-31	183.006424
2019-08-01	182.096664
2019-08-02	179.415298
2019-08-05	173.075638
2019-08-06	175.498535
2019-08-07	176.446579
2019-08-08	180.286743
2019-08-09	178.591721
2019-08-12	176.542297
2019-08-13	180.411224
2019-08-14	175.019669
2019-08-15	174.818604
2019-08-16	177.624496
2019-08-19	180.449539
2019-08-20	179.051376
2019-08-21	180.641098
2019-08-22	180.056915
2019-08-23	174.358902
2019-08-26	176.992432
2019-08-27	176.618942
2019-08-28	177.251038
2019-08-29	179.961121
2019-08-30	179.530212
2019-09-03	177.787292
2019-09-04	180.353760
2019-09-05	183.657684
2019-09-06	183.475708
2019-09-09	183.092682
2019-09-10	182.565964
2019-09-11	184.280136
2019-09-12	185.046249
2019-09-13	184.385468
2019-09-16	183.561890
2019-09-17	184.442917
2019-09-18	184.366333
2019-09-19	184.672760
2019-09-20	182.719208
2019-09-23	182.799759
2019-09-24	180.372040
2019-09-25	182.396759
2019-09-26	181.725052
2019-09-27	179.470047
2019-09-30	181.178101
2019-10-01	179.700333
2019-10-02	176.610474
2019-10-03	178.548843
2019-10-04	181.178101
2019-10-07	180.631119
2019-10-08	177.925095
2019-10-09	179.661972
2019-10-10	181.053299
2019-10-11	183.385101
2019-10-14	183.365921
2019-10-15	185.697693
2019-10-16	185.237061
2019-10-17	185.726501
2019-10-18	183.941696
2019-10-21	185.572937
2019-10-22	184.095184
2019-10-23	184.450287
2019-10-24	186.244675
2019-10-25	187.731979
2019-10-28	189.584061
2019-10-29	188.115814
2019-10-30	189.027435
2019-10-31	189.113785
2019-11-01	190.831421
2019-11-04	192.011734
2019-11-05	192.117325
2019-11-06	191.685425
2019-11-07	192.328384
2019-11-08	193.096008
2019-11-11	192.836990
2019-11-12	193.393509
2019-11-13	193.441467
2019-11-14	193.287979
2019-11-15	194.708099
2019-11-18	194.861679
2019-11-19	195.149521
2019-11-20	193.978836
2019-11-21	193.547058
2019-11-22	193.671783
2019-11-25	195.965195
2019-11-26	196.339432
2019-11-27	197.711639
2019-11-29	196.809631
2019-12-02	194.794495
2019-12-03	193.268799
2019-12-04	194.247528
2019-12-05	194.631378
2019-12-06	196.713593
2019-12-09	195.821289
2019-12-10	195.658112
2019-12-11	196.694458
2019-12-12	198.162582
2019-12-13	198.815125
2019-12-16	200.811066
2019-12-17	200.926224
2019-12-18	201.079727
2019-12-19	202.336807
2019-12-20	203.152420
2019-12-23	203.689056
2019-12-24	203.794830
2019-12-26	205.593079
2019-12-27	205.420029
2019-12-30	204.073715
2019-12-31	204.458344
2020-01-02	207.872238
2020-01-03	205.968185
2020-01-06	207.295273
2020-01-07	207.266418
2020-01-08	208.824265
2020-01-09	210.593781
2020-01-10	210.055222
2020-01-13	212.478607
2020-01-14	211.641983
2020-01-15	211.728531
2020-01-16	213.757645
2020-01-17	214.815430
2020-01-21	214.719315
2020-01-22	215.286667
2020-01-23	215.979050
2020-01-24	214.161499
2020-01-27	209.737885
2020-01-28	212.959412
2020-01-29	213.305634
2020-01-30	214.065338
2020-01-31	210.670654
2020-02-03	213.853775
2020-02-04	218.748657
2020-02-05	219.469864
2020-02-06	221.364304
2020-02-07	220.412308
2020-02-10	223.076096
2020-02-11	223.114563
2020-02-12	225.287949
2020-02-13	224.999420
2020-02-14	225.643723
2020-02-18	225.730240
2020-02-19	227.894043
2020-02-20	225.778397
2020-02-21	221.441284
2020-02-24	212.901749
2020-02-25	207.112534
2020-02-26	208.180008
2020-02-27	197.755600
2020-02-28	197.909454
2020-03-02	208.122314
2020-03-03	201.448410
2020-03-04	209.853302
2020-03-05	203.477493
2020-03-06	200.044373
2020-03-09	186.148407
2020-03-10	196.284286
2020-03-11	187.735138
2020-03-12	170.521408
2020-03-13	184.965530
2020-03-16	162.808884
2020-03-17	175.156616
2020-03-18	169.829010
2020-03-19	170.848419
2020-03-20	164.155243
2020-03-23	164.273773
2020-03-24	176.994705
2020-03-25	175.684052
2020-03-26	184.935715
2020-03-27	178.575211
2020-03-30	185.070541
2020-03-31	183.490112
2020-04-01	175.693710
2020-04-02	179.259445
2020-04-03	176.715256
2020-04-06	189.349442
2020-04-07	189.272385
2020-04-08	193.291031
2020-04-09	193.570496
2020-04-13	195.661697
2020-04-14	204.171326
2020-04-15	201.829468
2020-04-16	205.510818
2020-04-17	207.476807
2020-04-20	205.019363
2020-04-21	197.454254
2020-04-22	203.313629
2020-04-23	202.879944
2020-04-24	206.079407
2020-04-27	207.737061
2020-04-28	203.824341
2020-04-29	211.052170
2020-04-30	210.965408
2020-05-01	205.019363
2020-05-04	207.409378
2020-05-05	209.760834
2020-05-06	211.052170
2020-05-07	213.769836
2020-05-08	216.699539
2020-05-11	218.636581
2020-05-12	214.058960
2020-05-13	211.379822
2020-05-14	213.779465
2020-05-15	215.167206
2020-05-18	219.176254
2020-05-19	218.626938
2020-05-20	222.992538
2020-05-21	220.563980
2020-05-22	221.325317
2020-05-26	220.727814
2020-05-27	221.932434
2020-05-28	221.643356
2020-05-29	224.891022
2020-06-01	225.565598
2020-06-02	227.078644
2020-06-03	228.100204
2020-06-04	226.500443
2020-06-05	230.991333
2020-06-08	232.783844
2020-06-09	234.470291
2020-06-10	237.284363
2020-06-11	225.527115
2020-06-12	227.319550
2020-06-15	230.085480
2020-06-16	234.036606
2020-06-17	234.778687
2020-06-18	235.414688
2020-06-19	235.376175
2020-06-22	238.198959
2020-06-23	240.226257
2020-06-24	235.273849
2020-06-25	237.513550
2020-06-26	231.904663
2020-06-29	234.433975
2020-06-30	239.029205
2020-07-01	241.819153
2020-07-02	243.460297
2020-07-06	249.445709
2020-07-07	247.727295
2020-07-08	250.990295
2020-07-09	253.104477
2020-07-10	254.832520
2020-07-13	249.590454
2020-07-14	251.357239
2020-07-15	251.868805
2020-07-16	250.150391
2020-07-17	250.440063
2020-07-20	257.545227
2020-07-21	254.861496
2020-07-22	255.759216
2020-07-23	249.078888
2020-07-24	246.713638
2020-07-27	251.115768
2020-07-28	247.920364
2020-07-29	250.777908
2020-07-30	252.090942
2020-07-31	256.589539
2020-08-03	260.055298
2020-08-04	261.020660
2020-08-05	261.667511
2020-08-06	265.133240
2020-08-07	262.072968
2020-08-10	260.953094
2020-08-11	256.010284
2020-08-12	262.449341
2020-08-13	263.048035
2020-08-14	262.739105
2020-08-17	265.789703
2020-08-18	268.347900
2020-08-19	266.542664
2020-08-20	270.240082
2020-08-21	272.112915
2020-08-24	273.812042
2020-08-25	275.964813
2020-08-26	281.853699
2020-08-27	280.975067
2020-08-28	282.403961
2020-08-31	284.672577
2020-09-01	289.538116
2020-09-02	292.279816
2020-09-03	277.461182
2020-09-04	273.763733
2020-09-08	260.605560
2020-09-09	268.261047
2020-09-10	262.912781
2020-09-11	261.088226
2020-09-14	265.635162
2020-09-15	269.400177
2020-09-16	265.104218
2020-09-17	260.962769
2020-09-18	257.632141
2020-09-21	258.249969
2020-09-22	263.048035
2020-09-23	255.015961
2020-09-24	256.203400
2020-09-25	262.159821
2020-09-28	267.604614
2020-09-29	266.397888
2020-09-30	268.222473
2020-10-01	272.479828
2020-10-02	264.814667
2020-10-05	270.462097
2020-10-06	265.635162
2020-10-07	270.230438
2020-10-08	271.668793
2020-10-09	275.819916
2020-10-12	284.334686
2020-10-13	284.325043
2020-10-14	281.950165
2020-10-15	280.058044
2020-10-16	278.523071
2020-10-19	273.976166
2020-10-20	274.565063
2020-10-21	274.352631
2020-10-22	274.342926
2020-10-23	274.883575
2020-10-26	270.761383
2020-10-27	272.875610
2020-10-28	262.237091
2020-10-29	266.822693
2020-10-30	260.055298
2020-11-02	260.634491
2020-11-03	265.142822
2020-11-04	276.978485
2020-11-05	284.199493
2020-11-06	284.411926
2020-11-09	278.600311
2020-11-10	273.609283
2020-11-11	279.729797
2020-11-12	278.416870
2020-11-13	280.859283
2020-11-16	283.050720
2020-11-17	282.152985
2020-11-18	280.067688
2020-11-19	282.259033
2020-11-20	280.328369
2020-11-23	280.338013
2020-11-24	284.276794
2020-11-25	286.024078
2020-11-27	288.659607
2020-11-30	289.248505
2020-12-01	292.955566
2020-12-02	293.332123
2020-12-03	293.747223
2020-12-04	294.944366
2020-12-07	296.614349
2020-12-08	297.618347
2020-12-09	290.880005
2020-12-10	292.048004
2020-12-11	291.401337
2020-12-14	293.515533
2020-12-15	296.653015
2020-12-16	298.284485
2020-12-17	300.234558
2020-12-18	299.327148
2020-12-21	298.767212
2020-12-22	299.579590
2020-12-23	298.070770
2020-12-24	299.386108
2020-12-28	302.403503
2020-12-29	302.674316
2020-12-30	302.684113
2020-12-31	303.428802
2021-01-04	299.144226
2021-01-05	301.610504
2021-01-06	297.432495
2021-01-07	304.627960
2021-01-08	308.544861
2021-01-11	304.086334
2021-01-12	303.602814
2021-01-13	305.653168
2021-01-14	304.018677
2021-01-15	301.610504
2021-01-19	306.010956
2021-01-20	313.129059
2021-01-21	315.633972
2021-01-22	314.724884
2021-01-25	317.326447
2021-01-26	317.790649
2021-01-27	308.931671
2021-01-28	310.759583
2021-01-29	304.221741
2021-02-01	311.823456
2021-02-02	316.910522
2021-02-03	315.653259
2021-02-04	319.386444
2021-02-05	320.469574
2021-02-08	322.616638
2021-02-09	322.548920
2021-02-10	321.813934
2021-02-11	323.583862
2021-02-12	325.392303
2021-02-16	324.512238
2021-02-17	322.955200
2021-02-18	321.543121
2021-02-19	320.140839
2021-02-22	311.842682
2021-02-23	310.914368
2021-02-24	313.477234
2021-02-25	302.548492
2021-02-26	303.815582
2021-03-01	312.955048
2021-03-02	307.935547
2021-03-03	298.999298
2021-03-04	294.105591
2021-03-05	298.534973
2021-03-08	290.082245
2021-03-09	301.523407
2021-03-10	300.662720
2021-03-11	307.587402
2021-03-12	305.092194
2021-03-15	308.351410
2021-03-16	310.044006
2021-03-17	311.320557
2021-03-18	301.784576
2021-03-19	302.848389
2021-03-22	308.527771
2021-03-23	307.181854
2021-03-24	302.001160
2021-03-25	301.478210
2021-03-26	306.000488
2021-03-29	305.913269
2021-03-30	304.373596
2021-03-31	309.031494
2021-04-01	314.299225
2021-04-05	320.574158
2021-04-06	320.351501
2021-04-07	321.126099
2021-04-08	324.476624
2021-04-09	326.442505
2021-04-12	326.016357
2021-04-13	329.822052
2021-04-14	325.861389
2021-04-15	330.799988
2021-04-16	331.187408
2021-04-19	328.156433
2021-04-20	325.764557
2021-04-21	328.553528
2021-04-22	324.592804
2021-04-23	328.679352
2021-04-26	330.819366
2021-04-27	329.386261
2021-04-28	328.272522
2021-04-29	329.454071
2021-04-30	327.294525
2021-05-03	325.551575
2021-05-04	319.693054
2021-05-05	318.618103
2021-05-06	321.019592
2021-05-07	323.624542
2021-05-10	315.451630
2021-05-11	315.015839
2021-05-12	306.862274
2021-05-13	309.234680
2021-05-14	316.061676
2021-05-17	314.144287
2021-05-18	312.023621
2021-05-19	312.381927
2021-05-20	318.424408
2021-05-21	316.662109
2021-05-24	321.987946
2021-05-25	322.433411
2021-05-26	323.556641
2021-05-27	322.346313
2021-05-28	323.363098
2021-06-01	322.288269
2021-06-02	322.917664
2021-06-03	319.557373
2021-06-04	324.980225
2021-06-07	325.948639
2021-06-08	326.103546
2021-06-09	326.181000
2021-06-10	329.579926
2021-06-11	330.441742
2021-06-14	333.608276
2021-06-15	331.429474
2021-06-16	330.219025
2021-06-17	334.411957
2021-06-18	331.787750
2021-06-21	333.849762
2021-06-22	336.961792
2021-06-23	337.126617
2021-06-24	339.211060
2021-06-25	338.794159
2021-06-28	342.914398
2021-06-29	344.155426
2021-06-30	343.612457
2021-07-01	343.748230
2021-07-02	347.694000
2021-07-06	349.196686
2021-07-07	349.933533
2021-07-08	347.820038
2021-07-09	349.991638
2021-07-12	351.358643
2021-07-13	351.358643
2021-07-14	351.988831
2021-07-15	349.516632
2021-07-16	346.685730
2021-07-19	343.845184
2021-07-20	347.839447
2021-07-21	350.524902
2021-07-22	352.841949
2021-07-23	356.962250
2021-07-26	357.243317
2021-07-27	353.307220
2021-07-28	354.664520
2021-07-29	355.294708
2021-07-30	353.442993
2021-08-02	353.472046
2021-08-03	355.614594
2021-08-04	356.128510
2021-08-05	358.387390
2021-08-06	356.816772
2021-08-09	357.475983
2021-08-10	355.643707
2021-08-11	355.032959
2021-08-12	356.312714
2021-08-13	357.563263
2021-08-16	357.718323
2021-08-17	354.567566
2021-08-18	351.154968
2021-08-19	352.851654
2021-08-20	356.506561
2021-08-23	361.838776
2021-08-24	362.943878
2021-08-25	363.360626
2021-08-26	361.053406
2021-08-27	364.562988
2021-08-30	368.654114
2021-08-31	368.353546
2021-09-01	368.964325
2021-09-02	368.789825
2021-09-03	369.924133
2021-09-07	370.447632
2021-09-08	369.158325
2021-09-09	367.888153
2021-09-10	365.096100
2021-09-13	364.844086
2021-09-14	363.806763
2021-09-15	366.511566
2021-09-16	366.763550
2021-09-17	362.420288
2021-09-20	354.931549
2021-09-21	355.368317
2021-09-22	358.687683
2021-09-23	361.997223
2021-09-24	362.336945
2021-09-27	359.444641
2021-09-28	349.273254
2021-09-29	348.700653
2021-09-30	347.419434
2021-10-01	349.574097
2021-10-04	342.236664
2021-10-05	346.856598
2021-10-06	349.079193
2021-10-07	352.281952
2021-10-08	350.525299
2021-10-11	347.836853
2021-10-12	346.623688
2021-10-13	349.399414
2021-10-14	355.834198
2021-10-15	358.076233
2021-10-18	361.676941
2021-10-19	364.413910
2021-10-20	363.938416
2021-10-21	366.160858
2021-10-22	363.084229
2021-10-25	366.801453
2021-10-26	367.956421
2021-10-27	368.810547
2021-10-28	372.906219
2021-10-29	374.740631
2021-11-01	376.021698
2021-11-02	377.593994
2021-11-03	381.602356
2021-11-04	386.494019
2021-11-05	386.862793
2021-11-08	386.338654
2021-11-09	383.679443
2021-11-10	378.040405
2021-11-11	379.088684
2021-11-12	383.077667
2021-11-15	382.990234
2021-11-16	385.717529
2021-11-17	385.921326
2021-11-18	389.920074
2021-11-19	392.094086
2021-11-22	387.542175
2021-11-23	385.775818
2021-11-24	387.018158
2021-11-26	379.680695
2021-11-29	387.920746
2021-11-30	382.223511
2021-12-01	375.720825
2021-12-02	378.428619
2021-12-03	371.848358
2021-12-06	374.827942
2021-12-07	386.115479
2021-12-08	387.843048
2021-12-09	382.136200
2021-12-10	386.290192
2021-12-13	380.709473
2021-12-14	376.769104
2021-12-15	385.358368
2021-12-16	375.449158
2021-12-17	373.575928
2021-12-20	369.952087
2021-12-21	378.231750
2021-12-22	382.838104
2021-12-23	385.724304
2021-12-27	392.099274
2021-12-28	390.281982
2021-12-29	390.223724
2021-12-30	389.057556
2021-12-31	386.628113
2022-01-03	390.350037
2022-01-04	385.287018
2022-01-05	373.450562
2022-01-06	373.188171
2022-01-07	369.145447
2022-01-10	369.388428
2022-01-11	374.937439
2022-01-12	376.424286
2022-01-13	367.007568
2022-01-14	369.291229
2022-01-18	360.098083
2022-01-19	356.142944
2022-01-20	351.517151
2022-01-21	341.770111
2022-01-24	343.334625
2022-01-25	335.375641
2022-01-26	334.850922
2022-01-27	331.478729
2022-01-28	341.876953
2022-01-31	352.809631
2022-02-01	355.209961
2022-02-02	358.096161
2022-02-03	343.577606
2022-02-04	347.911835
2022-02-07	345.113098
2022-02-08	348.990448
2022-02-09	356.385864
2022-02-10	348.319977
2022-02-11	337.270660
2022-02-14	337.688538
2022-02-15	346.084930
2022-02-16	345.997406
2022-02-17	335.706055
2022-02-18	331.877197
2022-02-22	328.543976
2022-02-23	320.128235
2022-02-24	330.885986
2022-02-25	336.017151
2022-02-28	337.018005
2022-03-01	331.857819
2022-03-02	337.426208
2022-03-03	332.606079
2022-03-04	327.785950
2022-03-07	315.696869
2022-03-08	314.229431
2022-03-09	325.541107
2022-03-10	321.926025
2022-03-11	315.249817
2022-03-14	309.195496
2022-03-15	318.893982
2022-03-16	330.720795
2022-03-17	334.724457
2022-03-18	341.575684
2022-03-21	340.626068
2022-03-22	347.320251
2022-03-23	342.328766
2022-03-24	349.937592
2022-03-25	349.645752
2022-03-28	355.055573
2022-03-29	361.165985
2022-03-30	357.176758
2022-03-31	352.749634
2022-04-01	352.078186
2022-04-04	359.327057
2022-04-05	351.348480
2022-04-06	343.720245
2022-04-07	344.537537
2022-04-08	339.721161
2022-04-11	331.684265
2022-04-12	330.283173
2022-04-13	336.996857
2022-04-14	329.290680
2022-04-18	329.543701
2022-04-19	336.909302
2022-04-20	331.995575
2022-04-21	325.126282
2022-04-22	316.612579
2022-04-25	320.679688
2022-04-26	308.575623
2022-04-27	308.205902
2022-04-28	319.152130
2022-04-29	304.790710
2022-05-02	309.879456
2022-05-03	310.210236
2022-05-04	320.699127
2022-05-05	304.547424
2022-05-06	300.898651
2022-05-09	289.125519
2022-05-10	292.638031
2022-05-11	283.958862
2022-05-12	283.287476
2022-05-13	293.786133
2022-05-16	290.380615
2022-05-17	297.901917
2022-05-18	283.277771
2022-05-19	281.759979
2022-05-20	280.884155
2022-05-23	285.554596
2022-05-24	279.483032
2022-05-25	283.394501
2022-05-26	291.246521
2022-05-27	300.752808
2022-05-31	299.954956
2022-06-01	297.736542
2022-06-02	305.890137
2022-06-03	297.931030
2022-06-06	298.923523
2022-06-07	301.501953
2022-06-08	299.332153
2022-06-09	291.314636
2022-06-10	281.039856
2022-06-13	267.972504
2022-06-14	268.459106
2022-06-15	275.162903
2022-06-16	264.061157
2022-06-17	267.271912
2022-06-21	274.015137
2022-06-22	273.615479
2022-06-23	277.690430
2022-06-24	287.205078
2022-06-27	285.099365
2022-06-28	276.413330
2022-06-29	276.666809
2022-06-30	273.235291
2022-07-01	275.038757
2022-07-05	279.747345
2022-07-06	281.541077
2022-07-07	287.565826
2022-07-08	287.926483
2022-07-11	281.775055
2022-07-12	279.045502
2022-07-13	278.470306
2022-07-14	279.464691
2022-07-15	284.533905
2022-07-18	282.126068
2022-07-19	290.802307
2022-07-20	295.413361
2022-07-21	299.654083
2022-07-22	294.399536
2022-07-25	292.722778
2022-07-26	286.971130
2022-07-27	299.098419
2022-07-28	302.023041
2022-07-29	307.531036
2022-08-01	307.345734
2022-08-02	306.429443
2022-08-03	314.774323
2022-08-04	316.246277
2022-08-05	313.662994
2022-08-08	312.649109
2022-08-09	309.110229
2022-08-10	317.737854
2022-08-11	315.934326
2022-08-12	322.085754
2022-08-15	324.688629
2022-08-16	323.928284
2022-08-17	320.233490
2022-08-18	321.003601
2022-08-19	314.745026
2022-08-22	306.458679
2022-08-23	306.205261
2022-08-24	307.092316
2022-08-25	312.522339
2022-08-26	299.712616
2022-08-29	296.758728
2022-08-30	293.453949
2022-08-31	291.747894
2022-09-01	291.874603
2022-09-02	287.751007
2022-09-06	285.684265
2022-09-07	291.455505
2022-09-08	292.966461
2022-09-09	299.371368
2022-09-12	302.929688
2022-09-13	286.317993
2022-09-14	288.589355
2022-09-15	283.783356
2022-09-16	282.048126
2022-09-19	284.244446
2022-09-20	281.978699
2022-09-21	276.929535
2022-09-22	273.521240
2022-09-23	269.067810
2022-09-26	267.954529
2022-09-27	268.061890
2022-09-28	273.394226
2022-09-29	265.512939
2022-09-30	261.010742
2022-10-03	267.134064
2022-10-04	275.533051
2022-10-05	275.386536
2022-10-06	273.218414
2022-10-07	262.807709
2022-10-10	260.180634
2022-10-11	256.606171
2022-10-12	256.518280
2022-10-13	262.534302
2022-10-14	254.643173
2022-10-17	263.051941
2022-10-18	265.132019
2022-10-19	264.165161
2022-10-20	262.817474
2022-10-21	268.979919
2022-10-24	271.939056
2022-10-25	277.564331
2022-10-26	271.431244
2022-10-27	266.489532
2022-10-28	274.644226
2022-10-31	271.450806
2022-11-01	268.677124
2022-11-02	259.467682
2022-11-03	254.398987
2022-11-04	258.491028
2022-11-07	261.333008
2022-11-08	263.237366
2022-11-09	257.162781
2022-11-10	276.138580
2022-11-11	281.226654
2022-11-14	278.765594
2022-11-15	282.623260
2022-11-16	278.765594
2022-11-17	278.150330
2022-11-18	278.160065
2022-11-21	275.298706
2022-11-22	279.263702
2022-11-23	282.066559
2022-11-25	280.211029
2022-11-28	276.099487
2022-11-29	274.009460
2022-11-30	286.500458
2022-12-01	286.852051
2022-12-02	285.709351
2022-12-05	280.914185
2022-12-06	275.093536
2022-12-07	273.970428
2022-12-08	277.212830
2022-12-09	275.445160
2022-12-12	278.902283
2022-12-13	281.900604
2022-12-14	279.810608
2022-12-15	270.415619
2022-12-16	267.837311
2022-12-19	264.073212
2022-12-20	263.867584
2022-12-21	267.695374
2022-12-22	261.146118
2022-12-23	261.733490
2022-12-27	258.033051
2022-12-28	254.626297
2022-12-29	260.832886
2022-12-30	260.676239
2023-01-03	258.914124
2023-01-04	260.147522
2023-01-05	256.075012
2023-01-06	263.143158
2023-01-09	264.846588
2023-01-10	267.088409
2023-01-11	271.708984
2023-01-12	273.177460
2023-01-13	275.057037
2023-01-17	275.615082
2023-01-18	272.032104
2023-01-19	269.359589
2023-01-20	276.731110
2023-01-23	282.878906
2023-01-24	282.301361
2023-01-25	281.674835
2023-01-26	287.166809
2023-01-27	290.025360
2023-01-30	284.161346
2023-01-31	288.419830
2023-02-01	294.587219
2023-02-02	305.160004
2023-02-03	299.736542
2023-02-06	297.201050
2023-02-07	303.358704
2023-02-08	297.964600
2023-02-09	295.331207
2023-02-10	293.392944
2023-02-13	298.091888
2023-02-14	300.294586
2023-02-15	302.595154
2023-02-16	296.917175
2023-02-17	294.822144
2023-02-21	287.842255
2023-02-22	288.057556
2023-02-23	290.573608
2023-02-24	285.708130
2023-02-27	287.754120
2023-02-28	287.382141
2023-03-01	285.071838
2023-03-02	287.431061
2023-03-03	293.373322
2023-03-06	293.706146
2023-03-07	290.103638
2023-03-08	291.552460
2023-03-09	286.501099
2023-03-10	282.477600
2023-03-13	284.572571
2023-03-14	291.111938
2023-03-15	292.639130
2023-03-16	300.353271
2023-03-17	298.933746
2023-03-20	299.994659
2023-03-21	304.279358
2023-03-22	300.141754
2023-03-23	303.700897
2023-03-24	304.818604
2023-03-27	302.730225
2023-03-28	301.122192
2023-03-29	306.612854
2023-03-30	309.515045
2023-03-31	314.662506
2023-04-03	313.897736
2023-04-04	312.838837
2023-04-05	309.750336
2023-04-06	311.838745
2023-04-10	311.662323
2023-04-11	309.662109
2023-04-12	306.926697
2023-04-13	312.936890
2023-04-14	312.348633
2023-04-17	312.613342
2023-04-18	312.632904
2023-04-19	312.485840
2023-04-20	310.103333
2023-04-21	310.426849
2023-04-24	309.779785
2023-04-25	303.936157
2023-04-26	305.779419
2023-04-27	314.093842
2023-04-28	316.260712
2023-05-01	315.897949
2023-05-02	313.142853
2023-05-03	311.093628
2023-05-04	309.995483
2023-05-05	316.584259
2023-05-08	317.368622
2023-05-09	315.358643
2023-05-10	318.790283
2023-05-11	319.829559
2023-05-12	318.682434
2023-05-15	320.408081
2023-05-16	320.770874
2023-05-17	324.653503
2023-05-18	330.683350
2023-05-19	329.938263
2023-05-22	331.046204
2023-05-23	326.849701
2023-05-24	325.173187
2023-05-25	333.085602
2023-05-26	341.596069
2023-05-30	343.145203
2023-05-31	341.194031
2023-06-01	345.135529
2023-06-02	347.723999
2023-06-05	347.969147
2023-06-06	347.910309
2023-06-07	342.007874
2023-06-08	346.253235
2023-06-09	347.576935
2023-06-12	353.449951
2023-06-13	356.165863
2023-06-14	358.754272
2023-06-15	363.029144
2023-06-16	360.744598
2023-06-20	360.228241
2023-06-21	355.319153
2023-06-22	359.511536
2023-06-23	355.947510
2023-06-26	351.175873
2023-06-27	357.214020
2023-06-28	357.911102
2023-06-29	357.194427
2023-06-30	362.702454
2023-07-03	363.556580
2023-07-05	363.546753
2023-07-06	360.778046
2023-07-07	359.580231
2023-07-10	359.698090
2023-07-11	361.475159
2023-07-12	366.040619
2023-07-13	372.255432
2023-07-14	372.176941
2023-07-17	375.652496
2023-07-18	378.725586
2023-07-19	378.637329
2023-07-20	369.908905
2023-07-21	368.799500
2023-07-24	369.388611
2023-07-25	371.892212
2023-07-26	370.655090
2023-07-27	369.771454
2023-07-28	376.506805
2023-07-31	376.703033
2023-08-01	375.829285
2023-08-02	367.582031
2023-08-03	366.992920
2023-08-04	365.274780
2023-08-07	368.367462
2023-08-08	365.235474
2023-08-09	361.219849
2023-08-10	361.887482
2023-08-11	359.580231
2023-08-14	363.615509
2023-08-15	359.756927
2023-08-16	355.947510
2023-08-17	352.059540
2023-08-18	351.617706
2023-08-21	357.282745
2023-08-22	356.772217
2023-08-23	362.397949
2023-08-24	354.651550
2023-08-25	357.400574
2023-08-28	360.090820
2023-08-29	367.955109
2023-08-30	370.007111
2023-08-31	371.116516
2023-09-01	370.723785
2023-09-05	371.195068
2023-09-06	367.925690
2023-09-07	365.294403
2023-09-08	365.804993
2023-09-11	370.115143
2023-09-12	366.011108
2023-09-13	367.405273
2023-09-14	370.409698
2023-09-15	364.067078
2023-09-18	364.446686
2023-09-19	363.669861
2023-09-20	358.429199
2023-09-21	351.861176
2023-09-22	351.910339
2023-09-25	353.581818
2023-09-26	348.272430
2023-09-27	349.088470
2023-09-28	352.008728
2023-09-29	352.264282
2023-10-02	355.204224
2023-10-03	348.970490
2023-10-04	353.719543
2023-10-05	352.677307
2023-10-06	358.586517
2023-10-09	360.415344
2023-10-10	362.411407
2023-10-11	364.997284
2023-10-12	363.728912
2023-10-13	359.156769
2023-10-16	363.217560
2023-10-17	362.027893
2023-10-18	357.278839
2023-10-19	353.935852
2023-10-20	348.655853
2023-10-23	349.707977
2023-10-24	353.109924
2023-10-25	344.467255
2023-10-26	337.899261
2023-10-27	339.521545
2023-10-30	343.346375
2023-10-31	344.988373
2023-11-01	350.976288
2023-11-02	357.347717
2023-11-03	361.546112
2023-11-06	363.020935
2023-11-07	366.452423
2023-11-08	366.688416
2023-11-09	363.866547
2023-11-10	372.047058
2023-11-13	370.886780
2023-11-14	378.870728
2023-11-15	379.155884
2023-11-16	379.480377
2023-11-17	379.568817
2023-11-20	384.190002
2023-11-21	381.958130
2023-11-22	383.521423
2023-11-24	382.980713
2023-11-27	382.646393
2023-11-28	383.649261
2023-11-29	383.275604
2023-11-30	382.312103
2023-12-01	383.403503
2023-12-04	379.844177
2023-12-05	380.797821
2023-12-06	378.595428
2023-12-07	383.885223
2023-12-08	385.596100
2023-12-11	388.889893
2023-12-12	391.987091
2023-12-13	396.972137
2023-12-14	396.627991
2023-12-15	398.545288
2023-12-18	401.055573
2023-12-19	403.104797
2023-12-20	397.114807
2023-12-21	401.735382
2023-12-22	402.336334
2023-12-26	404.799408
2023-12-27	405.623413
2023-12-28	405.426300
2023-12-29	403.671692
2024-01-02	396.840698
2024-01-03	392.641510
2024-01-04	390.620819
2024-01-05	391.084106
2024-01-08	399.166992
2024-01-09	399.955566
2024-01-10	402.666321
2024-01-11	403.504150
2024-01-12	403.711121
2024-01-16	403.671692
2024-01-17	401.394684
2024-01-18	407.092163
2024-01-19	415.165192
2024-01-22	415.707367
2024-01-23	417.432343
2024-01-24	419.748810
2024-01-25	420.261322
2024-01-26	417.757629
2024-01-29	422.035614
2024-01-30	419.226318
2024-01-31	411.015320
2024-02-01	415.855164
2024-02-02	422.883423
2024-02-05	422.331360
2024-02-06	421.483643
2024-02-07	425.820801
2024-02-08	426.609406
2024-02-09	430.808533
2024-02-12	429.122955
2024-02-13	422.429932
2024-02-14	427.033234
2024-02-15	428.304871
2024-02-16	424.421082
2024-02-20	421.217499
2024-02-21	419.531891
2024-02-22	431.814026
2024-02-23	430.542389
2024-02-26	430.315704
2024-02-27	431.350708
2024-02-28	429.053955
2024-02-29	432.730743
2024-03-01	439.246246
2024-03-04	437.679016
2024-03-05	429.822845
2024-03-06	432.523712
2024-03-07	439.088654
2024-03-08	432.750427
2024-03-11	431.143707
2024-03-12	437.324188
2024-03-13	433.962891
2024-03-14	432.868683
2024-03-15	427.723267
2024-03-18	431.802673
2024-03-19	432.878479
2024-03-20	438.010986
2024-03-21	440.083801
2024-03-22	440.587128
2024-03-25	438.988190
2024-03-26	437.566864
2024-03-27	439.057190
2024-03-28	438.247894
2024-04-01	439.175720
2024-04-02	435.385529
2024-04-03	436.362701
2024-04-04	429.690430
2024-04-05	434.753815
2024-04-08	434.882202
2024-04-09	436.491028
2024-04-10	432.681091
2024-04-11	439.590179
2024-04-12	432.582367
2024-04-15	425.465942
2024-04-16	425.505432
2024-04-17	420.313690
2024-04-18	417.915283
2024-04-19	409.268890
2024-04-22	413.384796
2024-04-23	419.553680
2024-04-24	420.975006
2024-04-25	418.941742
2024-04-26	425.406738
2024-04-29	427.133972
2024-04-30	419.079895
2024-05-01	416.049744
2024-05-02	421.359924
2024-05-03	429.828552
2024-05-06	434.536682
2024-05-07	434.605774
2024-05-08	434.349121
2024-05-09	435.296661
2024-05-10	436.323212
2024-05-13	437.329926
2024-05-14	440.143005
2024-05-15	447.022614
2024-05-16	446.114441
2024-05-17	445.897339
2024-05-20	449.006470
2024-05-21	449.884888
2024-05-22	449.796051
2024-05-23	447.772675
2024-05-24	452.007019
2024-05-28	453.714539
2024-05-29	450.516571
2024-05-30	445.689972
2024-05-31	444.860962
2024-06-03	447.249542
2024-06-04	448.473419
2024-06-05	457.514587
2024-06-06	457.356628
2024-06-07	456.951965
2024-06-10	458.797699
2024-06-11	461.946350
2024-06-12	467.996674
2024-06-13	470.533417
2024-06-14	472.971344
2024-06-17	478.765137
2024-06-18	478.913208
2024-06-20	475.221741
2024-06-21	473.948486
2024-06-24	468.552734
2024-06-25	473.910889
2024-06-26	474.889618
2024-06-27	476.115479
2024-06-28	473.644012
2024-07-01	476.421936
2024-07-02	481.424255
2024-07-03	485.437927
2024-07-05	490.499512
2024-07-08	491.666077
2024-07-09	492.091125
2024-07-10	497.221893
2024-07-11	486.317780
2024-07-12	489.174805
2024-07-15	490.489624
2024-07-16	490.677399
2024-07-17	476.273682
2024-07-18	474.019684
2024-07-19	469.818146
2024-07-22	476.817383
2024-07-23	475.136780
2024-07-24	458.093506
2024-07-25	453.041748
2024-07-26	457.688171
2024-07-29	458.607544
2024-07-30	452.310242
2024-07-31	465.695740
2024-08-01	454.415924
2024-08-02	443.630402
2024-08-05	430.403015
2024-08-06	434.515564
2024-08-07	429.809875
2024-08-08	442.958130
2024-08-09	445.271454
2024-08-12	446.230347
2024-08-13	457.302582
2024-08-14	457.450897
2024-08-15	469.007538
2024-08-16	469.610626
2024-08-19	475.779358
2024-08-20	474.780945
2024-08-21	476.995361
2024-08-22	469.432617
2024-08-23	474.523804
2024-08-26	469.917084
2024-08-27	471.320831
2024-08-28	465.972565
2024-08-29	465.290466
2024-08-30	470.836395
2024-09-03	456.541382
2024-09-04	455.355072
2024-09-05	455.780151
2024-09-06	443.571014
2024-09-09	449.275208
2024-09-10	453.427307
2024-09-11	463.273712
2024-09-12	467.821228
2024-09-13	469.917084
2024-09-16	467.840942
2024-09-17	468.088165
2024-09-18	466.061523
2024-09-19	477.845581
2024-09-20	476.936035
2024-09-23	478.200226
2024-09-24	480.506866
2024-09-25	480.952362
2024-09-26	484.565826
2024-09-27	481.873047
2024-09-30	483.179871
2024-10-01	476.447968
2024-10-02	477.121155
2024-10-03	476.764771
2024-10-04	482.437347
2024-10-07	477.269653
2024-10-08	484.397461
2024-10-09	488.208923
2024-10-10	487.654572
2024-10-11	488.416779
2024-10-14	492.515350
2024-10-15	485.931946
2024-10-16	485.991333
2024-10-17	486.327972
2024-10-18	489.515686
2024-10-21	490.456177
2024-10-22	490.990814
2024-10-23	483.466858
2024-10-24	487.387207
2024-10-25	490.357178
2024-10-28	490.436401
2024-10-29	495.148682
2024-10-30	491.406555
2024-10-31	479.002136
2024-11-01	482.546204
2024-11-04	481.140472
2024-11-05	487.278320
2024-11-06	500.514374
2024-11-07	508.394562
2024-11-08	508.988678
2024-11-11	508.691650
2024-11-12	507.770905
2024-11-13	507.117554
2024-11-14	503.593231
2024-11-15	491.594666
2024-11-18	495.010101
2024-11-19	498.415649
2024-11-20	498.128540
2024-11-21	499.920410
2024-11-22	500.722290
2024-11-25	501.514282
2024-11-26	504.207031
2024-11-27	500.237152
2024-11-29	504.632660
2024-12-02	510.127106
2024-12-03	511.691223
2024-12-04	518.017334
2024-12-05	516.581726
2024-12-06	521.204895
2024-12-09	517.146057
2024-12-10	515.383850
2024-12-11	524.610535
2024-12-12	521.224792
2024-12-13	525.214478
2024-12-16	532.777771
2024-12-17	530.431580
2024-12-18	511.295258
2024-12-19	509.018372
2024-12-20	513.463318
2024-12-23	518.465820
2024-12-24	525.496155
2024-12-26	525.139160
2024-12-27	518.158386
2024-12-30	511.266968
2024-12-31	506.923828
2025-01-02	505.932312
2025-01-03	514.211975
2025-01-06	520.121704
2025-01-07	510.840607
2025-01-08	510.929840
2025-01-10	502.917877
2025-01-13	501.301666
2025-01-14	500.825653
2025-01-15	512.347839
2025-01-16	508.758331
2025-01-17	517.345337
2025-01-21	520.379578
2025-01-22	527.033081
2025-01-23	528.153503
2025-01-24	525.168884
2025-01-27	509.878815
2025-01-28	517.414673
2025-01-29	516.443054
2025-01-30	518.644226
2025-01-31	517.890686
2025-02-03	513.745911
2025-02-04	520.052368
2025-02-05	522.412292
2025-02-06	525.139160
2025-02-07	518.515320
2025-02-10	524.792053
2025-02-11	523.542786
2025-02-12	523.850098
2025-02-13	531.386108
2025-02-14	533.617188
2025-02-18	534.826782
2025-02-19	534.975647
2025-02-20	532.704834
2025-02-21	521.648926
2025-02-24	515.491089
2025-02-25	508.996307
2025-02-26	510.225800
2025-02-27	496.056183
2025-02-28	503.889709
2025-03-03	492.863312
2025-03-04	491.375977
2025-03-05	497.781525
2025-03-06	484.087891
2025-03-07	487.647644
2025-03-10	468.748199
2025-03-11	467.627747
2025-03-12	472.902924
2025-03-13	464.395172
2025-03-14	475.619812
2025-03-17	478.703583
2025-03-18	470.542938
2025-03-19	476.839447
2025-03-20	475.223236
2025-03-21	476.789825
2025-03-24	487.252716
2025-03-25	490.033234
2025-03-26	481.016296
2025-03-27	478.275482
2025-03-28	465.683533
2025-03-31	465.663696
2025-04-01	469.417419
2025-04-02	472.843414
2025-04-03	447.530457
2025-04-04	419.734833
2025-04-07	420.747772
2025-04-08	413.170746
2025-04-09	462.763977
2025-04-10	443.081604
2025-04-11	451.244446
2025-04-14	454.303101
2025-04-15	454.809540
2025-04-16	441.095459
2025-04-17	441.015991
2025-04-21	430.102325
2025-04-22	441.393402
2025-04-23	451.403351
2025-04-24	464.104553
2025-04-25	469.278351
2025-04-28	469.129425
2025-04-29	472.227753
2025-04-30	472.168182
2025-05-01	478.335022
2025-05-02	485.435425
2025-05-05	482.555481
2025-05-06	478.066956
2025-05-07	479.943787
2025-05-08	484.899170
2025-05-09	484.581360
2025-05-12	504.323334
2025-05-13	512.009644
2025-05-14	515.078125
2025-05-15	515.644043
2025-05-16	517.888489
2025-05-19	518.385071
2025-05-20	516.657043
2025-05-21	509.477234
2025-05-22	510.430664
2025-05-23	505.703644
2025-05-27	517.600464
2025-05-28	515.306335
2025-05-29	516.319397
2025-05-30	515.505127
2025-06-02	519.576599
2025-06-03	523.638245
2025-06-04	525.098022
2025-06-05	521.145630
2025-06-06	526.240051
2025-06-09	527.014648
2025-06-10	530.500305
2025-06-11	528.712708
2025-06-12	529.953979
2025-06-13	523.300720
2025-06-16	530.579590
2025-06-17	525.406006
2025-06-18	525.316528
2025-06-20	523.171509
2025-06-23	528.551025
2025-06-24	536.633606
2025-06-25	538.005432
2025-06-26	543.036011
2025-06-27	544.895142
2025-06-30	548.424438
2025-07-01	543.801575
2025-07-02	547.589233
2025-07-03	552.977722
2025-07-07	548.812256
2025-07-08	549.120361
2025-07-09	553.007568
2025-07-10	552.212280
2025-07-11	550.969543
2025-07-14	552.967896
2025-07-15	553.474792
2025-07-16	554.041565
2025-07-17	558.525269
2025-07-18	557.988403
2025-07-21	560.881409
2025-07-22	557.978455
2025-07-23	560.523499
2025-07-24	561.716553
2025-07-25	563.068542
2025-07-28	564.828369
2025-07-29	563.953369
2025-07-30	564.708984
2025-07-31	561.716553
2025-08-01	550.651428
2025-08-04	560.811768
2025-08-05	557.004150
2025-08-06	564.013062
2025-08-07	565.921875
2025-08-08	571.200928
2025-08-11	569.510803
2025-08-12	576.668823
2025-08-13	576.957214
2025-08-14	576.509827
2025-08-15	573.974609
2025-08-18	573.745972
2025-08-19	565.961609
2025-08-20	562.601379
2025-08-21	559.996643
2025-08-22	568.635986
2025-08-25	566.995667
2025-08-26	569.272156
2025-08-27	570.147095
2025-08-28	573.716187
2025-08-29	567.075073
2025-09-02	562.322998
2025-09-03	566.747009
2025-09-04	571.876892
2025-09-05	572.702026
2025-09-08	575.495667
2025-09-09	577.126160
2025-09-10	577.315125
2025-09-11	580.675354
2025-09-12	583.240295
2025-09-15	588.231079
2025-09-16	587.733948
2025-09-17	586.560852
2025-09-18	591.849854
2025-09-19	595.856323
2025-09-22	599.383789
2025-09-23	595.402466
2025-09-24	593.312317
2025-09-25	590.754395
2025-09-26	593.182861
2025-09-29	595.929993
2025-09-30	597.562378
2025-10-01	600.428833
2025-10-02	602.897217
2025-10-03	600.359192
2025-10-06	604.867981
2025-10-07	601.682983
2025-10-08	608.580566
2025-10-09	607.844116
2025-10-10	586.743164
2025-10-13	599.194641
2025-10-14	595.203430
2025-10-15	599.403748
2025-10-16	597.184204
2025-10-17	601.105713
2025-10-20	608.680054
2025-10-21	608.520874
2025-10-22	602.658386
2025-10-23	607.724609
2025-10-24	614.214050
2025-10-27	625.152771
2025-10-28	629.960083
2025-10-29	632.796814
2025-10-30	623.122253
2025-10-31	626.128113
2025-11-03	629.124023
2025-11-04	616.354065
2025-11-05	620.365234
2025-11-06	608.809509
2025-11-07	606.888489
2025-11-10	620.315430
2025-11-11	618.663208
2025-11-12	618.175476
2025-11-13	605.554810
2025-11-14	606.012634
2025-11-17	600.836975
2025-11-18	593.521301
2025-11-19	597.064697
2025-11-20	582.931091
2025-11-21	587.310486
2025-11-24	602.329956
2025-11-25	606.042542
2025-11-26	611.397339
2025-11-28	616.354065
2025-12-01	614.283752
2025-12-02	619.091187
2025-12-03	620.604126
2025-12-04	620.026794
2025-12-05	622.554932
2025-12-08	621.360535
2025-12-09	622.126892
2025-12-10	624.674927
2025-12-11	622.654541
2025-12-12	610.750366
2025-12-15	607.684753
2025-12-16	608.889099
2025-12-17	597.602112
2025-12-18	606.261475
2025-12-19	614.164368
2025-12-22	617.108276
2025-12-23	619.998413
2025-12-24	621.812317
2025-12-26	621.772400
2025-12-29	618.762634
2025-12-30	617.327515
2025-12-31	612.224915
2026-01-02	611.039001
2026-01-05	615.892395
2026-01-06	621.304016
2026-01-07	621.902039
2026-01-08	618.364014
2026-01-09	624.523071
2026-01-12	625.041260
2026-01-13	624.114441
2026-01-14	617.447144
2026-01-15	619.669617
2026-01-16	619.151367
2026-01-20	605.996155
2026-01-21	614.188232
2026-01-22	618.653015
2026-01-23	620.606384
2026-01-26	623.337097
2026-01-27	628.987854
2026-01-28	631.070740
2026-01-29	627.293640
2026-01-30	619.759277
2026-02-02	624.014832
2026-02-03	614.427429
2026-02-04	603.693970
2026-02-05	595.003662
2026-02-06	607.580750
2026-02-09	612.234924
2026-02-10	609.394531
2026-02-11	611.028992
2026-02-12	598.601318
2026-02-13	599.877014
2026-02-17	599.259033
2026-02-18	603.733826
2026-02-19	601.421692
2026-02-20	606.743591
2026-02-23	599.368652
2026-02-24	605.806763
2026-02-25	614.586853
2026-02-26	607.172119
2026-02-27	605.228699
2026-03-02	606.026062
2026-03-03	599.538147
2026-03-04	608.677002
2026-03-05	606.843201
2026-03-06	597.714355
2026-03-09	605.697144
2026-03-10	605.707153
2026-03-11	605.627380
2026-03-12	595.232849
2026-03-13	591.704773
2026-03-16	598.342224
2026-03-17	601.262268
2026-03-18	592.880859
2026-03-19	591.007202
2026-03-20	580.084412
2026-03-23	586.743164
2026-03-24	582.731689
2026-03-25	586.563538
2026-03-26	572.563477
2026-03-27	561.377502
2026-03-30	557.086670
2026-03-31	575.946228
2026-04-01	583.061035
2026-04-02	583.729553
2026-04-06	587.242065
2026-04-07	587.331909
2026-04-08	604.794495
2026-04-09	608.885742
2026-04-10	609.763855
2026-04-13	616.070312
2026-04-14	627.256287
2026-04-15	636.037537
2026-04-16	639.100952
2026-04-17	647.463013
2026-04-20	645.407410
2026-04-21	642.952698
2026-04-22	653.709717
2026-04-23	650.027527
2026-04-24	662.460938
2026-04-27	662.810181
2026-04-28	656.144470
2026-04-29	660.155884
2026-04-30	666.312622
2026-05-01	672.708984
2026-05-04	671.441711
2026-05-05	680.153015
2026-05-06	694.282776
2026-05-07	693.454529
2026-05-08	709.709717
2026-05-11	711.765259
2026-05-12	705.728210
2026-05-13	713.182312
2026-05-14	718.251404
2026-05-15	707.414673
2026-05-18	704.371155
2026-05-19	700.030518
2026-05-20	711.625671
2026-05-21	712.982727
2026-05-22	716.006226
2026-05-26	728.719055
2026-05-27	727.890808
2026-05-28	734.027588
2026-05-29	736.731812
2026-06-01	741.152405
2026-06-02	744.565002
2026-06-03	742.619263
2026-06-04	739.026917
2026-06-05	703.552917
2026-06-08	714.539368
2026-06-09	706.316956
2026-06-10	692.207214
2026-06-11	715.587097
2026-06-12	719.798096
2026-06-15	742.409668
2026-06-16	728.299866
2026-06-17	720.965576
2026-06-18	739.036926
2026-06-22	737.181824
2026-06-23	712.907166
2026-06-24	709.880310
2026-06-25	715.634277
2026-06-26	705.784607
2026-06-29	723.326294
2026-06-30	735.633484
2026-07-01	724.415100
2026-07-02	711.858215
2026-07-06	722.067627
2026-07-07	708.691528
2026-07-08	710.699463
2026-07-09	722.527161
2026-07-10	724.754822
2026-07-13	710.999084
2026-07-14	718.940857
2026-07-15	716.992859
2026-07-16	705.205139
2026-07-17	694.606201
2026-07-20	695.335449
2026-07-21	708.231995
2026-07-22	704.615723
2026-07-23	691.239746
2026-07-24	683.517761
2026-07-27	681.409973
2026-07-28	674.786865
2026-07-29	661.041138
2026-07-30	682.838440
2026-07-31	687.273865
2026-08-03	699.341309
2026-08-04	723.096497
2026-08-05	716.553345
2026-08-06	713.906128
2026-08-07	722.277405
2026-08-10	720.119629
2026-08-11	717.702148
2026-08-12	722.946716
2026-08-13	731.307983
2026-08-14	730.309021
2026-08-17	729.110229
2026-08-18	716.763123
2026-08-19	715.334595
2026-08-20	710.189941
2026-08-21	712.697388
2026-08-24	705.584778
2026-08-25	709.980164
2026-08-26	710.629517
2026-08-27	720.359375
2026-08-28	715.684265
2026-08-31	716.013916
2026-09-01	706.903381
2026-09-02	708.501709
2026-09-03	716.922913
2026-09-04	718.211609
2026-09-08	717.612244
2026-09-09	715.564392
2026-09-10	707.952332
2026-09-11	714.135864
2026-09-14	708.441772
2026-09-15	703.806580
2026-09-16	703.986389
2026-09-17	716.173706
2026-09-18	720.699036
2026-09-21	741.469971
2026-09-22	747.460022
2026-09-23	741.210022
2026-09-24	741.099976
2026-09-25	744.500000
2026-09-28	736.530029
